197	Betfair/stream/tennis_live/tennis_runner.py
192	Betfair/stream/live_order_worker.py
137	Betfair/stream/scalper/validazione_hazard/candidati.py
107	Betfair/stream/tennis_scalper/tennis_flb_bot.py
101	Betfair/stream/scalper/scalper_session.py
89	Betfair/omega/certificazione.py
75	Betfair/stream/scalper/theta_bot.py
75	Betfair/mike/certificazione.py
74	Betfair/omega/tools/replay_registrazioni.py
71	Betfair/stream/tennis_live/tennis_recorder.py
71	Betfair/stream/scalper/atlante_v4.py
68	Betfair/stream/tennis_live/tennis_bot_service.py
65	Betfair/omega/omega_proposte.py
55	Betfair/safe_strategy/proposte_opportunita.py
51	Betfair/stream/tennis_scalper/tennis_pro_bot.py
49	Betfair/omega/omega_config.py
48	Betfair/stream/scalper/scalper_service.py
41	Betfair/stream/risk_engine_worker.py
40	Betfair/safe_strategy/bot_db.py
36	Betfair/stream/trading/submin.py
36	Betfair/stream/backtest/trasporto_rapido.py
36	Betfair/safe_strategy/tools/replay_registrazioni.py
35	Betfair/stream/backtest/certifica.py
34	Betfair/stream/scalper/validazione_hazard/stati.py
33	Betfair/stream/backtest/proposte_modello.py
33	Betfair/safe_strategy/certificazione.py
32	Betfair/stream/trading/dutching.py
31	Betfair/safe_strategy/tennis_opportunity.py
29	Betfair/stream/tennis_replay/caricamento.py
29	Betfair/safe_strategy/risk.py
25	Betfair/stream/tennis_replay/importa.py
24	Betfair/safe_strategy/tools/validate_opportunity.py
23	Betfair/omega/omega_market.py
22	Betfair/stream/tennis_live/esecutore_tennis.py
22	Betfair/stream/scalper/genera_atlante.py
22	Betfair/stream/raw_listener.py
21	Betfair/stream/motore_ordini.py
20	Betfair/stream/tennis_live/chiusura_manuale.py
20	Betfair/stream/scalper/sniper_bot.py
20	Betfair/stream/scalper/hazard_atlas.py
17	Betfair/stream/trading/controls.py
16	Betfair/omega/omega_db.py
15	Betfair/stream/scalper/auto_mode.py
15	Betfair/stream/backtest/porta_banco.py
15	Betfair/stream/backtest/chiusura_parziale.py
15	Betfair/stream/auto_follow.py
14	Betfair/stream/xhedge_worker.py
14	Betfair/stream/tennis_live/certificazione_bot.py
13	Betfair/stream/uploader.py
13	Betfair/omega/tools/misura_k.py
12	Betfair/stream/tennis_scalper/condotta_ordini.py
12	Betfair/stream/scalper/atlante_a_domanda.py
12	Betfair/safe_strategy/selezione.py
12	Betfair/betfair_match.py
11	Betfair/stream/tools/validate_recordings.py
11	Betfair/stream/tennis_live/ordini_esterni_tennis.py
11	Betfair/stream/scalper/hazard_atlas_sync.py
11	Betfair/stream/esiti_ordini_canale.py
11	Betfair/stream/backtest/uscite_manuali.py
10	per_fixture_backfill.py
10	Betfair/stream/trading/hedging.py
10	Betfair/stream/tennis_scalper/run_tennis_scalper.py
10	Betfair/stream/scalper/certificazione.py
9	Betfair/stream/backtest/applica_bot.py
9	Betfair/safe_strategy/porta_ordini.py
8	seasons_catchup.py
8	Betfair/stream/trading/xhedge.py
8	Betfair/stream/tennis_replay/convertitore.py
8	Betfair/stream/riserva_prezzi.py
7	season_gaps.py
7	Betfair/safe_strategy/certificazione_tennis.py
6	Betfair/stream/watchlist.py
6	Betfair/stream/tennis_scalper/tennis_winprob.py
6	Betfair/safe_strategy/pressure.py
5	betfair_tennis_odds.py
5	Betfair/stream/tennis_live/guardie_tennis.py
5	Betfair/stream/engine/live_trading_strategy.py
5	Betfair/stream/backtest/sim_strategy.py
4	Betfair/stream/tennis_scalper/ordini_esterni.py
4	Betfair/stream/tennis_live/auto_mode.py
4	Betfair/stream/scalper/validazione_hazard/forza.py
4	Betfair/stream/curator.py
4	Betfair/stream/avvio_app.py
4	Betfair/safe_strategy/certificazione_k.py
3	Betfair/stream/trading/esposizione_fuori_bot.py
3	Betfair/stream/tennis_live/tennis_db.py
3	Betfair/stream/canale_bot.py
3	Betfair/stream/backtest/registro_bot.py
3	Betfair/omega/porta_ordini.py
3	Betfair/mike/porta_ordini.py
3	Betfair/mike/feed.py
2	Betfair/stream/uscite_proposte.py
2	Betfair/stream/trading/daily_pnl.py
2	Betfair/stream/tennis_live/mercati_registrati.py
2	Betfair/stream/config_stream.py
2	Betfair/safe_strategy/arresto_bot.py
1	db_client.py
1	Betfair/stream/valuta.py
1	Betfair/stream/trading/__init__.py
1	Betfair/stream/scalper/risk_semaphore.py
1	Betfair/stream/scalper/__init__.py
1	Betfair/stream/daily_stop_worker.py
1	Betfair/stream/backtest/varianti_bot.py
1	Betfair/safe_strategy/stream.py
1	Betfair/safe_strategy/scanner.py
1	Betfair/omega/omega_empirical.py
0	leagues_mapper.py
0	Betfair/stream/trading/stato_mercato.py
0	Betfair/stream/tempi_ordine.py
0	Betfair/stream/stream_muto.py
0	Betfair/stream/scores/scan_feed.py
0	Betfair/stream/scores/poller.py
0	Betfair/stream/scalper/validazione_hazard/dati.py
0	Betfair/stream/saldo_evento.py
0	Betfair/stream/recorder.py
0	Betfair/stream/orologio.py
0	Betfair/stream/modo_ordini.py
0	Betfair/stream/ladder_canale.py
0	Betfair/stream/frammenti_mercato.py
0	Betfair/stream/flusso_prezzi.py
0	Betfair/stream/backtest/trasporto.py
0	Betfair/stream/backtest/minimi_banco.py
0	Betfair/stream/auth.py
0	Betfair/safe_strategy/canale_scan.py
