_analytics_filters_live	function	vigente=migrations/analytics_rpc_veloci_2026-09-26.sql:138	2026-09-26	arit=4	ndef=1	prime=
_decisions_filters_live	function	vigente=migrations/analytics_rpc_veloci_2026-09-26.sql:170	2026-09-26	arit=0	ndef=1	prime=
_feat_expr	function	vigente=migrations/analytics_features.sql:46	2026-06-23	arit=0	ndef=1	prime=
_orologio_allarme	function	vigente=migrations/orologio_action_notturne_2026-10-09.sql:128	2026-10-09	arit=0	ndef=1	prime=
_orologio_catena	function	vigente=migrations/orologio_action_notturne_2026-10-09.sql:162	2026-10-09	arit=0	ndef=1	prime=
_orologio_intestazioni	function	vigente=migrations/orologio_action_notturne_2026-10-09.sql:149	2026-10-09	arit=2	ndef=1	prime=
_orologio_token	function	vigente=migrations/orologio_action_notturne_2026-10-09.sql:139	2026-10-09	arit=0	ndef=1	prime=
_prob_bucket	function	vigente=migrations/get_direction_rpc.sql:24	2026-06-25	arit=0	ndef=1	prime=
_tennis_bot_control_json	function	vigente=migrations/tennis_bots.sql:93	2026-07-08	arit=0	ndef=1	prime=
ack_alert	function	vigente=migrations/live_backtest_rpc.sql:169	2026-06-26	arit=0	ndef=1	prime=
add_personal_trade	function	vigente=migrations/personal_tracking_manual_entry.sql:163	2026-07-06	arit=1	ndef=2	prime=personal_tracking_rpc.sql:368
add_to_watchlist	function	vigente=migrations/personal_tracking_rpc.sql:18	2026-06-25	arit=8	ndef=1	prime=
add_trade_leg	function	vigente=migrations/personal_tracking_rpc.sql:505	2026-06-25	arit=0	ndef=1	prime=
analyze_by_league	function	vigente=migrations/analytics_features.sql:97	2026-06-23	arit=7	ndef=1	prime=
analyze_feature	function	vigente=migrations/analytics_features.sql:66	2026-06-23	arit=12	ndef=1	prime=
backtest_strategy	function	vigente=migrations/analytics_strategy_rpc.sql:19	2026-06-23	arit=36	ndef=1	prime=
backtest_strategy_rows	function	vigente=migrations/analytics_strategy_rpc.sql:171	2026-06-23	arit=1	ndef=1	prime=
bet_features	view	vigente=migrations/analytics_features.sql:10	2026-06-23	arit=0	ndef=1	prime=
betfair_live_is_owner	function	vigente=migrations/betfair_live_order_queue.sql:176	2026-06-30	arit=0	ndef=1	prime=
block_non_owner_signup	function	vigente=migrations/security_lockdown.sql:38	2026-06-22	arit=0	ndef=1	prime=
book_odds	function	vigente=migrations/analytics_strategy.sql:23	2026-06-23	arit=2	ndef=1	prime=
bulk_update_prediction_results	function	vigente=migrations/predictions_results_bulk_update_rpc.sql:30	2026-07-03	arit=0	ndef=1	prime=
cancel_live_risk_rule	function	vigente=migrations/betfair_live_risk_rules.sql:152	2026-07-01	arit=0	ndef=1	prime=
delete_from_watchlist	function	vigente=migrations/personal_tracking_rpc.sql:890	2026-06-25	arit=0	ndef=1	prime=
delete_strategy	function	vigente=migrations/analytics_strategies_store.sql:60	2026-06-23	arit=0	ndef=1	prime=
flush_analytics_prob_staging	function	vigente=migrations/analytics_prob_staging.sql:22	2026-06-22	arit=0	ndef=1	prime=
flush_analytics_snap_staging	function	vigente=migrations/analytics_snap_staging.sql:58	2026-06-22	arit=0	ndef=1	prime=
get_analytics	function	vigente=migrations/analytics_rpc_veloci_2026-09-26.sql:333	2026-09-26	arit=38	ndef=2	prime=analytics_rpc.sql:32
get_analytics_filters	function	vigente=migrations/analytics_rpc_veloci_2026-09-26.sql:300	2026-09-26	arit=0	ndef=2	prime=analytics_rpc.sql:317
get_analytics_rows	function	vigente=migrations/analytics_rpc_veloci_2026-09-26.sql:673	2026-09-26	arit=8	ndef=2	prime=analytics_rpc.sql:187
get_betfair_direction_odds	function	vigente=migrations/betfair_full_odds_rpc.sql:28	2026-06-24	arit=6	ndef=1	prime=
get_betfair_fixtures	function	vigente=migrations/betfair_fixtures_rpc.sql:10	2026-06-24	arit=0	ndef=1	prime=
get_betfair_full_odds	function	vigente=migrations/betfair_full_odds_rpc.sql:6	2026-06-24	arit=0	ndef=1	prime=
get_betfair_live_order	function	vigente=migrations/betfair_live_order_queue.sql:311	2026-06-30	arit=0	ndef=1	prime=
get_betfair_odds	function	vigente=migrations/betfair_fixtures_rpc.sql:42	2026-06-24	arit=0	ndef=1	prime=
get_betfair_order_request	function	vigente=migrations/betfair_order_queue.sql:120	2026-06-29	arit=0	ndef=1	prime=
get_betfair_orders	function	vigente=migrations/betfair_orders_read.sql:13	2026-06-30	arit=0	ndef=1	prime=
get_betfair_refresh_request	function	vigente=migrations/betfair_refresh_queue.sql:72	2026-06-29	arit=0	ndef=1	prime=
get_cash_movements	function	vigente=migrations/personal_cash_movements.sql:68	2026-07-06	arit=3	ndef=1	prime=
get_decisions	function	vigente=migrations/analytics_rpc_veloci_2026-09-26.sql:544	2026-09-26	arit=38	ndef=2	prime=analytics_decisions_rpc.sql:16
get_decisions_filters	function	vigente=migrations/analytics_rpc_veloci_2026-09-26.sql:315	2026-09-26	arit=0	ndef=2	prime=analytics_decisions_rpc.sql:99
get_direction	function	vigente=migrations/get_direction_rpc.sql:38	2026-06-25	arit=21	ndef=1	prime=
get_direction_eta	function	vigente=migrations/get_direction_eta_2026-09-25.sql:38	2026-09-25	arit=0	ndef=1	prime=
get_direction_report	function	vigente=migrations/direction_report_rpc.sql:61	2026-06-25	arit=66	ndef=1	prime=
get_direction_report_fixture	function	vigente=migrations/direction_report_rpc.sql:520	2026-06-25	arit=2	ndef=1	prime=
get_direction_report_matches	function	vigente=migrations/direction_report_rpc.sql:379	2026-06-25	arit=9	ndef=1	prime=
get_league_seasons	function	vigente=sql/market_frequency_rpc.sql:286	2026-06-12	arit=2	ndef=1	prime=
get_live_alerts	function	vigente=migrations/live_backtest_rpc.sql:133	2026-06-26	arit=0	ndef=1	prime=
get_live_audit	function	vigente=migrations/betfair_live_controls.sql:147	2026-07-01	arit=0	ndef=1	prime=
get_live_follows	function	vigente=migrations/live_follow_origine_2026-09-25.sql:51	2026-09-25	arit=0	ndef=4	prime=live_follows_watchlist_driven.sql:22;live_stream_rpc.sql:21;live_follow_record.sql:212
get_live_journal	function	vigente=migrations/betfair_live_pnl_journal.sql:164	2026-07-09	arit=0	ndef=1	prime=
get_live_orders	function	vigente=migrations/betfair_live_order_queue.sql:349	2026-06-30	arit=0	ndef=1	prime=
get_live_orders_account_open	function	vigente=migrations/live_orders_account_open_2026-09-30.sql:58	2026-09-30	arit=0	ndef=1	prime=
get_live_positions	function	vigente=migrations/betfair_live_order_queue.sql:385	2026-06-30	arit=0	ndef=1	prime=
get_live_positions_all	function	vigente=migrations/live_positions_senza_mercati_regolati_2026-09-26.sql:24	2026-09-26	arit=0	ndef=2	prime=betfair_live_pnl_journal.sql:238
get_live_positions_event	function	vigente=migrations/betfair_live_pnl_journal.sql:258	2026-07-09	arit=0	ndef=1	prime=
get_live_risk_rules	function	vigente=migrations/betfair_live_risk_rules.sql:185	2026-07-01	arit=0	ndef=1	prime=
get_live_settings	function	vigente=migrations/betfair_live_controls.sql:63	2026-07-01	arit=0	ndef=1	prime=
get_live_settled	function	vigente=migrations/betfair_live_pnl_journal.sql:131	2026-07-09	arit=0	ndef=1	prime=
get_live_xhedge	function	vigente=migrations/betfair_live_xhedge.sql:24	2026-07-01	arit=0	ndef=1	prime=
get_market_delays	function	vigente=migrations/analytics_rpc_veloci_2026-09-26.sql:808	2026-09-26	arit=24	ndef=3	prime=market_delays_rpc.sql:48;market_delays_ht_2026-09-25.sql:73
get_market_frequency	function	vigente=sql/market_frequency_rpc.sql:40	2026-06-12	arit=23	ndef=1	prime=
get_mike_aggregates	function	vigente=migrations/mike_aggregati_per_modalita_2026-09-13.sql:145	2026-09-13	arit=0	ndef=2	prime=mike_bot_v2.sql:127
get_mike_daily	function	vigente=migrations/giornata_di_riferimento_giorno_partita_2026-10-01.sql:768	2026-10-01	arit=1	ndef=5	prime=mike_history_v2.sql:326;mike_storico_per_modalita_2026-09-14.sql:56;mike_storico_giorno_regolamento_2026-09-29.sql:36
get_mike_day_trades	function	vigente=migrations/giornata_di_riferimento_giorno_partita_2026-10-01.sql:818	2026-10-01	arit=0	ndef=6	prime=mike_storico_per_modalita_2026-09-14.sql:111;mike_storico_per_modalita_fix_alias_2026-09-14.sql:32;mike_storico_giorno_regolamento_2026-09-29.sql:86
get_mike_state	function	vigente=migrations/mike_state_arretrati_prova_2026-09-30.sql:35	2026-09-30	arit=5	ndef=3	prime=mike_bot.sql:247;mike_bot_v2.sql:149
get_mike_trades	function	vigente=migrations/mike_bot.sql:286	2026-09-11	arit=0	ndef=1	prime=
get_omega_aggregates	function	vigente=migrations/omega_chiuso_dall_utente_2026-09-16.sql:255	2026-09-16	arit=0	ndef=2	prime=omega_daily_v2.sql:176
get_omega_aggregates_modalita	function	vigente=migrations/omega_aggregati_servizio_per_modalita_2026-09-28.sql:31	2026-09-28	arit=0	ndef=1	prime=
get_omega_daily	function	vigente=migrations/giornata_di_riferimento_giorno_partita_2026-10-01.sql:576	2026-10-01	arit=4	ndef=5	prime=omega_daily_v2.sql:469;omega_models_v4.sql:109;storico_sport_2026-09-17.sql:102
get_omega_day_trades	function	vigente=migrations/giornata_di_riferimento_giorno_partita_2026-10-01.sql:644	2026-10-01	arit=0	ndef=4	prime=daily_history.sql:318;omega_daily_v2.sql:516;storico_sport_2026-09-17.sql:172
get_omega_events	function	vigente=migrations/omega_models_v6.sql:299	2026-09-13	arit=0	ndef=2	prime=omega_manual.sql:144
get_omega_ht_ft	function	vigente=migrations/omega_models_v4.sql:50	2026-09-11	arit=0	ndef=2	prime=omega_daily_v2.sql:649
get_omega_manual_requests	function	vigente=migrations/omega_proposte_coda_unica_2026-09-17.sql:299	2026-09-17	arit=0	ndef=2	prime=omega_manual.sql:183
get_omega_market	function	vigente=migrations/omega_manual.sql:164	2026-07-16	arit=0	ndef=1	prime=
get_omega_minute_ft	function	vigente=migrations/omega_models_v4.sql:73	2026-09-11	arit=0	ndef=2	prime=omega_models_v3.sql:260
get_omega_missions	function	vigente=migrations/omega_models_v6.sql:165	2026-09-13	arit=6	ndef=4	prime=omega_missions.sql:217;live_follow_record.sql:127;omega_v2.sql:14
get_omega_proposte	function	vigente=migrations/omega_proposte_coda_unica_2026-09-17.sql:273	2026-09-17	arit=0	ndef=2	prime=omega_proposte_uscita_2026-09-16.sql:189
get_omega_state	function	vigente=migrations/omega_state_per_modalita_2026-09-26.sql:157	2026-09-26	arit=3	ndef=5	prime=omega_cashout.sql:141;omega_daily_v2.sql:190;omega_models_v5.sql:160
get_omega_trades	function	vigente=migrations/omega_bot.sql:257	2026-07-15	arit=0	ndef=1	prime=
get_personal_report	function	vigente=migrations/personal_tracking_rpc.sql:594	2026-06-25	arit=113	ndef=1	prime=
get_personal_trades	function	vigente=migrations/personal_tracking_rpc.sql:841	2026-06-25	arit=0	ndef=1	prime=
get_poisson_calibration_eta	function	vigente=migrations/get_direction_eta_2026-09-25.sql:76	2026-09-25	arit=0	ndef=1	prime=
get_posizioni_chiuse_giornata	function	vigente=migrations/giornata_di_riferimento_giorno_partita_2026-10-01.sql:1100	2026-10-01	arit=3	ndef=2	prime=posizioni_chiuse_giornata_2026-09-24.sql:146
get_replay	function	vigente=migrations/live_stream_rpc_get_replay_perf.sql:23	2026-07-10	arit=3	ndef=2	prime=live_stream_rpc.sql:116
get_replay_bot_esito	function	vigente=migrations/replay_applica_bot_2026-10-06.sql:23	2026-10-06	arit=0	ndef=1	prime=
get_replay_frames	function	vigente=migrations/live_stream_rpc_chunked.sql:129	2026-07-15	arit=2	ndef=1	prime=
get_replay_meta	function	vigente=migrations/live_stream_rpc_chunked.sql:35	2026-07-15	arit=0	ndef=1	prime=
get_replay_tennis_frames	function	vigente=migrations/replay_tennis_2026-10-07.sql:294	2026-10-07	arit=2	ndef=1	prime=
get_replay_tennis_meta	function	vigente=migrations/replay_tennis_fonte_nomi_2026-10-08.sql:77	2026-10-08	arit=0	ndef=2	prime=replay_tennis_2026-10-07.sql:201
get_safe_activity	function	vigente=migrations/safe_strategy_bot_v2.sql:266	2026-09-12	arit=0	ndef=1	prime=
get_safe_aggregates	function	vigente=migrations/safe_strategy_paper_live_2026-09-13.sql:383	2026-09-13	arit=0	ndef=2	prime=safe_strategy_bot_v2.sql:194
get_safe_daily	function	vigente=migrations/giornata_di_riferimento_giorno_partita_2026-10-01.sql:680	2026-10-01	arit=2	ndef=5	prime=omega_daily_v2.sql:531;safe_strategy_bot_v2.sql:295;safe_strategy_paper_live_2026-09-13.sql:526
get_safe_day_trades	function	vigente=migrations/giornata_di_riferimento_giorno_partita_2026-10-01.sql:726	2026-10-01	arit=0	ndef=5	prime=omega_daily_v2.sql:565;safe_strategy_bot_v2.sql:329;safe_strategy_paper_live_2026-09-13.sql:573
get_safe_state	function	vigente=migrations/safe_strategy_paper_live_2026-09-13.sql:420	2026-09-13	arit=0	ndef=3	prime=safe_strategy_bot.sql:257;safe_strategy_bot_v2.sql:217
get_safe_trades	function	vigente=migrations/safe_strategy_paper_live_2026-09-13.sql:482	2026-09-13	arit=0	ndef=2	prime=safe_strategy_bot.sql:301
get_scalper_control_room	function	vigente=migrations/scalper_auto_mode_2026-09-25.sql:345	2026-09-25	arit=5	ndef=2	prime=scalper_control_room_2026-09-24.sql:54
get_scalper_state	function	vigente=migrations/scalper_bot.sql:165	2026-07-02	arit=0	ndef=1	prime=
get_storico_stake	function	vigente=migrations/giornata_di_riferimento_giorno_partita_2026-10-01.sql:860	2026-10-01	arit=8	ndef=2	prime=storico_sport_2026-09-17.sql:211
get_tennis_bot_daily	function	vigente=migrations/tennis_bot_daily_giorno_partita_2026-09-30.sql:22	2026-09-30	arit=13	ndef=3	prime=tennis_bot_pnl_2026-09-17.sql:70;pnl_betfair_reale_2026-09-24.sql:118
get_tennis_bot_day_trades	function	vigente=migrations/tennis_bot_pnl_2026-09-17.sql:129	2026-09-17	arit=1	ndef=1	prime=
get_tennis_bot_orders_today	function	vigente=migrations/tennis_bot_service_control_2026-09-17.sql:171	2026-09-17	arit=2	ndef=1	prime=
get_tennis_bot_services	function	vigente=migrations/tennis_bot_service_control_2026-09-17.sql:97	2026-09-17	arit=0	ndef=1	prime=
get_tennis_bots_state	function	vigente=migrations/tennis_bots.sql:211	2026-07-08	arit=0	ndef=1	prime=
get_tennis_fixtures	function	vigente=migrations/tennis_markets.sql:92	2026-07-08	arit=0	ndef=1	prime=
get_tennis_follows	function	vigente=migrations/tennis_follow_record.sql:84	2026-07-17	arit=0	ndef=2	prime=tennis_live.sql:147
get_tennis_full_odds	function	vigente=migrations/tennis_markets.sql:124	2026-07-08	arit=0	ndef=1	prime=
get_tennis_live_order	function	vigente=migrations/tennis_orders.sql:224	2026-07-08	arit=0	ndef=1	prime=
get_tennis_live_orders	function	vigente=migrations/tennis_orders.sql:262	2026-07-08	arit=0	ndef=1	prime=
get_tennis_live_positions	function	vigente=migrations/tennis_orders.sql:293	2026-07-08	arit=0	ndef=1	prime=
get_tennis_live_positions_all	function	vigente=migrations/tennis_live_positions_all_rpc.sql:10	2026-07-09	arit=0	ndef=1	prime=
get_tennis_refresh_request	function	vigente=migrations/tennis_markets.sql:186	2026-07-08	arit=0	ndef=1	prime=
get_theta_confirm_requests	function	vigente=migrations/theta_confirm.sql:112	2026-07-15	arit=0	ndef=1	prime=
get_watchlist	function	vigente=migrations/personal_tracking_rpc.sql:179	2026-06-25	arit=0	ndef=1	prime=
hazard_atlas_salva_versione	function	vigente=migrations/hazard_atlas_rpc_scrittura_2026-09-28.sql:52	2026-09-28	arit=1	ndef=1	prime=
inizio_partita_evento	function	vigente=migrations/giornata_di_riferimento_giorno_partita_2026-10-01.sql:167	2026-10-01	arit=0	ndef=1	prime=
inizio_partita_sql	function	vigente=migrations/giornata_di_riferimento_giorno_partita_2026-10-01.sql:191	2026-10-01	arit=1	ndef=1	prime=
lancia_action	function	vigente=migrations/orologio_action_notturne_2026-10-09.sql:185	2026-10-09	arit=6	ndef=1	prime=
leagues_needing_retrain	function	vigente=sql/leagues_needing_retrain_rpc.sql:27	2026-06-16	arit=3	ndef=1	prime=
leggi_verifica_catena	function	vigente=migrations/orologio_action_notturne_2026-10-09.sql:396	2026-10-09	arit=2	ndef=1	prime=
list_backtest_results	function	vigente=migrations/live_backtest_rpc.sql:87	2026-06-26	arit=0	ndef=1	prime=
list_backtest_runs	function	vigente=migrations/live_backtest_rpc.sql:53	2026-06-26	arit=0	ndef=1	prime=
list_bot_exposures	function	vigente=migrations/scanner_list_bot_exposures_2026-10-02.sql:36	2026-10-02	arit=0	ndef=1	prime=
list_replays	function	vigente=migrations/live_stream_rpc.sql:65	2026-07-10	arit=0	ndef=1	prime=
list_replays_tennis	function	vigente=migrations/replay_tennis_mercati_elenco_2026-10-08.sql:23	2026-10-08	arit=0	ndef=3	prime=replay_tennis_2026-10-07.sql:156;replay_tennis_fonte_nomi_2026-10-08.sql:28
list_strategies	function	vigente=migrations/analytics_strategies_store.sql:48	2026-06-23	arit=0	ndef=1	prime=
live_order_mode_avvio	function	vigente=migrations/live_order_mode_control_2026-09-24.sql:109	2026-09-24	arit=0	ndef=1	prime=
mike_activate	function	vigente=migrations/mike_bot.sql:183	2026-09-11	arit=0	ndef=1	prime=
mike_aggregates_sql	function	vigente=migrations/mike_aggregati_per_modalita_2026-09-13.sql:45	2026-09-13	arit=10	ndef=2	prime=mike_bot_v2.sql:48
mike_request	function	vigente=migrations/uscite_automatiche_mike_2026-09-25.sql:42	2026-09-25	arit=0	ndef=2	prime=mike_bot.sql:304
mike_stop	function	vigente=migrations/mike_bot.sql:205	2026-09-11	arit=0	ndef=1	prime=
mike_update_params	function	vigente=migrations/mike_bot.sql:224	2026-09-11	arit=0	ndef=1	prime=
omega_activate	function	vigente=migrations/omega_activate_conserva_params_2026-09-16.sql:40	2026-09-16	arit=0	ndef=3	prime=omega_bot.sql:117;omega_daily_v2.sql:53
omega_aggregates_sql	function	vigente=migrations/omega_state_per_modalita_2026-09-26.sql:148	2026-09-26	arit=0	ndef=8	prime=omega_chiuso_dall_utente_2026-09-16.sql:138;omega_chiuso_dall_utente_2026-09-16.sql:244;omega_state_per_modalita_2026-09-26.sql:32
omega_build_ht_ft_transitions	function	vigente=migrations/omega_transitions_catchup_2026-09-25.sql:978	2026-09-25	arit=1	ndef=2	prime=omega_daily_v2.sql:611
omega_build_minute_transitions_reset	function	vigente=migrations/omega_transitions_catchup_2026-09-25.sql:942	2026-09-25	arit=1	ndef=2	prime=omega_models_v3.sql:69
omega_build_minute_transitions_run	function	vigente=migrations/omega_transitions_catchup_2026-09-25.sql:960	2026-09-25	arit=1	ndef=3	prime=omega_models_v3.sql:209;omega_models_v4.sql:293
omega_build_minute_transitions_schedule	function	vigente=migrations/omega_transitions_catchup_2026-09-25.sql:970	2026-09-25	arit=1	ndef=2	prime=omega_models_v3.sql:239
omega_build_minute_transitions_step	function	vigente=migrations/omega_transitions_catchup_2026-09-25.sql:950	2026-09-25	arit=1	ndef=3	prime=omega_models_v3.sql:81;omega_models_v4.sql:154
omega_eventi_chiusi_dall_utente	function	vigente=migrations/omega_chiuso_dall_utente_2026-09-16.sql:104	2026-09-16	arit=0	ndef=1	prime=
omega_evento_riprendi	function	vigente=migrations/omega_chiuso_dall_utente_2026-09-16.sql:70	2026-09-16	arit=0	ndef=1	prime=
omega_mission_activate	function	vigente=migrations/omega_missions.sql:78	2026-07-16	arit=1	ndef=1	prime=
omega_mission_follow	function	vigente=migrations/live_follow_record.sql:84	2026-07-17	arit=1	ndef=2	prime=omega_missions.sql:176
omega_mission_stop	function	vigente=migrations/omega_missions.sql:143	2026-07-16	arit=0	ndef=1	prime=
omega_request	function	vigente=migrations/omega_cashout.sql:95	2026-09-10	arit=0	ndef=2	prime=omega_manual.sql:120
omega_request_approve	function	vigente=migrations/omega_request_approve_contesto_2026-09-25.sql:33	2026-09-25	arit=0	ndef=3	prime=omega_proposte_uscita_2026-09-16.sql:106;omega_proposte_coda_unica_2026-09-17.sql:186
omega_request_ignore	function	vigente=migrations/omega_proposte_coda_unica_2026-09-17.sql:234	2026-09-17	arit=0	ndef=2	prime=omega_proposte_uscita_2026-09-16.sql:151
omega_snapshot_daily_goal	function	vigente=migrations/omega_daily_v2.sql:42	2026-09-11	arit=1	ndef=1	prime=
omega_stop	function	vigente=migrations/omega_bot.sql:155	2026-07-15	arit=0	ndef=1	prime=
omega_transitions_compare	function	vigente=migrations/omega_transitions_catchup_2026-09-25.sql:805	2026-09-25	arit=7	ndef=1	prime=
omega_transitions_ledger_counts	function	vigente=migrations/omega_transitions_catchup_2026-09-25.sql:783	2026-09-25	arit=0	ndef=1	prime=
omega_transitions_nightly	function	vigente=migrations/omega_transitions_catchup_2026-09-25.sql:446	2026-09-25	arit=2	ndef=1	prime=
omega_transitions_publish	function	vigente=migrations/omega_transitions_catchup_2026-09-25.sql:665	2026-09-25	arit=0	ndef=1	prime=
omega_transitions_schedule	function	vigente=migrations/omega_transitions_catchup_2026-09-25.sql:993	2026-09-25	arit=0	ndef=1	prime=
omega_transitions_status	function	vigente=migrations/omega_transitions_catchup_2026-09-25.sql:889	2026-09-25	arit=0	ndef=1	prime=
omega_transitions_step	function	vigente=migrations/omega_transitions_catchup_2026-09-25.sql:178	2026-09-25	arit=4	ndef=1	prime=
omega_transitions_unpublish	function	vigente=migrations/omega_transitions_catchup_2026-09-25.sql:747	2026-09-25	arit=1	ndef=1	prime=
omega_update_params	function	vigente=migrations/omega_daily_v2.sql:89	2026-09-11	arit=1	ndef=2	prime=omega_bot.sql:178
posizioni_chiuse_tabella	function	vigente=migrations/posizioni_chiuse_giornata_2026-09-24.sql:83	2026-09-24	arit=0	ndef=1	prime=
posizioni_chiuse_tabella_partita	function	vigente=migrations/giornata_di_riferimento_giorno_partita_2026-10-01.sql:1009	2026-10-01	arit=1	ndef=1	prime=
recompute_personal_trade	function	vigente=migrations/personal_tracking_manual_entry.sql:57	2026-07-06	arit=18	ndef=2	prime=personal_tracking_rpc.sql:273
record_fixture_detail_checks	function	vigente=migrations/season_gaps_2026-09-25.sql:96	2026-09-25	arit=0	ndef=1	prime=
refresh_analytics_bets	function	vigente=migrations/analytics_strategy.sql:268	2026-06-23	arit=0	ndef=1	prime=
refresh_analytics_bets_range	function	vigente=migrations/refresh_analytics_bets_range_v2_2026-09-24.sql:277	2026-09-24	arit=0	ndef=2	prime=analytics_strategy.sql:145
refresh_analytics_bets_range_diag	function	vigente=migrations/refresh_analytics_bets_range_v2_2026-09-24.sql:76	2026-09-24	arit=15	ndef=1	prime=
refresh_analytics_riepilogo	function	vigente=migrations/analytics_rpc_veloci_2026-09-26.sql:196	2026-09-26	arit=32	ndef=1	prime=
request_backtest	function	vigente=migrations/live_backtest_rpc.sql:23	2026-06-26	arit=0	ndef=1	prime=
request_betfair_live_order	function	vigente=migrations/betfair_live_cashout_v3.sql:24	2026-09-10	arit=6	ndef=5	prime=betfair_live_order_queue.sql:201;betfair_live_dutch_cashout.sql:45;betfair_live_cashout_event_v2.sql:33
request_betfair_order	function	vigente=migrations/betfair_order_queue.sql:50	2026-06-29	arit=2	ndef=1	prime=
request_betfair_refresh	function	vigente=migrations/betfair_refresh_queue.sql:37	2026-06-29	arit=0	ndef=1	prime=
request_live_risk_rule	function	vigente=migrations/betfair_live_risk_rules_v4.sql:42	2026-07-10	arit=0	ndef=4	prime=betfair_live_risk_rules.sql:70;betfair_live_risk_rules_v2.sql:41;betfair_live_risk_rules_v3.sql:37
request_tennis_live_order	function	vigente=migrations/tennis_chiudi_bot_2026-09-24.sql:28	2026-09-24	arit=0	ndef=2	prime=tennis_orders.sql:149
request_tennis_refresh	function	vigente=migrations/tennis_markets.sql:145	2026-07-08	arit=0	ndef=1	prime=
reset_personal_report	function	vigente=migrations/personal_tracking_rpc.sql:934	2026-06-25	arit=0	ndef=1	prime=
run_strategy	function	vigente=migrations/analytics_strategies_store.sql:70	2026-06-23	arit=0	ndef=1	prime=
run_strategy_rows	function	vigente=migrations/analytics_strategies_store.sql:115	2026-06-23	arit=0	ndef=1	prime=
safe_activate	function	vigente=migrations/safe_strategy_bot.sql:171	2026-09-10	arit=0	ndef=1	prime=
safe_aggregates_sql	function	vigente=migrations/safe_strategy_paper_live_2026-09-13.sql:248	2026-09-13	arit=12	ndef=2	prime=safe_strategy_bot_v2.sql:85
safe_request	function	vigente=migrations/safe_request_modalita_manuale_2026-09-24.sql:29	2026-09-24	arit=2	ndef=5	prime=safe_strategy_bot_v2.sql:356;safe_strategy_paper_live_2026-09-13.sql:731;safe_cash_out_globale_e_cap_automatico_2026-09-16.sql:63
safe_request_approve	function	vigente=migrations/safe_request_approve_contesto_2026-09-24.sql:28	2026-09-24	arit=0	ndef=3	prime=safe_strategy_proposed_2026-09-14.sql:44;safe_request_approve_prezzo_visto_2026-09-18.sql:32
safe_request_ignore	function	vigente=migrations/safe_strategy_proposed_2026-09-14.sql:90	2026-09-14	arit=0	ndef=1	prime=
safe_set_mode	function	vigente=migrations/safe_strategy_paper_live_2026-09-13.sql:683	2026-09-13	arit=0	ndef=1	prime=
safe_stop	function	vigente=migrations/safe_strategy_paper_live_2026-09-13.sql:634	2026-09-13	arit=0	ndef=2	prime=safe_strategy_bot.sql:204
safe_update_params	function	vigente=migrations/safe_strategy_bot.sql:227	2026-09-10	arit=0	ndef=1	prime=
save_strategy	function	vigente=migrations/analytics_strategies_store.sql:27	2026-06-23	arit=0	ndef=1	prime=
scalper_activate	function	vigente=migrations/scalper_auto_mode_2026-09-25.sql:277	2026-09-25	arit=0	ndef=2	prime=scalper_bot.sql:69
scalper_approva_uscita	function	vigente=migrations/uscite_approva_bot_flusso_2026-09-28.sql:73	2026-09-28	arit=0	ndef=1	prime=
scalper_auto_activate	function	vigente=migrations/scalper_auto_mode_2026-09-25.sql:99	2026-09-25	arit=0	ndef=1	prime=
scalper_auto_stop	function	vigente=migrations/scalper_auto_mode_2026-09-25.sql:162	2026-09-25	arit=0	ndef=1	prime=
scalper_auto_update	function	vigente=migrations/scalper_auto_mode_2026-09-25.sql:199	2026-09-25	arit=0	ndef=1	prime=
scalper_media_attiva_adesso	function	vigente=migrations/media_under_attiva_adesso_2026-10-07.sql:27	2026-10-07	arit=0	ndef=1	prime=
scalper_stop	function	vigente=migrations/scalper_bot.sql:135	2026-07-02	arit=0	ndef=1	prime=
scalper_stop_sessione	function	vigente=migrations/scalper_control_room_2026-09-24.sql:145	2026-09-24	arit=0	ndef=1	prime=
scalper_uscite_automatiche	function	vigente=migrations/uscite_automatiche_scalper_2026-09-25.sql:22	2026-09-25	arit=0	ndef=2	prime=scalper_auto_mode_2026-09-25.sql:239
season_aggregates_summary	function	vigente=migrations/season_aggregates_2026-09-25.sql:29	2026-09-25	arit=1	ndef=1	prime=
season_detail_gaps	function	vigente=migrations/season_gaps_perf_2026-09-28.sql:66	2026-09-28	arit=0	ndef=2	prime=season_gaps_2026-09-25.sql:136
season_gaps_summary	function	vigente=migrations/season_gaps_2026-09-25.sql:198	2026-09-25	arit=2	ndef=1	prime=
segui_live_apri_partita	function	vigente=migrations/segui_live_apri_partita_2026-10-06.sql:17	2026-10-06	arit=0	ndef=1	prime=
set_follow_record	function	vigente=migrations/live_follow_record.sql:45	2026-07-17	arit=2	ndef=1	prime=
set_live_journal_note	function	vigente=migrations/betfair_live_pnl_journal.sql:201	2026-07-09	arit=0	ndef=1	prime=
set_live_kill_switch	function	vigente=migrations/betfair_live_controls.sql:85	2026-07-01	arit=0	ndef=1	prime=
set_live_order_mode	function	vigente=migrations/live_order_mode_control_2026-09-24.sql:68	2026-09-24	arit=0	ndef=1	prime=
set_live_settings	function	vigente=migrations/betfair_live_risk_limits_v4.sql:47	2026-07-09	arit=0	ndef=2	prime=betfair_live_controls.sql:113
set_trade_time_operative	function	vigente=migrations/personal_tracking_import.sql:157	2026-07-06	arit=0	ndef=1	prime=
set_watchlist_decision	function	vigente=migrations/personal_tracking_rpc.sql:213	2026-06-25	arit=0	ndef=1	prime=
set_watchlist_follow_live	function	vigente=migrations/watchlist_follow_live.sql:28	2026-06-29	arit=1	ndef=1	prime=
settle_personal_trade	function	vigente=migrations/personal_tracking_rpc.sql:552	2026-06-25	arit=0	ndef=1	prime=
sicurezza_bk.chiudi_funzione	function	vigente=migrations/sicurezza_db_2026-09-24_BLOCCO_3_revoke_anon.sql:332	2026-09-24	arit=1	ndef=3	prime=sicurezza_db_2026-09-24_BLOCCO_1_zero_rischio.sql:337;sicurezza_db_2026-09-24_BLOCCO_2_rls_e_policy.sql:329
sicurezza_bk.fotografa	function	vigente=migrations/sicurezza_db_2026-09-24_BLOCCO_3_revoke_anon.sql:86	2026-09-24	arit=0	ndef=3	prime=sicurezza_db_2026-09-24_BLOCCO_1_zero_rischio.sql:91;sicurezza_db_2026-09-24_BLOCCO_2_rls_e_policy.sql:83
sicurezza_bk.ripristina	function	vigente=migrations/sicurezza_db_2026-09-24_BLOCCO_3_revoke_anon.sql:180	2026-09-24	arit=0	ndef=3	prime=sicurezza_db_2026-09-24_BLOCCO_1_zero_rischio.sql:185;sicurezza_db_2026-09-24_BLOCCO_2_rls_e_policy.sql:177
sicurezza_bk.verifica_b1	function	vigente=migrations/sicurezza_db_2026-09-24_BLOCCO_1_zero_rischio.sql:527	2026-09-24	arit=0	ndef=1	prime=
sicurezza_bk.verifica_b2	function	vigente=migrations/sicurezza_db_2026-09-24_BLOCCO_2_rls_e_policy.sql:436	2026-09-24	arit=0	ndef=1	prime=
sicurezza_bk.verifica_b3	function	vigente=migrations/sicurezza_db_2026-09-24_BLOCCO_3_revoke_anon.sql:495	2026-09-24	arit=3	ndef=1	prime=
tennis_bot_approva_uscita	function	vigente=migrations/uscite_approva_bot_flusso_2026-09-28.sql:31	2026-09-28	arit=0	ndef=1	prime=
tennis_bot_arm	function	vigente=migrations/tennis_bot_control_mode_2026-09-24.sql:56	2026-09-24	arit=0	ndef=3	prime=tennis_bots.sql:122;tennis_bots_arm_guard.sql:18
tennis_bot_disarm	function	vigente=migrations/tennis_bots.sql:179	2026-07-08	arit=0	ndef=1	prime=
tennis_bot_service_activate	function	vigente=migrations/tennis_bot_service_control_2026-09-17.sql:49	2026-09-17	arit=0	ndef=1	prime=
tennis_bot_service_set_uscite	function	vigente=migrations/tennis_uscite_manuali_2026-09-25.sql:84	2026-09-25	arit=0	ndef=1	prime=
tennis_bot_service_stop	function	vigente=migrations/tennis_bot_service_control_2026-09-17.sql:78	2026-09-17	arit=0	ndef=1	prime=
tennis_bot_service_update_params	function	vigente=migrations/tennis_bot_service_control_2026-09-17.sql:131	2026-09-17	arit=0	ndef=1	prime=
tennis_follow_event	function	vigente=migrations/tennis_uscite_manuali_2026-09-25.sql:115	2026-09-25	arit=0	ndef=2	prime=tennis_live.sql:189
tennis_is_owner	function	vigente=migrations/tennis_orders.sql:30	2026-07-08	arit=0	ndef=2	prime=tennis_bots.sql:28
tennis_set_follow_record	function	vigente=migrations/tennis_follow_record.sql:34	2026-07-17	arit=0	ndef=1	prime=
theta_confirm_decide	function	vigente=migrations/theta_confirm.sql:74	2026-07-15	arit=0	ndef=1	prime=
trading_daily_history	function	vigente=migrations/giornata_di_riferimento_giorno_partita_2026-10-01.sql:237	2026-10-01	arit=47	ndef=7	prime=omega_models_v4.sql:378;mike_history_v2.sql:48;storico_esito_a_zero_2026-09-26.sql:26
trading_day_trades	function	vigente=migrations/giornata_di_riferimento_giorno_partita_2026-10-01.sql:497	2026-10-01	arit=8	ndef=5	prime=mike_history.sql:198;omega_daily_v2.sql:413;mike_history_v2.sql:270
update_updated_at_column	function	vigente=migrations/poisson_calibration.sql:36	2026-06-20	arit=0	ndef=3	prime=signal_history.sql:33;engine_signals.sql:81
upsert_cash_movement	function	vigente=migrations/personal_cash_movements.sql:32	2026-07-06	arit=0	ndef=1	prime=
upsert_imported_trade	function	vigente=migrations/personal_tracking_import.sql:44	2026-07-06	arit=1	ndef=1	prime=
v_clv_summary	view	vigente=migrations/signal_history.sql:73	2026-03-14	arit=7	ndef=1	prime=
v_es_concordance_roi	view	vigente=migrations/engine_signals.sql:128	2026-06-17	arit=11	ndef=1	prime=
v_es_emission_by_engine_market	view	vigente=migrations/engine_signals.sql:100	2026-06-17	arit=0	ndef=1	prime=
v_es_reject_funnel	view	vigente=migrations/engine_signals.sql:114	2026-06-17	arit=6	ndef=1	prime=
v_roi_by_market	view	vigente=migrations/signal_history.sql:60	2026-03-14	arit=8	ndef=1	prime=
v_roi_by_track	view	vigente=migrations/signal_history.sql:47	2026-03-14	arit=13	ndef=1	prime=
verifica_catena_notturna	function	vigente=migrations/orologio_action_notturne_2026-10-09.sql:346	2026-10-09	arit=5	ndef=1	prime=
verifica_lancio_action	function	vigente=migrations/orologio_action_notturne_2026-10-09.sql:262	2026-10-09	arit=3	ndef=1	prime=
