components/controlroom/BottoneChiudiRiga.tsx:29	export const SCADENZA_CONFERMA_MS = 10_000;
components/controlroom/CashOutGlobale.tsx:35	export const SCADENZA_ARMATURA_MS = 10_000;
components/controlroom/InterruttoreUscite.tsx:26	export const ATTESA_CONFERMA_USCITE_MS = 400;
components/controlroom/PannelloBot.tsx:568	const ATTESA_CONFERMA_MS = 400;
components/controlroom/PannelloBot.tsx:623	const t = window.setInterval(() => ticAttesa((n) => n + 1), 1000);
components/controlroom/RigaCapacitaMercati.tsx:46	const t = window.setInterval(() => setNowMs(Date.now()), 30_000);
components/controlroom/RigaFreno.tsx:31	const ATTESA_CONFERMA_MS = 400;
components/controlroom/RigaFreno.tsx:32	const RILETTURA_MS = 30_000;
components/controlroom/RigaFreno.tsx:137	const t = window.setInterval(() => setNowMs(Date.now()), 1_000);
components/controlroom/RigaFreno.tsx:143	const t = window.setInterval(() => void ricarica(), riletturaMs);
components/controlroom/RigaOrdiniReali.tsx:47	const ATTESA_CONFERMA_MS = 400;
components/controlroom/RigaOrdiniReali.tsx:48	const RILETTURA_MS = 30_000;
components/controlroom/RigaOrdiniReali.tsx:50	const RILETTURA_CANALE_MIN_MS = 2_000;
components/controlroom/RigaOrdiniReali.tsx:154	const t = window.setInterval(() => setNowMs(Date.now()), 1_000);
components/controlroom/RigaOrdiniReali.tsx:160	const t = window.setInterval(() => void ricarica(), riletturaMs);
components/controlroom/SchedaChiusura.tsx:94	const t = setInterval(() => setNowMs(Date.now()), 1000);
components/controlroom/SchedaChiusuraOmega.tsx:69	const t = setInterval(() => setNowMs(Date.now()), 1000);
components/controlroom/SchedaPropostaOpportunita.tsx:207	const t = setInterval(() => setNowMs(Date.now()), 1000);
components/controlroom/chiudiRiga.ts:364	export const SCADENZA_ESITO_MS = 180_000;
components/controlroom/testata/FasciaStop.tsx:70	const CONFERMA_SCADE_MS = 10_000;
components/controlroom/useControlRoom.ts:210	export const RICARICA_MS = 30_000;
components/controlroom/useControlRoom.ts:234	const TICK_MS = 1_000;
components/controlroom/useControlRoom.ts:1498	const t = window.setInterval(ricarica, RICARICA_MS);
components/controlroom/useControlRoom.ts:1902	const t = window.setInterval(fotografa, TICK_MS);
components/controlroom/useControlRoom.ts:1991	const t = window.setInterval(() => setNowMs(Date.now()), TICK_MS);
components/controlroom/useControlRoom.ts:3276	const t = setInterval(() => { void leggi(); }, 1500);
components/controlroom/useControlRoom.ts:3774	const t = window.setInterval(() => { void giro(); }, 2_000);
components/controlroom/useSeguiOrdini.ts:30	export const RILETTURE_MAX_MS = 90_000;
components/controlroom/useSeguiOrdini.ts:34	export const GIRO_MS = 2_000;
components/controlroom/useSeguiOrdini.ts:135	const t = window.setInterval(() => { void giro(); }, GIRO_MS);
components/controlroom/useTennisVivo.ts:253	const t = window.setInterval(() => setNowMs(Date.now()), 1000);
components/live/DepthPanel.tsx:194	const t = setInterval(() => setNow(Date.now()), 1000);
components/live/DutchingPanel.tsx:68	export const DUTCH_FRESH_MS = 10_000;
components/live/DutchingPanel.tsx:125	const t = setInterval(() => setNowTick(Date.now()), 2000);
components/live/FlussoStreamBanner.tsx:29	const t = setInterval(() => setOra(Date.now()), ms);
components/live/GridView.tsx:59	const CONFIRM_TTL_MS = 6000;
components/live/GridView.tsx:61	const POSITIONS_POLL_MS = 5000;
components/live/GridView.tsx:62	const FLASH_MS = 260;          // durata del flash direzionale sull'LTP
components/live/GridView.tsx:289	const t = setInterval(() => { void refreshPositions(); }, POSITIONS_POLL_MS);
components/live/HabitatCard.tsx:50	const id = setInterval(() => void load(), pollMs);
components/live/LadderView.tsx:198	const ORDERS_POLL_MS = 5000;       // poll ordini/posizioni SENZA realtime (fallback legacy).
components/live/LadderView.tsx:199	const ORDERS_RECONCILE_MS = 10000; // con realtime WS attivo: sola riconciliazione lenta di sicurezza.
components/live/LadderView.tsx:203	const CONFIRM_TTL_MS = 6000;
components/live/LadderView.tsx:1593	const t = setInterval(() => setKellyTick(k => k + 1), 30_000);
components/live/LadderView.tsx:1800	const t = setInterval(() => {
components/live/LiveControlsPanel.tsx:132	const t = setInterval(reload, pollMs);
components/live/LiveSignalPanel.tsx:22	const HEARTBEAT_STALE_MS = 30_000;
components/live/LiveSignalPanel.tsx:100	const id = setInterval(() => setNowTick(Date.now()), 10_000);
components/live/LiveTradingPanel.tsx:183	const t = setInterval(reload, pollMs);
components/live/MiniPriceChart.tsx:13	const BUCKET_MS = 15_000;   // una candela ogni 15s (≈ scalping timeframe)
components/live/RiskRulesPanel.tsx:267	const t = setInterval(reload, pollMs);
components/live/ScalperPanel.tsx:153	const t = setInterval(() => { setAdesso(Date.now()); void refresh(); }, pollMs);
components/live/SelectionChartPanel.tsx:37	const DEFAULT_BUCKET_MS = 15_000;
components/live/TerminalPositionsRail.tsx:32	const POLL_MS = 4000;
components/live/TerminalPositionsRail.tsx:96	const t = setInterval(load, POLL_MS);
components/live/XHedgePanel.tsx:37	const XHEDGE_FRESH_MS = 30_000;
components/live/XHedgePanel.tsx:205	const t = setInterval(reload, pollMs);
components/live/XHedgePanel.tsx:321	const t = setInterval(() => { void reloadAhRules(); }, pollMs);
components/mike/MikeCashOutButton.tsx:23	export const MIKE_LIVE_ARM_TIMEOUT_MS = 10_000;
components/mike/MikeMatchCard.tsx:355	export const MIKE_FLATTEN_ARM_TIMEOUT_MS = 10_000;
components/mike/useMike.ts:33	const POLL_MS = 15_000;
components/mike/useMike.ts:35	export const RELOAD_DEBOUNCE_MS = 1_500;
components/mike/useMike.ts:188	const poll = window.setInterval(run, POLL_MS);
components/mike/useMikeClock.ts:19	timer = window.setInterval(() => {
components/omega/ManualPanel.tsx:181	const t = window.setInterval(() => setNowMs(Date.now()), 2000);
components/omega/ManualPanel.tsx:210	const t = setInterval(() => { loadEvents(); loadRequests(); }, 8000);
components/omega/MissionCard.tsx:230	const t = setInterval(load, 15_000);
components/omega/MissionPanel.tsx:299	const poll = setInterval(() => { reload().catch(onErr); }, 10_000);
components/omega/MissionPanel.tsx:333	const t = window.setInterval(() => { void load(); }, 10_000);
components/omega/MissionPanel.tsx:374	const t = window.setInterval(() => setNowMs(Date.now()), 30_000);
components/safestrategy/InvestAction.tsx:79	export const LIVE_ARM_TIMEOUT_MS = 10_000;
components/safestrategy/OpportunityGroup.tsx:134	export const OPP_ROW_STALE_MS = 60_000;
components/safestrategy/SafeStrategyProvider.tsx:69	const BACKUP_POLL_MS = 30_000;
components/safestrategy/SafeStrategyProvider.tsx:71	const FLUSH_MS = 400;
components/safestrategy/SafeStrategyProvider.tsx:76	const REEVAL_MS = 5_000;
components/safestrategy/SafeStrategyProvider.tsx:269	const poll = window.setInterval(load, BACKUP_POLL_MS);
components/safestrategy/SafeStrategyProvider.tsx:301	const t = window.setInterval(() => setEvalTick((v) => v + 1), REEVAL_MS);
components/safestrategy/useSafeBot.ts:28	const POLL_MS = 15_000;
components/safestrategy/useSafeBot.ts:35	export const RELOAD_DEBOUNCE_MS = 1_200;
components/safestrategy/useSafeBot.ts:36	const OPPS_FLUSH_MS = 400;
components/safestrategy/useSafeBot.ts:251	const poll = window.setInterval(run, POLL_MS);
components/tennis/TennisBotPanel.tsx:53	const RECONCILE_MS = 30000;
components/tennis/TennisBotPanel.tsx:511	const t = setInterval(() => void refresh(), RECONCILE_MS);
components/tennis/TennisBotPanel.tsx:521	const t = setInterval(() => setNowTs(Date.now()), 1000);
components/tennis/TennisMatchStats.tsx:38	const STALE_MS = 15_000;
components/tennis/TennisMatchStats.tsx:113	const id = window.setInterval(() => setNow(Date.now()), 1000);
components/trading/CashOutButton.tsx:128	export const LIVE_ARM_TIMEOUT_MS = 10_000;
components/watchlist/PlacedOrdersPanel.tsx:15	const FAST_MS = 3000;   // poll mentre ci sono ordini in corso
components/watchlist/PlacedOrdersPanel.tsx:16	const SLOW_MS = 15000;  // poll quando tutti gli ordini sono conclusi
components/watchlist/WatchlistPanel.tsx:184	ackTimer.current = window.setInterval(tick, 20_000);
lib/betfair.ts:77	const REFRESH_POLL_MS = 1500;
lib/betfair.ts:78	const REFRESH_TIMEOUT_MS = 60_000;
lib/betfair.ts:156	const ORDER_POLL_MS = 1500;
lib/betfair.ts:157	const ORDER_TIMEOUT_MS = 90_000;
lib/chiuseGiornata.ts:40	export const SCADENZA_OGGI_MS = 60_000;
lib/chiuseGiornata.ts:167	export const MARGINE_LETTURA_MS = 5 * 60_000;
lib/esitoAbbinamento.ts:64	export const SCADENZA_SEGUITO_MS = 180_000;
lib/fairOverlay.ts:32	export const FAIR_MAX_AGE_MS = 150_000;
lib/live.ts:366	const WINDOW_MS = 10 * 60_000;       // finestra di fetch: 10 minuti
lib/live.ts:373	const PRE_MATCH_MAX_MS = 4 * 3600_000;
lib/liveOrders.ts:118	export const LIVE_ORDER_POLL_MS = 1000;
lib/liveOrders.ts:119	export const LIVE_ORDER_TIMEOUT_MS = 90_000;
lib/localChannel.ts:70	const RECONNECT_MIN_MS = 1_000;   // backoff iniziale
lib/localChannel.ts:71	const RECONNECT_STEP_MS = 1_000;  // incremento lineare
lib/localChannel.ts:72	const RECONNECT_MAX_MS = 5_000;   // tetto backoff
lib/localChannel.ts:73	export const LOCAL_REQUEST_TIMEOUT_MS = 10_000;
lib/localTransport.ts:381	const timer = setInterval(riallinea, passoControllo);
lib/matching.ts:50	export const DEFAULT_DELAY_MS = 5000;
lib/mediaUnder.ts:258	export const ATTESA_ESITO_CLIC_MS = 20_000;
lib/omega.ts:1518	export const EVENT_FINISHED_AFTER_MS = 3 * 3600_000;
lib/opportunities/tier1_quasi.ts:571	const REVERSION_WINDOW_MS = 120_000;
lib/replayOperazioni.ts:80	export const FINESTRA_SOSTITUZIONE_MS = 5000;
lib/replayTimelineEvents.ts:92	const FINESTRA_GOL_MS = 180_000;
lib/replayTimelineEvents.ts:95	const BUCKET_FINALE_MS = 10_000;
lib/replayVerificaBarra.ts:132	export const BUCKET_BARRA_MS = 10_000;
lib/replayVerificaBarra.ts:134	const PRE_MATCH_MAX_MS = 4 * 3600_000;
lib/replayVerificaBarra.ts:136	const BUCKET_SERVER_PRE_MAX_MS = 300_000;
lib/replayVerificaBarra.ts:137	const BUCKET_SERVER_IN_MAX_MS = 60_000;
lib/replayVerificaBarra.ts:138	const TOLLERANZA_ESTREMO_INIZIO_MS = BUCKET_SERVER_PRE_MAX_MS + BUCKET_BARRA_MS;
lib/replayVerificaBarra.ts:139	const TOLLERANZA_ESTREMO_FINE_MS = BUCKET_SERVER_IN_MAX_MS + BUCKET_BARRA_MS;
lib/replayVerificaBarra.ts:140	const TOLLERANZA_ESTREMO_FINE_PRE_MS = BUCKET_SERVER_PRE_MAX_MS + BUCKET_BARRA_MS;
lib/replayVerificaBarra.ts:141	const TOLLERANZA_KICKOFF_META_MS = BUCKET_SERVER_IN_MAX_MS + BUCKET_BARRA_MS;
lib/replayVerificaBarra.ts:142	const TOLLERANZA_KICKOFF_DICHIARATO_MS = 120_000;
lib/replayVerificaBarra.ts:143	const RITARDO_KICKOFF_MAX_MS = 60_000;
lib/replayVerificaBarra.ts:144	const SOGLIA_BUCO_IN_GIOCO_MS = 75_000;
lib/replayVerificaBarra.ts:145	const SOGLIA_BUCO_PRE_MS = BUCKET_SERVER_PRE_MAX_MS + BUCKET_BARRA_MS + 20_000;
lib/replayVerificaBarraCalcio.ts:55	const FINESTRA_ABBINAMENTO_GOL_MS = 180_000;
lib/replayVerificaBarraCalcio.ts:58	const FINESTRA_VAR_MS = 5 * 60_000;
lib/rilettureMirate.ts:23	export const MINIMO_RILETTURA_MS = 2_000;
lib/ritorno.ts:56	export const VALIDO_PER_MS = 15 * 60 * 1000;
lib/safeBot.ts:1094	export const FEED_ROW_STALE_MS = 20_000;
lib/safeBot.ts:1098	export const FEED_HARD_MAX_MS = 120_000;
lib/safeBot.ts:1102	export const SCANNER_STALE_MS = 45_000;
lib/safeBot.ts:1531	export const OPP_ROW_MAX_AGE_MS = 30 * 60_000;
lib/useApplicaBot.ts:16	export const ATTESA_BANCO_SPENTO_MS = 20_000;
lib/useApplicaBot.ts:18	export const RILETTURA_ESITO_MS = 3000;
lib/useApplicaBot.ts:51	const id = setInterval(() => {
pages/Board.tsx:80	const t = setInterval(() => setNowTick(Date.now()), 1000);
pages/LivePnl.tsx:238	const t = setInterval(load, 30_000);
pages/LivePnl.tsx:261	const t = setInterval(load, 15_000);
pages/LivePnl.tsx:274	const t = setInterval(load, 15_000);
pages/MarketWatch.tsx:180	const t = setInterval(load, 30_000);
pages/MarketWatch.tsx:226	const t = setInterval(load, 10_000);
pages/MarketWatch.tsx:287	const t = setInterval(load, 30_000);
pages/MarketWatch.tsx:327	const t = setInterval(load, 10_000);
pages/MatchReplay.tsx:75	const PLAY_NORMAL_MS = 1000;
pages/MatchReplay.tsx:76	const PLAY_FAST_MS = 300;
pages/MatchReplay.tsx:244	const TIMELINE_BUCKET_MS = 10_000;
pages/MatchReplay.tsx:749	const id = setInterval(() => {
pages/Mike.tsx:95	const t = window.setInterval(() => setNowMs(Date.now()), 5_000);
pages/Mike.tsx:102	const t = window.setInterval(load, 15_000);
pages/Omega.tsx:86	const REALTIME_DEBOUNCE_MS = 1200;
pages/Omega.tsx:274	const poll = setInterval(() => { reload().catch(onReloadError); }, 15_000);
pages/Omega.tsx:292	const t = window.setInterval(() => setNowMs(Date.now()), 5_000);
pages/Omega.tsx:301	const t = window.setInterval(load, 15_000);
pages/SafeStrategy.tsx:138	const t = window.setInterval(load, 15_000);
pages/SafeStrategy.tsx:190	const t = window.setInterval(() => setNowMs(Date.now()), 10_000);
pages/SafeStrategy.tsx:607	const t = window.setInterval(leggi, 15_000);
pages/SeguiLive.tsx:226	const t = setInterval(load, 10_000);
pages/SeguiLive.tsx:283	const t = setInterval(() => { void load(); }, 15_000);
pages/SeguiLive.tsx:299	const t = setInterval(() => setNowTick(Date.now()), 1000);
pages/SeguiLive.tsx:888	const id = setInterval(() => setNowTick(Date.now()), 5000);
pages/SeguiLive.tsx:1012	const id = setInterval(reloadFollows, 15000);
pages/StoricoSport.tsx:76	const id = setInterval(() => setOggiVivo(oggiOperativo()), 60_000);
pages/TennisReplay.tsx:86	const PLAY_NORMAL_MS = 1000;
pages/TennisReplay.tsx:87	const PLAY_FAST_MS = 300;
pages/TennisReplay.tsx:89	const TIMELINE_BUCKET_MS = 10_000;
pages/TennisReplay.tsx:455	const id = setInterval(() => {
pages/TennisTerminal.tsx:96	const t = setInterval(() => setNowTick(Date.now()), 1000);
