engine.py	MARKET_OU35	eeb6d2f51679
engine.py	MARKET_OU45	a2459b4d4899
engine.py	SEL_UNDER	45b4804c32a1
engine.py	SEL_OVER	6e83e06f6b5b
engine.py	LINE	4644399d9bd5
engine.py	STATES	f9d4a8d38f9a
engine.py	TERMINAL_STATES	67ab3be76e18
engine.py	ROLES	7eee4e6c634b
engine.py	OPENING_ROLES	de7d89f8cd35
engine.py	CLOSING_ROLES	0040d867015a
engine.py	UNDER_ROLES	e0c2d605707f
engine.py	STATUS_RECONCILE	0537568ffa29
engine.py	EXIT_KINDS	33f1cdedc689
engine.py	IT_BACK_MIN	64e2c02796b8
engine.py	IT_LAY_MIN	c9644c36b965
engine.py	IT_BACK_STEP	93bf774d2bf2
engine.py	COVER_LAY_U45	40c38ca86c7a
engine.py	COVER_BACK_O45	4914f0afff09
engine.py	SUBMIN_FLOOR	1b8d244f8d2a
engine.py	_EPS	a7750108b00a
engine.py	_FLAT_EPS	fb50c18e0c31
engine.py	Book	a63a6c9c06d5
engine.py	Leg	ed9b75ae0f27
engine.py	Snapshot	62c1af8903e3
engine.py	MatchCtx	0e9e7cba370f
engine.py	Action	6a4f01ab2649
engine.py	Decision	df45b0ccd24c
engine.py	CashoutValue	2622bdacbc88
engine.py	SettleResult	c1896c760a42
engine.py	green_target	da5471611aa4
engine.py	locked_pnl_back	17f4c41b8043
engine.py	cover_size	0f08cc581010
engine.py	cover_residual	7621ef766c96
engine.py	cover_residual_lay	5786aabd5e38
engine.py	cover_form	29dfebdd3364
engine.py	cover_size_residual	3dce0efd8b5a
engine.py	cover_matched_value	72e7deb47c7c
engine.py	under_liability	e13de850d048
engine.py	legalize_back_size	11e97022ff92
engine.py	cover_legal_size	0d3a05b56406
engine.py	needs_submin	1dc86c37142a
engine.py	cycle_label	c6bf2b6a5424
engine.py	STATO_APERTO	6a3bbf2ca2a8
engine.py	STATO_SOSPESO	6a4963aa5570
engine.py	STATO_CHIUSO	e302febd9000
engine.py	STATO_IGNOTO	13714d64c833
engine.py	stato_mercato	9bc6f2d71897
engine.py	operabile	10a492dd5188
engine.py	appoggiabile_in_gioco	bae7b824942c
engine.py	riaprira	1b6db3914ec2
engine.py	price_ok	8ecf7914639c
engine.py	size_ok	4a43ea1684ae
engine.py	VIA_DIRETTA	7c161741da72
engine.py	VIA_SUBMIN	e96d17df1bce
engine.py	VIA_LEGALIZZATA	a072a852c3b5
engine.py	VIA_NON_SI_MANDA	ed3580ab3b20
engine.py	minimo_listino	0dcf6bd363c1
engine.py	via_ordine	fe535232cbf5
engine.py	selection_wins	e85616c6eb0e
engine.py	selection_decided	6c93387a6220
engine.py	exposure	8ee220115c9c
engine.py	selezioni_con_gambe	9820799d93f8
engine.py	tolleranza_piatto_ou45	1f9a4d16a328
engine.py	residuo_non_piazzabile	abe0f25c0a20
engine.py	_tele_residuo	5a870f637bd6
engine.py	_chiave_ou45	30828a66fa60
engine.py	open_selections	650cec66949f
engine.py	selezioni_da_sorvegliare	bbe1c30a35ba
engine.py	live_open_selections	3ba72ac74867
engine.py	position	9cdc02d5f91a
engine.py	invested	9f0a3923e4ec
engine.py	_market_pnl_by_total	2c1ff8cf106c
engine.py	_net	0df20bce4290
engine.py	net_pnl_by_total	e5cd21c7006a
engine.py	_banca_di_apertura	d6be5b71b55d
engine.py	puntata_equivalente	ff18fc457f5b
engine.py	ripiego_chiusura_sotto_minimo	741a9f537586
engine.py	cashout_value	5c29502f8978
engine.py	MAX_CANCELLED_PER_ROLE	2dd04f5b4249
engine.py	pnl_indipendente_dal_risultato	62633d13a66f
engine.py	prune_dead_legs	c6ce97e39a0a
engine.py	drift_ticks	3f9fc76fbcc6
engine.py	active_legs	96af1b355d95
engine.py	_assume_matched	8b563966b534
engine.py	event_liability	4d9f493be757
engine.py	locked_pnl	d995f21482db
engine.py	exit_kind_for	e1941e3c8798
engine.py	_APERTURE_DEL_RUOLO	258f276b6e1f
engine.py	opening_ref	452ec9c6d99d
engine.py	should_cashout	37ad0acf7605
engine.py	loss_exit_ok	b502f5d23de3
engine.py	_PROB_KEY	0d6bc82a4cef
engine.py	_DEAD_PRICE	9948c8640d2f
engine.py	_prob_utilizzabile	6435bd61da6b
engine.py	projected_books	926d42bc52e7
engine.py	smart_cashout	ea578a06e849
engine.py	blend_totals	bf9dbcc00b41
engine.py	hold_expectation	3f0b7dedaf66
engine.py	loss_exit_model	e6d691c70696
engine.py	cover_timing	25ea0342cb78
engine.py	winners_from_total	6b911ec719f9
engine.py	settle_legs	0f0b13e7be63
engine.py	settle_legs_by_market	0a9facc8805e
engine.py	pnl_cicli_chiusi	4fe4526ad5d9
engine.py	riepilogo_cicli	d54bd3e18f81
engine.py	posizione_per_selezione	22fffc7b4f0f
engine.py	_legs	5e14e5cb5256
engine.py	_last	5ca7b6d0b8bf
engine.py	_cancel_live	5f618d4c1e2d
engine.py	punta_a_multiplo	3342dfad5e95
engine.py	_place	f0b999b1cfb5
engine.py	chiave_richiesta	de24f07926fd
engine.py	registra_rifiuto	999f5289013a
engine.py	tentativo_gia_rifiutato	9e0cdb4e5d2e
engine.py	_stessa_richiesta_rifiutata	595cdf6aa593
engine.py	MOTIVO_FEED_STANTIO	03cfce4447e6
engine.py	gia_respinta_a_feed_stantio	06e5909dc2c3
engine.py	_tieni_a_feed_stantio	a964d694c69a
engine.py	motivo_del_rifiuto	d768704e025d
engine.py	RIFIUTI_PER_TAGLIA	141ab97766be
engine.py	chiusura_gia_rifiutata	b84d3067e0bf
engine.py	RUOLI_CHIUSURA_A_MERCATO	a7da86f97696
engine.py	attesa_ritento_chiusura	ce1c0a157d89
engine.py	COVER_BLOCCATA	290f37f5d426
engine.py	COVER_FUORI_PREZZO	eb4d4c0c8b4f
engine.py	COVER_U35_NON_LEGGIBILE	1f8410dd76a3
engine.py	banca_under45_equivalente	0c1781a840c5
engine.py	_punta_over45_fuori_prezzo	e317a27c2e8d
engine.py	_cover_rifiuti	871f6e6c5656
engine.py	registra_rifiuto_copertura	8f92af753a9e
engine.py	copertura_bloccata	a136080b7c7f
engine.py	segna_tentativo_copertura	555c86ad450d
engine.py	attesa_ritento_copertura	9b3a1a0b950d
engine.py	sblocca_copertura	f6dfd92ef09a
engine.py	copertura_in_corso	f2fb5aef8165
engine.py	_under_position	6c735bc0dd08
engine.py	cashout_base	9265434233eb
engine.py	_cashout_base	6198c1930705
engine.py	cover_place_price	928dced28c6b
engine.py	cover_place_price_lay	ce438cd6f972
engine.py	liability_room	6240d1bd5df5
engine.py	size_chiudibile	a4d978eb45e8
engine.py	ordini_vivi_su	7c2a6d1878fd
engine.py	_stessa_posizione	f3e9bb22b970
engine.py	RUOLI_CHIUSURA_DI_SERIE	f43fa786eb88
engine.py	_close_actions	0737bc98b6c0
engine.py	MANUAL_ROLE_MAP	2ada60e6bd5a
engine.py	force_flat_plan	ff747a99679f
engine.py	force_flat_actions	97f29b821b22
engine.py	_pending_closings	200ea801d495
engine.py	has_unknown_orders	33fcce2841af
engine.py	ha_esposizione	30708bdaea9f
engine.py	_strip_openings	689ac828f33d
engine.py	lay_in_volo	0850e4162715
engine.py	_una_sola_lay	e28296736540
engine.py	copertura_in_volo	d6b87c1abadc
engine.py	_mai_sovracopertura	c225c6a03d26
engine.py	_freno_copertura	86dd335cdcf8
engine.py	_decide_flatten	8f52a9cd26ce
engine.py	CATEGORIA_RESIDUO	354f0b1781da
engine.py	_NOME_MERCATO	3f1616ae9c7a
engine.py	_lato_it	38d9fbef597d
engine.py	_ordine_proposto	47d624b4c80b
engine.py	_ordini_che_chiudono	216c3dd46110
engine.py	_testo_ordine	bf93d239b7d7
engine.py	_proposta_residuo	3aac61645491
engine.py	_alternative_residuo	0fda20cb8d8b
engine.py	_guardia_minimo_listino	10b84e764fee
engine.py	_controllo_di_piatto	9463b683544b
engine.py	_dichiara_residuo	acd3cc559fd1
engine.py	_proposta_residuo_finale	0b59601612ca
engine.py	_ultime_guardie	2f3099bdb668
engine.py	decide	17a1e3f809fe
engine.py	USCITE_DISCREZIONALI	510ab60c4790
engine.py	MOTIVI_PROTEZIONE	283e6b318451
engine.py	STATI_USCITA_IN_CORSO	4035919b174a
engine.py	_CANCEL_SEMPRE	d727b7bda732
engine.py	APPROVAZIONE_TTL_S	2f4c68ddb0ff
engine.py	uscite_automatiche	19f9025ff2f6
engine.py	categoria_uscita	861b7ab99f31
engine.py	chiave_uscita	36dc13861f72
engine.py	uscita_in_perdita	94417c670692
engine.py	_uscita_gia_in_corso	b057755541ec
engine.py	_approvazione_valida	e7cd51e7206d
engine.py	_stessa_uscita_firmata	47ad5f80437b
engine.py	_con	e352210c1de2
engine.py	_decadi	2bc4e420de91
engine.py	gate_uscite	0fd153eb135c
engine.py	_dispatch	1c0bddd0347d
engine.py	_entry_guard	349e50678686
engine.py	VETO_U35_NODI	f4a10875de41
engine.py	VETO_U35_NOTE	bab99ad702a3
engine.py	veto_u35_acceso	0c4daad31489
engine.py	soglia_veto_under35	4a22514c4192
engine.py	valuta_veto_under35	bb180cb64caa
engine.py	_decide_prematch	8bf2f12342d6
engine.py	_after_entry_fill	37b7b7c5f799
engine.py	_cycle_done	32d5d54cb5f6
engine.py	_after_final_green	019a7d2855ee
engine.py	_ULTIMO_INGRESSO_RINUNCIA	765e8738c652
engine.py	_ultimo_ingresso	d801ee6a2fa9
engine.py	gol_dopo_il_fischio	42d0b18d9f3d
engine.py	momento_del_gol	347129423632
engine.py	finestra_uscita_scaduta	01167926db15
engine.py	piano_uscita_ko	34c8dc0286ae
engine.py	_decide_ko_green	6928030ed9c7
engine.py	_decide_second_entry	3b09814507ac
engine.py	attesa_prima_tranche	30f6e992aaba
engine.py	frazione_copertura	7c653a8b1846
engine.py	CHIUSURA_PROFITTO_TICK_MIN	7b0bf35587e9
engine.py	COPERTURA_NON_ESEGUIBILE	f85e03798f98
engine.py	_chiusura_profitto_del_ciclo	bdb9d8906569
engine.py	_chiusura_in_profitto_se_non_copribile	baeee3dddfb9
engine.py	_segui_chiusura_in_profitto	66f1ca13276e
engine.py	_decide_uncovered	6bb88a7891f7
engine.py	_copertura_banca	0890c965be0f
engine.py	_late_persist_cancel	4368a8a20c0a
engine.py	_decide_cover_pending	7189e1207777
engine.py	_riprezzo_copertura_banca	cf3114723b52
engine.py	_loss_rule	d077a18fee69
engine.py	_decide_covered	c2c35c60d061
engine.py	_decide_closing	0d47b4d6ce5d
engine.py	residuo_non_chiudibile	7827f734f85b
engine.py	_decide_flat	27576c300abf
engine.py	_decide_reentry_pending	b14726caf6b3
engine.py	_decide_reentry_open	71f84a581feb
engine.py	_decide_reentry_green_pending	02f1002a4a2e
engine.py	apply_decision	43b73a87cc28
feed.py	_LINE_TO_MARKET	c6db8c70977b
feed.py	EventInfo	4f0c5f76edf8
feed.py	parse_iso_epoch	9e3e28811c47
feed.py	_num	087f47209394
feed.py	blocco_osservato	2c70c158fd52
feed.py	mercati_fermi	43706d063a8e
feed.py	linea_decisa	be6f02392bb0
feed.py	linea_di_riferimento	4ceac6a98b2d
feed.py	mercati_di_mike	34fd531dd6c2
feed.py	flusso_esito	e66466ffc869
feed.py	_NOME_LINEA	1dfc067c5ae4
feed.py	_adesso_ms	5340a6263cc6
feed.py	linee_ferme_mike	b6ed8e5f8b75
feed.py	testo_flusso_mike	37da8295a2b7
feed.py	secondi_fermo_mike	8d6831cc330f
feed.py	payload_blocchi_ou	568503962e0b
feed.py	blocco_da_rest	56bd484947cf
feed.py	ou_blocks	dde467da1ae3
feed.py	event_info	cd775a81a0bf
feed.py	_book_for	9e82d6504917
feed.py	implied_p4	ab843a242a6b
feed.py	market_totals	8816e8138859
feed.py	ht_active_from_payload	72cead611041
feed.py	goals_from_payload	c84938005ddd
feed.py	_hard_max_age	2e293bc11be7
feed.py	feed_fresh	cf6da23213a8
feed.py	order_fresh	0eb98491f8c5
feed.py	snapshot_from_row	dcba4aaf10b8
feed.py	is_candidate	1a3243542491
dossier.py	logger	abf9d2272630
dossier.py	DEFAULT_RHO	70a02c7ab2ef
dossier.py	MAX_GOALS	3b7b70c98a34
dossier.py	_AVVISATO	b4415c102a3e
dossier.py	load_atlas	7c9f0c6e1bca
dossier.py	_p_total	07c962123d76
dossier.py	p4_from_lambdas	c7022dfad737
dossier.py	_id_int	a7ad336290b0
dossier.py	build_prematch	fc2fed7b34cd
dossier.py	combine_hazard	c88b86026e3f
dossier.py	cover_gain_pct	f62d66603009
dossier.py	_EMPIRICAL_CACHE	242322bfef6f
dossier.py	_EMPIRICAL_FAILED	3cbc3ca2f1da
dossier.py	_EMPIRICAL_RETRY_S	0d6a6644a8d6
dossier.py	get_empirical	11473a404d6d
dossier.py	p_total_from_grid	5a5a686aed57
dossier.py	p_total_empirical	c130238e1b1e
dossier.py	_p_le	6e34a7211251
dossier.py	model_probs_from_grids	dbbf45db4908
dossier.py	lambdas_con_ripiego	a734431520be
dossier.py	live_frame	b747f013ff73
config.py	PARAM_SPEC	594227545830
config.py	PARAM:stake	e3100e0fd982
config.py	PARAM:commission_pct	7b26cb2efc6a
config.py	PARAM:entry_hours_before_ko	2bf461ff9aef
config.py	PARAM:competition_filter	49237b05513f
config.py	PARAM:decide_min_interval_ms	7784cf95381d
config.py	PARAM:feed_max_age_s	f74e1ed92768
config.py	PARAM:scanner_alive_max_s	e6f90372988b
config.py	PARAM:book_seen_max_s	5ffb318ba1f8
config.py	PARAM:order_max_age_s	f4ffd79ce006
config.py	PARAM:order_scanner_max_s	d99697e34d5d
config.py	PARAM:pre_enabled	775e806f1199
config.py	PARAM:pre_entry_price_min	5cc19d65c5aa
config.py	PARAM:pre_entry_price_max	0d280f5ce5c2
config.py	PARAM:pre_min_back_size_factor	5d5edec7c4a6
config.py	PARAM:pre_max_spread_ticks	bd263d2d5106
config.py	PARAM:pre_green_ticks	55c6c47217d9
config.py	PARAM:pre_exit_mode	bf1cb47c8234
config.py	PARAM:live_resting_enabled	775e806f1199
config.py	PARAM:pre_entry_ttl_s	166df50b2a45
config.py	PARAM:pre_max_cycles	a0a6e304923f
config.py	PARAM:pre_reentry_cooldown_s	526cf76af8e7
config.py	PARAM:pre_last_entry_min	40883fddb37f
config.py	PARAM:last_entry_persist	775e806f1199
config.py	PARAM:last_entry_ticks_above	f57ca7db2af4
config.py	PARAM:veto_p_under35_cal	775e806f1199
config.py	PARAM:veto_p_under35_soglia_130	8586dd02267c
config.py	PARAM:veto_p_under35_soglia_150	f7bb16531bd4
config.py	PARAM:veto_p_under35_soglia_200	620d24ec3eda
config.py	PARAM:veto_p_under35_soglia_250	386293b6cbe6
config.py	PARAM:veto_p_under35_soglia_300	bbdb082fa8ea
config.py	PARAM:cancel_unmatched_after_ko_s	f37869bcd311
config.py	PARAM:ko_green_enabled	775e806f1199
config.py	PARAM:ko_green_ticks	55c6c47217d9
config.py	PARAM:ko_green_window_s	fa1ec44db600
config.py	PARAM:ko_green_retry_s	e67b67a73b97
config.py	PARAM:second_entry_enabled	775e806f1199
config.py	PARAM:second_entry_stake_pct	fd161e975801
config.py	PARAM:early_goal_cover_delay_s	f37869bcd311
config.py	PARAM:early_goal_cover_pct	3686215e0991
config.py	PARAM:early_goal_cover2_delay_s	fa1ec44db600
config.py	PARAM:cover_enabled	775e806f1199
config.py	PARAM:cover_profit_factor	1d2c137d055f
config.py	PARAM:cover_policy	33154d200338
config.py	PARAM:cover_wait_hazard_max	2d5903732a76
config.py	PARAM:cover_wait_max_min	c5ff7686cb09
config.py	PARAM:cover_wait_p4_max	eddde88b2f9d
config.py	PARAM:cover_good_price	cc251e64436c
config.py	PARAM:cover_wait_min_gain_pct	a097de102893
config.py	PARAM:cover_wait_step_min	fc975738a0ae
config.py	PARAM:cover_postgoal_delay_s	7f05282cad7c
config.py	PARAM:cover_max_goals	8544a2a76567
config.py	PARAM:cover_rounding	e289e2b802d3
config.py	PARAM:cover_max_overshoot_pct	60c6f745fad0
config.py	PARAM:cover_form	f8ff2c512ea4
config.py	PARAM:exact_sizes	775e806f1199
config.py	PARAM:cover_rifiuti_max	fd5ebe3ad07f
config.py	PARAM:cover_retry_min_s	77e867d3f986
config.py	PARAM:cashout_profit_pct	8d947c8cced1
config.py	PARAM:cashout_base	5ecb7bcddb09
config.py	PARAM:cashout_place_at_ticks	f57ca7db2af4
config.py	PARAM:cover_place_at_ticks	bb75caf40e98
config.py	PARAM:cashout_smart_enabled	775e806f1199
config.py	PARAM:uscite_automatiche	6d5f61409b87
config.py	PARAM:cashout_smart_min_pct	215274f15d12
config.py	PARAM:cashout_smart_tolerance_pct	215274f15d12
config.py	PARAM:cashout_smart_hazard_hot	3f31071e5b9a
config.py	PARAM:cashout_smart_pressure_hot	ea7e37c28ff6
config.py	PARAM:cashout_smart_goals_hot	6985d085dbac
config.py	PARAM:cashout_smart_ev_margin_pct	faa411d8893c
config.py	PARAM:close_retry_s	38481a69ca3b
config.py	PARAM:close_max_attempts	cde64a6a2d38
config.py	PARAM:loss_exit_mode	dbcb45ce2a3a
config.py	PARAM:loss_exit_risk_premium_pct	42b4f93e8c90
config.py	PARAM:loss_exit_p4_prudent	775e806f1199
config.py	PARAM:loss_exit_max_pct	5ea95fd9685e
config.py	PARAM:loss_exit_emp_min_n	a5538fa6967e
config.py	PARAM:ht_loss_exit_enabled	775e806f1199
config.py	PARAM:ht_loss_pct	f472ea17e3be
config.py	PARAM:ht_loss_goals_min	6985d085dbac
config.py	PARAM:ht_loss_goals_max	1b00287f3c6a
config.py	PARAM:h2_loss_exit_enabled	775e806f1199
config.py	PARAM:h2_loss_pct	f472ea17e3be
config.py	PARAM:h2_loss_from_min	8a3ac3cdfecc
config.py	PARAM:h2_loss_to_min	1e6652ac407e
config.py	PARAM:reentry_enabled	775e806f1199
config.py	PARAM:reentry_green_ticks	55c6c47217d9
config.py	PARAM:reentry_max_goals	6a23459e2864
config.py	PARAM:reentry_until_min	17fbe2d053b1
config.py	PARAM:reentry_exit_until_min	47b4781215eb
config.py	PARAM:reentry_price_min_over_entry	775e806f1199
config.py	PARAM:reentry_hold_if_loss	6d5f61409b87
config.py	PARAM:settle_confirm_s	ed994ebc375f
config.py	PARAM:max_open_matches	992dc7583c3e
config.py	PARAM:daily_loss_stop	2d398f0befa1
config.py	PARAM:max_liability_per_match	7ebe9ef7b1e0
config.py	PARAM:event_loss_cap_pct	60b3da6092d4
config.py	PARAM:skip_log_interval_s	7ba556b083dc
config.py	PARAM:feed_cache_s	19ab98731617
config.py	PARAM:events_reload_s	0ff3c319e4b3
config.py	PARAM:aggregates_cache_s	fccb1fceea8a
config.py	PARAM:reconcile_every_s	6aceed294805
config.py	PARAM:idle_cycle_s	a5fca0da6f8d
config.py	PARAM:publish_heartbeat_s	cecb54ea8c33
config.py	PARAM:publish_idle_heartbeat_s	0ff3c319e4b3
config.py	PARAM:events_batch_write	775e806f1199
config.py	PARAM:stats_min_s	42b4f93e8c90
config.py	PARAM:heartbeat_min_s	fccb1fceea8a
