Betfair/omega/omega_engine.py	_LADDER	fedf4c1f5966
Betfair/omega/omega_engine.py	MIN_PRICE	141dbc992fc3
Betfair/omega/omega_engine.py	MAX_PRICE	47e38cdb6f86
Betfair/omega/omega_engine.py	_SCORELINE_RE	b5ed09869612
Betfair/omega/omega_engine.py	_tick_bounds	f4aec0537d4a
Betfair/omega/omega_engine.py	round_to_tick	1beecda17e43
Betfair/omega/omega_engine.py	tick_up	6f367d9433db
Betfair/omega/omega_engine.py	tick_down	83d3ac32e3b7
Betfair/omega/omega_engine.py	is_scoreline	18725fea9b9e
Betfair/omega/omega_engine.py	parse_scoreline	10132a8dd072
Betfair/omega/omega_engine.py	ScoreRunner	e92af1ad85d0
Betfair/omega/omega_engine.py	ScoreRunner.selection_id	70a513d05b18
Betfair/omega/omega_engine.py	ScoreRunner.name	3565575b3346
Betfair/omega/omega_engine.py	ScoreRunner.lay_price	468f0f6dcb2c
Betfair/omega/omega_engine.py	ScoreRunner.lay_size	b2a39d982b31
Betfair/omega/omega_engine.py	ScoreRunner.back_price	4bfe3fdd9515
Betfair/omega/omega_engine.py	ScoreRunner.back_size	e882119ddd48
Betfair/omega/omega_engine.py	ScoreRunner.lay_ladder	4ebe0f647bba
Betfair/omega/omega_engine.py	Selection	d9024d054189
Betfair/omega/omega_engine.py	Selection.selection_id	70a513d05b18
Betfair/omega/omega_engine.py	Selection.name	3565575b3346
Betfair/omega/omega_engine.py	Selection.price	c98fff41488a
Betfair/omega/omega_engine.py	Selection.lay_size_available	6dcb78662429
Betfair/omega/omega_engine.py	select_lay_runner	d41f8b0245ad
Betfair/omega/omega_engine.py	OPERATIONAL_TZ	29ced63fdc73
Betfair/omega/omega_engine.py	day_start_utc	574a8bbc634b
Betfair/omega/omega_engine.py	day_end_utc	55fa0e6ca97c
Betfair/omega/omega_engine.py	_ts_on_or_after	45f54dbf1917
Betfair/omega/omega_engine.py	dynamic_target	3cf98a295f57
Betfair/omega/omega_engine.py	lay_size_from_target	ac77cd56c0db
Betfair/omega/omega_engine.py	liability_from_lay	a33183b09c27
Betfair/omega/omega_engine.py	apply_liability_cap	c896f3f4f516
Betfair/omega/omega_engine.py	net_profit_if_win	2eeabacac4a7
Betfair/omega/omega_engine.py	PaperFill	ecf09aaa0501
Betfair/omega/omega_engine.py	PaperFill.matched_size	2d71d36a63a9
Betfair/omega/omega_engine.py	PaperFill.avg_price	b20e5f7bb6ca
Betfair/omega/omega_engine.py	PaperFill.fully_matched	7e68b0aef2b7
Betfair/omega/omega_engine.py	paper_fill	2e9bdfcf2614
Betfair/omega/omega_engine.py	posizione_manuale	4801144ab403
Betfair/omega/omega_engine.py	righe_della_modalita	a9c22f18b3c9
Betfair/omega/omega_engine.py	aggregate_trades	372047c7ea79
Betfair/omega/omega_engine.py	hedge_complete	569454c51326
Betfair/omega/omega_engine.py	locked_open_pnl	bfb03a31e373
Betfair/omega/omega_engine.py	realized_effective	72f317f3cec1
Betfair/omega/omega_engine.py	open_liability_effective	0f763ae7d99c
Betfair/omega/omega_engine.py	residual_liability	2a6dce08b08e
Betfair/omega/omega_engine.py	is_reconciling	b5d098803ee1
Betfair/omega/omega_engine.py	is_placed	dfc4026dada0
Betfair/omega/omega_engine.py	_order_matches	f09652a8f5ca
Betfair/omega/omega_engine.py	customer_ref_for	3f6ac700bb89
Betfair/omega/omega_engine.py	candidate_customer_refs	7a9f88e3b908
Betfair/omega/omega_engine.py	expected_customer_ref	4754316e292a
Betfair/omega/omega_engine.py	RECON_GRACE_S	59cfa7acf3f2
Betfair/omega/omega_engine.py	_age_seconds	6d036c158fdd
Betfair/omega/omega_engine.py	reconcile_decision	0e024ffcb169
Betfair/omega/omega_engine.py	_TERMINAL_RUNNER	5ba39b84726f
Betfair/omega/omega_engine.py	resolve_settlement	2497ea8fca6c
Betfair/omega/omega_engine.py	settle_pnl	aca6130c6f23
Betfair/omega/omega_engine.py	_PHASE_FINISHED	90c8772558eb
Betfair/omega/omega_engine.py	_PHASE_VOID	121e9f823812
Betfair/omega/omega_engine.py	_PHASE_ET	85a6126fec46
Betfair/omega/omega_engine.py	_PHASE_HT	2344581633f0
Betfair/omega/omega_engine.py	_PHASE_2T	d044365b0bc7
Betfair/omega/omega_engine.py	_PHASE_1T	bb960742493a
Betfair/omega/omega_engine.py	mission_phase	18f484245f00
Betfair/omega/omega_engine.py	scalp_market_types	4786b01889fc
Betfair/omega/omega_engine.py	pick_under_runner	1c6740533e8d
Betfair/omega/omega_engine.py	minute_from_clock	8af247e7bd61
Betfair/omega/omega_engine.py	is_in_entry_window	99cb8cc9de9e
Betfair/omega/omega_engine.py	is_eligible	b755b6fd7cc8
Betfair/omega/omega_engine.py	LEG_PHASES	877f3d1327b9
Betfair/omega/omega_engine.py	HT_BREAK_MIN	dc55ac48b15a
Betfair/omega/omega_engine.py	legs_remaining	932ca645f765
Betfair/omega/omega_engine.py	_score_str	920f5f90bf24
Betfair/omega/omega_engine.py	results_from_payload	bfcffd6a6924
Betfair/omega/omega_engine.py	scoreline_names	703bf7a04532
Betfair/omega/omega_engine.py	winner_scoreline	a94c75868791
Betfair/omega/omega_engine.py	vince_col_risultato	9008a75269e9
Betfair/omega/omega_engine.py	result_key_for_trade	2d9d7758e93a
Betfair/omega/omega_engine.py	greenup_automatico_attivo	2de501e078e8
Betfair/omega/omega_engine.py	cap_di_gamba_v3	34bb49993b7c
Betfair/omega/omega_engine.py	moltiplicatori_rossi_v3	c6f04d132bcd
Betfair/omega/omega_engine.py	seleziona_v3	80eafb4ed6d9
Betfair/omega/omega_engine.py	selezione_da_v3	5eb9e5c79f44
Betfair/omega/omega_v3.py	PERIODO_HT	a83ba0643711
Betfair/omega/omega_v3.py	PERIODO_FT	d3dea56d9b69
Betfair/omega/omega_v3.py	FINE_PERIODO	7bebfa1a816c
Betfair/omega/omega_v3.py	RECUPERO	1099e2a3f4c1
Betfair/omega/omega_v3.py	MAX_GOL_RESIDUI	8b435e8acc70
Betfair/omega/omega_v3.py	MAX_GOL_CODA	d6f6d4ad383a
Betfair/omega/omega_v3.py	STAKE_STANDARD	4902f8d5778a
Betfair/omega/omega_v3.py	K_MINIMO	b3a2aec8c325
Betfair/omega/omega_v3.py	MULT_NEUTRO	2c47009e7b7e
Betfair/omega/omega_v3.py	_SCORELINE_RE	b5ed09869612
Betfair/omega/omega_v3.py	_ANY_RE	b0cae8be6bab
Betfair/omega/omega_v3.py	_HOME_RE	e39ff5d3f19e
Betfair/omega/omega_v3.py	_AWAY_RE	c155c98cdf8d
Betfair/omega/omega_v3.py	_DRAW_RE	58baa358f8ec
Betfair/omega/omega_v3.py	parse_scoreline	81cae44dc9a8
Betfair/omega/omega_v3.py	e_aggregato	84ecb25852ad
Betfair/omega/omega_v3.py	direzione_aggregato	b7a0ca29494c
Betfair/omega/omega_v3.py	punteggi_quotati	8c8785df544b
Betfair/omega/omega_v3.py	copre	a57fa745f936
Betfair/omega/omega_v3.py	_copre_dir	587a6660a6d8
Betfair/omega/omega_v3.py	distanza_aggregato	a130d8037576
Betfair/omega/omega_v3.py	Parametri	48f99ba94f8c
Betfair/omega/omega_v3.py	Parametri.modello	df95bdeab06d
Betfair/omega/omega_v3.py	Parametri.gol_totali	2b47f0ecca6a
Betfair/omega/omega_v3.py	Parametri.quota_casa	4b3ec42df500
Betfair/omega/omega_v3.py	Parametri.profilo_c1	a13bbd138273
Betfair/omega/omega_v3.py	Parametri.profilo_c2	e64509a20d8f
Betfair/omega/omega_v3.py	Parametri.rho	8d7be092d483
Betfair/omega/omega_v3.py	Parametri.dc_sempre	614ca97ab8a6
Betfair/omega/omega_v3.py	Parametri.beta_squilibrio	3bfa647ce8ae
Betfair/omega/omega_v3.py	Parametri.eta_gol_visti	9eaa24454ee2
Betfair/omega/omega_v3.py	Parametri.lambda3	8b2317462dbe
Betfair/omega/omega_v3.py	Parametri.forma_gamma	01ca897d995f
Betfair/omega/omega_v3.py	Parametri.cv_lambda	d602188de2bd
Betfair/omega/omega_v3.py	Parametri.peso_modello	24f9f1411708
Betfair/omega/omega_v3.py	Parametri.peso_per_fascia	bf8c69deb222
Betfair/omega/omega_v3.py	Parametri.con	151499283317
Betfair/omega/omega_v3.py	_integrale_profilo	929f942c292f
Betfair/omega/omega_v3.py	esposizione	c27e2433593b
Betfair/omega/omega_v3.py	_tau_dc	4672ff7b7684
Betfair/omega/omega_v3.py	_poisson_pmf	74f53550217d
Betfair/omega/omega_v3.py	_negbin_pmf	6d3fe418791c
Betfair/omega/omega_v3.py	_pmf_bivariato	caad9bfc8f9f
Betfair/omega/omega_v3.py	_GH5	28a0f09ca9bb
Betfair/omega/omega_v3.py	intensita_residue	06dce683d836
Betfair/omega/omega_v3.py	griglia_residua	613210a731e9
Betfair/omega/omega_v3.py	griglia_finale	561fd5c131e2
Betfair/omega/omega_v3.py	_logit	816d0f4e0aa9
Betfair/omega/omega_v3.py	_inv_logit	a21fd066127e
Betfair/omega/omega_v3.py	peso_fusione	da9d81f1676f
Betfair/omega/omega_v3.py	fondi_col_mercato	b2b1c96ddbe5
Betfair/omega/omega_v3.py	p_mercato_devigata	b873f552c3b8
Betfair/omega/omega_v3.py	probabilita_selezioni	2b5cbd2d1f29
Betfair/omega/omega_v3.py	massa_oltre_griglia	33b5d84df588
Betfair/omega/omega_v3.py	p_implicita	f66777313039
Betfair/omega/omega_v3.py	liability	7a6e23153861
Betfair/omega/omega_v3.py	ev_gamba	b2d5940e47f1
Betfair/omega/omega_v3.py	RunnerV3	ea4c6b254daa
Betfair/omega/omega_v3.py	RunnerV3.selection_id	70a513d05b18
Betfair/omega/omega_v3.py	RunnerV3.name	3565575b3346
Betfair/omega/omega_v3.py	RunnerV3.lay_price	468f0f6dcb2c
Betfair/omega/omega_v3.py	RunnerV3.lay_size	b2a39d982b31
Betfair/omega/omega_v3.py	RunnerV3.back_price	4bfe3fdd9515
Betfair/omega/omega_v3.py	RunnerV3.back_size	e882119ddd48
Betfair/omega/omega_v3.py	CandidatoV3	2db38602d10b
Betfair/omega/omega_v3.py	CandidatoV3.selection_id	70a513d05b18
Betfair/omega/omega_v3.py	CandidatoV3.name	3565575b3346
Betfair/omega/omega_v3.py	CandidatoV3.price	c98fff41488a
Betfair/omega/omega_v3.py	CandidatoV3.size	c2067bd73eaf
Betfair/omega/omega_v3.py	CandidatoV3.p_modello	658569e11d94
Betfair/omega/omega_v3.py	CandidatoV3.p_fusa	a6070ea63196
Betfair/omega/omega_v3.py	CandidatoV3.p_empirica	e83d8b595eec
Betfair/omega/omega_v3.py	CandidatoV3.n_empirico	5a2e551d28ea
Betfair/omega/omega_v3.py	CandidatoV3.p_nostra	163efb3d695d
Betfair/omega/omega_v3.py	CandidatoV3.p_implicita	d32a22dfe771
Betfair/omega/omega_v3.py	CandidatoV3.k_usato	42353737ac53
Betfair/omega/omega_v3.py	CandidatoV3.margine	58739c7e8a70
Betfair/omega/omega_v3.py	CandidatoV3.ev	7e6476ff9ecf
Betfair/omega/omega_v3.py	CandidatoV3.liability	ff3eadbe08e6
Betfair/omega/omega_v3.py	CandidatoV3.motivo	08559fb4a43e
Betfair/omega/omega_v3.py	CandidatoV3.scartati	222595490bfb
Betfair/omega/omega_v3.py	_seleziona	aea392f4a284
Betfair/omega/omega_v3.py	valuta_runner	cc6ce16e47bf
Betfair/omega/omega_v3.py	candidato	5d36caf1e405
Betfair/omega/omega_v3.py	Finestra	f83b829e522f
Betfair/omega/omega_v3.py	Finestra.minuto_min	14c05e16f259
Betfair/omega/omega_v3.py	Finestra.minuto_max	303d4f9768d3
Betfair/omega/omega_v3.py	Finestra.motivo	08559fb4a43e
Betfair/omega/omega_v3.py	FINESTRE_DEFAULT	c538a6e461c0
Betfair/omega/omega_v3.py	finestra_ingresso	fd21353cf0ef
Betfair/omega/omega_v3.py	in_finestra	a3dd832a2128
Betfair/omega/omega_v3.py	Posizione	a1ddc2f75212
Betfair/omega/omega_v3.py	Posizione.periodo	f664a6c93d5c
Betfair/omega/omega_v3.py	Posizione.selection_name	dd5c0f730301
Betfair/omega/omega_v3.py	Posizione.lay_price	61a9af704fdc
Betfair/omega/omega_v3.py	Posizione.size	c2067bd73eaf
Betfair/omega/omega_v3.py	Posizione.punteggio_ingresso	faa66e651d1f
Betfair/omega/omega_v3.py	Posizione.minuto_ingresso	8ff2250460a4
Betfair/omega/omega_v3.py	Bloccabile	44a45e2e0544
Betfair/omega/omega_v3.py	Bloccabile.profitto	b1e28b07c918
Betfair/omega/omega_v3.py	Bloccabile.back_price	2ce3b23d2237
Betfair/omega/omega_v3.py	Bloccabile.back_size	c3ba1722028b
Betfair/omega/omega_v3.py	Bloccabile.attuabile	6a8f38627f6b
Betfair/omega/omega_v3.py	Bloccabile.nota	3d2c0dceeac3
Betfair/omega/omega_v3.py	profitto_bloccabile	d261e8ee65e8
Betfair/omega/omega_v3.py	ev_di_tenere	8bf33d4d3f5a
Betfair/omega/omega_v3.py	p_punteggio_invariato	42f7512cb39f
Betfair/omega/omega_v3.py	PuntoTraiettoria	56cfd663d424
Betfair/omega/omega_v3.py	PuntoTraiettoria.minuto	1c0b4749a324
Betfair/omega/omega_v3.py	PuntoTraiettoria.p_evento	e19430523bec
Betfair/omega/omega_v3.py	PuntoTraiettoria.back_equo	ecc1d337227f
Betfair/omega/omega_v3.py	PuntoTraiettoria.bloccabile_atteso	966e94bab5a6
Betfair/omega/omega_v3.py	PuntoTraiettoria.p_invariato	885565101b50
Betfair/omega/omega_v3.py	PuntoTraiettoria.valore_attesa	7d2816a7166e
Betfair/omega/omega_v3.py	traiettoria_bloccabile	0e7cb0ccf99c
Betfair/omega/omega_v3.py	PropostaUscita	386d427c2ee6
Betfair/omega/omega_v3.py	PropostaUscita.proponi	c92b388e1ed2
Betfair/omega/omega_v3.py	PropostaUscita.motivo_codice	7479dafc5c23
Betfair/omega/omega_v3.py	PropostaUscita.profitto_bloccabile	4bd35699bfc0
Betfair/omega/omega_v3.py	PropostaUscita.back_price	2ce3b23d2237
Betfair/omega/omega_v3.py	PropostaUscita.back_size	c3ba1722028b
Betfair/omega/omega_v3.py	PropostaUscita.ev_tenere	3644337ed579
Betfair/omega/omega_v3.py	PropostaUscita.meglio_aspettare	440ed0deb252
Betfair/omega/omega_v3.py	PropostaUscita.bloccabile_max_atteso	9d3fbbb01fcc
Betfair/omega/omega_v3.py	PropostaUscita.minuto_del_massimo	72b13efc9c9d
Betfair/omega/omega_v3.py	PropostaUscita.p_evento	e19430523bec
Betfair/omega/omega_v3.py	PropostaUscita.testo	c97643be7f9d
Betfair/omega/omega_v3.py	proposta_uscita	1bd13d079345
Betfair/omega/omega_model.py	DEFAULT_TOTAL_GOALS	ca557e38ad4d
Betfair/omega/omega_model.py	DEFAULT_RHO	70a02c7ab2ef
Betfair/omega/omega_model.py	CACHE_GRIGLIE	c32d8dc80f1d
Betfair/omega/omega_model.py	FIRST_HALF_INTENSITY	e5bad9d9cc97
Betfair/omega/omega_model.py	MAX_GOALS_GRID	ee3d1ab12564
Betfair/omega/omega_model.py	MAX_GOALS_GRID_HT	6c5f50a976c2
Betfair/omega/omega_model.py	ModelSelection	f1730f2e6137
Betfair/omega/omega_model.py	ModelSelection.selection_id	70a513d05b18
Betfair/omega/omega_model.py	ModelSelection.name	3565575b3346
Betfair/omega/omega_model.py	ModelSelection.price	c98fff41488a
Betfair/omega/omega_model.py	ModelSelection.lay_size_available	6dcb78662429
Betfair/omega/omega_model.py	ModelSelection.p_model	235a3c3297d2
Betfair/omega/omega_model.py	ModelSelection.p_implied	3a63b7bb346e
Betfair/omega/omega_model.py	ModelSelection.p_model_raw	d04026e1cac9
Betfair/omega/omega_model.py	ModelSelection.p_data	fc896aa6c24c
Betfair/omega/omega_model.py	ModelSelection.back_price	4bfe3fdd9515
Betfair/omega/omega_model.py	ModelSelection.back_size	2efb71e8f4b7
Betfair/omega/omega_model.py	ModelSelection.p_selected	e9d6c0821710
Betfair/omega/omega_model.py	ModelSelection.raw	c7a2cd299446
Betfair/omega/omega_model.py	ModelSelection.edge	c7d6379bcecd
Betfair/omega/omega_model.py	ModelSelection.as_selection	2600a7793098
Betfair/omega/omega_model.py	LiveState	fdb21af22fc9
Betfair/omega/omega_model.py	LiveState.minute	5fc195fdfb81
Betfair/omega/omega_model.py	LiveState.score_home	6d6eaa657cb5
Betfair/omega/omega_model.py	LiveState.score_away	db860979e0c9
Betfair/omega/omega_model.py	LiveState.red_home	8ef7d5549401
Betfair/omega/omega_model.py	LiveState.red_away	991f9266e0fd
Betfair/omega/omega_model.py	LiveState.yellow_home	ed95d9fa1083
Betfair/omega/omega_model.py	LiveState.yellow_away	d3a567f7718a
Betfair/omega/omega_model.py	devig_1x2	c383578de790
Betfair/omega/omega_model.py	lambdas_from_pre_ko	1f83401e8bb0
Betfair/omega/omega_model.py	_lambdas_da_quote_1x2	41f5f0b112f7
Betfair/omega/omega_model.py	_full_match_1x2	515609dd2e61
Betfair/omega/omega_model.py	total_goals_from_1x2	5bab5b8066bc
Betfair/omega/omega_model.py	split_lambdas_1x2	366f8fc5d719
Betfair/omega/omega_model.py	residual_lambdas	4ffa5f50e1d2
Betfair/omega/omega_model.py	HT_INJURY_MIN	ab657e55f01a
Betfair/omega/omega_model.py	ht_residual_share	6e5852ea1332
Betfair/omega/omega_model.py	_dc_tau	6886879eae25
Betfair/omega/omega_model.py	_GH5	28a0f09ca9bb
Betfair/omega/omega_model.py	DEFAULT_LAMBDA_CV	6d507d57b023
Betfair/omega/omega_model.py	_poisson_grid	529464965df3
Betfair/omega/omega_model.py	_poisson_grid_memo	76cd51bd007d
Betfair/omega/omega_model.py	residual_grid	10190b209715
Betfair/omega/omega_model.py	_residual_grid_memo	1ef04802d9ca
Betfair/omega/omega_model.py	score_probs	08578072362c
Betfair/omega/omega_model.py	CALIBRATION_FAMILY_FT	86c3cdeb13e2
Betfair/omega/omega_model.py	CALIBRATION_FAMILY_HT	6ca7fd086df2
Betfair/omega/omega_model.py	TAIL_P_MAX	7c9d82ce161c
Betfair/omega/omega_model.py	DEFAULT_TAIL_FACTOR	11b734c49ae9
Betfair/omega/omega_model.py	_CALIBRATION_TTL_S	fb6eec98f972
Betfair/omega/omega_model.py	_CALIBRATOR_CACHE	229cc68cc1c9
Betfair/omega/omega_model.py	reset_calibration_cache	b73d65b427c7
Betfair/omega/omega_model.py	load_calibrator	e704c535ede3
Betfair/omega/omega_model.py	apply_tail_factor	2c3694b157f1
Betfair/omega/omega_model.py	model_p	76f927fdd62a
Betfair/omega/omega_model.py	uncertainty_p	56a521f15fcd
Betfair/omega/omega_model.py	apply_calibration	02f0172ce2d2
Betfair/omega/omega_model.py	_finite_or_none	069b0ea6abfa
Betfair/omega/omega_model.py	_p_band	1ceb6f55c4a0
Betfair/omega/omega_model.py	select_by_model	86b3c860e313
Betfair/omega/omega_model.py	leg_target	451a1d0c1713
Betfair/omega/omega_model.py	audit_block	359ea6f7f66a
Betfair/omega/omega_model.py	LambdaReader	0f9b7bcb6817
Betfair/omega/omega_model.py	LIVE_OU_HOME_SHARE	2c3a4a3eebcf
Betfair/omega/omega_model.py	LIVE_OU_ANCHOR_GOALS	9167688426ba
Betfair/omega/omega_model.py	MARKET_QUOTE_MIN_SIZE	0992ba25243e
Betfair/omega/omega_model.py	quote_p	b989ad60c5eb
Betfair/omega/omega_model.py	_is_half_line	6de38db42012
Betfair/omega/omega_model.py	_ou_sides	bac97a969b47
Betfair/omega/omega_model.py	residual_total_from_ou	1642b0200ba2
Betfair/omega/omega_model.py	lambdas_from_live_ou	d2597a2a66cb
Betfair/omega/omega_model.py	_live_multipliers	024ee35b9eea
Betfair/omega/omega_model.py	half_time_score	8c97d1e1c0eb
Betfair/omega/omega_model.py	MARKET_GRID_MIN_CS	2162eb046531
Betfair/omega/omega_model.py	MARKET_TWO_SIDED_MIN_SHARE	974c8d2ea290
Betfair/omega/omega_model.py	MARKET_FIT_MAX_LOSS	5e837f69dfea
Betfair/omega/omega_model.py	MARKET_GRID_LAMBDA_MIN	bdda6aac558e
Betfair/omega/omega_model.py	MARKET_GRID_LAMBDA_MAX	dc61235891c9
Betfair/omega/omega_model.py	_GRID_STEPS	dc362d238d50
Betfair/omega/omega_model.py	market_cs_probs	26d827e510e2
Betfair/omega/omega_model.py	market_ou_probs	a6b0d15d3b69
Betfair/omega/omega_model.py	market_cs_brackets	daf38ed6bd3d
Betfair/omega/omega_model.py	_bracket_loss	1ac23eac3a0e
Betfair/omega/omega_model.py	_grid_loss	f2bde3e25daa
Betfair/omega/omega_model.py	fit_residual_lambdas_to_market	3fb816fb65df
Betfair/omega/omega_model.py	lambdas_from_market_grid	d6b0ba456f85
Betfair/omega/omega_model.py	yellow_cards	b5fb22b02421
Betfair/omega/omega_model.py	cover_cost	b1e704f31147
Betfair/omega/omega_model.py	expected_value	76f3b3946081
Betfair/omega/omega_model.py	rank_by_ev	5c2b4d6a5157
Betfair/omega/omega_model.py	rank_by_cover_cost	98145a8fc0b8
Betfair/omega/omega_empirical.py	GLOBAL_LEAGUE	9970d37da69a
Betfair/omega/omega_empirical.py	SHRINK_K	3baa13b82a6c
Betfair/omega/omega_empirical.py	MIN_GLOBAL_N	bac9c61e90d2
Betfair/omega/omega_empirical.py	Z_UPPER	0f5888df5781
Betfair/omega/omega_empirical.py	shrunk_upper	6f600acda7a7
Betfair/omega/omega_empirical.py	p_upper	0d3b47630828
Betfair/omega/omega_empirical.py	score_key	78a5547ffdf8
Betfair/omega/omega_empirical.py	EmpiricalTable	93c1f624574c
Betfair/omega/omega_empirical.py	EmpiricalTable.__init__	c37da64955a3
Betfair/omega/omega_empirical.py	EmpiricalTable.empty	6a750ec156c1
Betfair/omega/omega_empirical.py	EmpiricalTable.counts	9d41bf638acd
Betfair/omega/omega_empirical.py	EmpiricalTable.p_ft_given_ht	042702bbe2df
Betfair/omega/omega_empirical.py	empirical_lookup	772217a3eb84
Betfair/omega/omega_empirical.py	audit_empirical	1d4f0ca832b8
Betfair/omega/omega_empirical.py	BUCKET_STEP	595276495517
Betfair/omega/omega_empirical.py	BUCKET_MAX_FT	674c2542b97f
Betfair/omega/omega_empirical.py	BUCKET_MAX_HT	a03a600f3f99
Betfair/omega/omega_empirical.py	minute_bucket	31f39751e9bd
Betfair/omega/omega_empirical.py	MinuteTable	61f2ea641fed
Betfair/omega/omega_empirical.py	MinuteTable.__init__	8f1de5f7dc24
Betfair/omega/omega_empirical.py	MinuteTable.empty	4e9f2d055396
Betfair/omega/omega_empirical.py	MinuteTable.p_result	a3b7a73221d3
Betfair/omega/omega_empirical.py	minute_lookup	aa08ded47596
Betfair/omega/omega_empirical.py	audit_minute	aa9874909dc1
Betfair/omega/omega_advisor.py	logger	80f27d5e9626
Betfair/omega/omega_advisor.py	BUDGET_S	dcad7e7895a2
Betfair/omega/omega_advisor.py	_FIXTURE_WINDOW_H	cccc37d586de
Betfair/omega/omega_advisor.py	_ATLAS_PATH	efaa210a17b6
Betfair/omega/omega_advisor.py	_MATCH_CACHE	2e3ba57243b7
Betfair/omega/omega_advisor.py	_ANALYSIS_CACHE	316c11f338a9
Betfair/omega/omega_advisor.py	_FREQ_CACHE	3851973263f8
Betfair/omega/omega_advisor.py	_ADVISOR_CACHE	185e610b25c6
Betfair/omega/omega_advisor.py	_H2H_CACHE	0e70f478d90e
Betfair/omega/omega_advisor.py	_H2H_SRC	75f45fe9d6fd
Betfair/omega/omega_advisor.py	_CACHE_MAX	04cb2ffbe7d0
Betfair/omega/omega_advisor.py	reset_caches	8f8b016246bd
Betfair/omega/omega_advisor.py	_bound	f69560a80814
Betfair/omega/omega_advisor.py	_poisson_pmf	75442ac18203
Betfair/omega/omega_advisor.py	_dc_tau	09823954144e
Betfair/omega/omega_advisor.py	score_grid_prob	46c1f2f03be4
Betfair/omega/omega_advisor.py	poisson_score_prob	f20e9cf3784d
Betfair/omega/omega_advisor.py	freq_selection	f47ea5ed04f2
Betfair/omega/omega_advisor.py	_league_frequency	a669378024fb
Betfair/omega/omega_advisor.py	_h2h_atlas	27565a3ae7c5
Betfair/omega/omega_advisor.py	h2h_score_stats	dd88d8bed0fb
Betfair/omega/omega_advisor.py	_match_fixture	9907ae81a044
Betfair/omega/omega_advisor.py	_fixture_analysis	4ff19764e51a
Betfair/omega/omega_advisor.py	advisor_for_suggestion	7c7bfac98fc1
Betfair/omega/omega_proposte.py	logger	7608b4f796da
Betfair/omega/omega_proposte.py	PROPOSTA_KEY	f17f1f4b5193
Betfair/omega/omega_proposte.py	_RICONTROLLO_PROPOSTA_S	44e9da01766f
Betfair/omega/omega_proposte.py	_RIPROPOSTA_TICK	5921d16c8614
Betfair/omega/omega_proposte.py	_RIPROPOSTA_EUR	d1d6f32d3a63
Betfair/omega/omega_proposte.py	MOTIVI_CHE_PROPONGONO	2b07fc0febae
Betfair/omega/omega_proposte.py	MOTIVI_TRANSITORI	e53c84460f96
Betfair/omega/omega_proposte.py	MOTIVI_DI_SALTO	6625026c26a3
Betfair/omega/omega_proposte.py	_CAP_GLOBALI	1d3257597601
Betfair/omega/omega_proposte.py	_CAP_DI_GAMBA	eb80a744f369
Betfair/omega/omega_proposte.py	_TOLLERANZA_CAP	a0885c468eed
Betfair/omega/omega_proposte.py	USCITE_AVVISA	d405eb8d7d0f
Betfair/omega/omega_proposte.py	USCITE_AUTOMATICO	65bd8febd654
Betfair/omega/omega_proposte.py	SCELTA_UTENTE_AUTOMATICO	055a8c4b911d
Betfair/omega/omega_proposte.py	AUDIT_AUTOMATICO	6b965efb0c97
Betfair/omega/omega_proposte.py	AUTOMATICA_KEY	82d50884566d
Betfair/omega/omega_proposte.py	_TENTATIVI_AUTOMATICI_MAX	5353fa339ffa
Betfair/omega/omega_proposte.py	_ESITI_DI_ATTESA	f8d15e8a4481
Betfair/omega/omega_proposte.py	_PARAMETRI_FILE	3fbfe6b771a7
Betfair/omega/omega_proposte.py	_PARAMETRI_CACHE	cb9f20caf370
Betfair/omega/omega_proposte.py	parametri_modello	e74c844c9f47
Betfair/omega/omega_proposte.py	svuota_le_cache	775644570a84
Betfair/omega/omega_proposte.py	_VALUTAZIONI	52cac8366398
Betfair/omega/omega_proposte.py	_annota_valutazione	6e6bc996a20f
Betfair/omega/omega_proposte.py	firma_ancora_valida	a5e6a7c24632
Betfair/omega/omega_proposte.py	_f	af9c4b6e9bad
Betfair/omega/omega_proposte.py	_cap_param	166ac5c184d6
Betfair/omega/omega_proposte.py	cap_di_gamba_scattato	3f3bb9b07151
Betfair/omega/omega_proposte.py	cap_globale_scattato	d066ee081a0a
Betfair/omega/omega_proposte.py	modo_uscite	c809dfc51a69
Betfair/omega/omega_proposte.py	proposte_attive	0b5407f660bf
Betfair/omega/omega_proposte.py	process_proposte_uscita	aa125ebf213f
Betfair/omega/omega_proposte.py	_salta	8df2b38e0c7c
Betfair/omega/omega_proposte.py	_una_gamba	c9712db49861
Betfair/omega/omega_proposte.py	_punteggio_ingresso	194d3470d5d6
Betfair/omega/omega_proposte.py	_p_del_bancato	2c9236fe5584
Betfair/omega/omega_proposte.py	_nomi_del_mercato	a3936089f1b4
Betfair/omega/omega_proposte.py	_sostanza	9a67a8531974
Betfair/omega/omega_proposte.py	_cambiamento_sostanziale	0a653c722087
Betfair/omega/omega_proposte.py	_scrivi_meta	3f236f982f5b
Betfair/omega/omega_proposte.py	_decadi	513d7dca3352
Betfair/omega/omega_proposte.py	_scrivi	3a7b1774287a
Betfair/omega/omega_proposte.py	_TESTI_AUTOMATICI	30256592fdb0
Betfair/omega/omega_proposte.py	_segna_automatica	af12864b0a8d
Betfair/omega/omega_proposte.py	_esegui_da_solo	02a3472cb151
Betfair/omega/omega_proposte.py	_guasto_di_scrittura	233b9bc1c0f9
Betfair/omega/omega_proposte.py	_ts	86c827915ff4
Betfair/omega/omega_proposte.py	_payload	3a34c7b84dd4
Betfair/omega/omega_proposte.py	margine_attesa	60bc45fd1494
Betfair/omega/omega_proposte.py	_ingredienti_del_payload	15090b99f103
Betfair/omega/omega_proposte.py	esito_uscita_al_prezzo	86c900ad3d73
Betfair/omega/omega_proposte.py	_non_piu_valida	d4ba349e9f7a
Betfair/omega/omega_config.py	DEFAULT_DAILY_GOAL	ae9b24326034
Betfair/omega/omega_config.py	FOOTBALL_EVENT_TYPE_ID	2be2580cb3a3
Betfair/omega/omega_config.py	CUSTOMER_STRATEGY_REF	ef60b5968ff8
Betfair/omega/omega_config.py	_SPEC	b19d6c4438c3
Betfair/omega/omega_config.py	_SPEC[price_min]	c2f284a58e63
Betfair/omega/omega_config.py	_SPEC[price_max]	bee9fa07a186
Betfair/omega/omega_config.py	_SPEC[entry_minute_min]	9905c0db4e58
Betfair/omega/omega_config.py	_SPEC[entry_minute_max]	7559182065af
Betfair/omega/omega_config.py	_SPEC[max_events]	57ddfb4b661c
Betfair/omega/omega_config.py	_SPEC[commission_pct]	093cadcc0907
Betfair/omega/omega_config.py	_SPEC[min_lay_liquidity]	a7be1eaa3126
Betfair/omega/omega_config.py	_SPEC[min_stake]	224549a819ed
Betfair/omega/omega_config.py	_SPEC[include_aggregate]	4ca25efe76b3
Betfair/omega/omega_config.py	_SPEC[stop_on_goal]	4df36b551970
Betfair/omega/omega_config.py	_SPEC[entry_window_source]	eb237185be2a
Betfair/omega/omega_config.py	_SPEC[poll_interval_s]	7360ffddab73
Betfair/omega/omega_config.py	_SPEC[max_liability_per_match]	98c11d268163
Betfair/omega/omega_config.py	_SPEC[daily_loss_cap]	98c11d268163
Betfair/omega/omega_config.py	_SPEC[max_open_liability]	64c622f452c8
Betfair/omega/omega_config.py	_SPEC[execution_mode]	30a153cad40d
Betfair/omega/omega_config.py	_SPEC[paper_fill_ttl_s]	080485b75eab
Betfair/omega/omega_config.py	_SPEC[omega_live_via_flumine]	4df36b551970
Betfair/omega/omega_config.py	_SPEC[live_fill_deadline_s]	eae240a9bbb0
Betfair/omega/omega_config.py	_SPEC[engine]	450677ff0591
Betfair/omega/omega_config.py	_SPEC[ht_entry_min]	b8973a37115f
Betfair/omega/omega_config.py	_SPEC[ht_entry_max]	b07593226492
Betfair/omega/omega_config.py	_SPEC[ft_entry_min]	cc7f889e63d1
Betfair/omega/omega_config.py	_SPEC[ft_entry_max]	2e97c6c38042
Betfair/omega/omega_config.py	_SPEC[model_p_max_pct]	046a723c269c
Betfair/omega/omega_config.py	_SPEC[model_min_goal_distance]	0a65fdad6920
Betfair/omega/omega_config.py	_SPEC[model_calibration]	c2b20a133edf
Betfair/omega/omega_config.py	_SPEC[model_calibration_path]	8d6430c5765e
Betfair/omega/omega_config.py	_SPEC[model_empirical]	f34991825a6c
Betfair/omega/omega_config.py	_SPEC[model_empirical_max_minute]	b53356d858f9
Betfair/omega/omega_config.py	_SPEC[lambda_market_grid]	4df36b551970
Betfair/omega/omega_config.py	_SPEC[select_cost_aware]	4df36b551970
Betfair/omega/omega_config.py	_SPEC[select_p_band_ratio]	86cf95b984df
Betfair/omega/omega_config.py	_SPEC[model_use_yellow_cards]	4df36b551970
Betfair/omega/omega_config.py	_SPEC[model_tail_factor]	6513f30168cc
Betfair/omega/omega_config.py	_SPEC[lambda_live_fallback]	4df36b551970
Betfair/omega/omega_config.py	_SPEC[lambda_quote_prima]	4df36b551970
Betfair/omega/omega_config.py	_SPEC[model_lambda_cv]	3c5fd708f0e1
Betfair/omega/omega_config.py	_SPEC[select_k_se]	43e263131f45
Betfair/omega/omega_config.py	_SPEC[select_p_hedge]	a1a6efc2d4bd
Betfair/omega/omega_config.py	_SPEC[select_ev_kappa]	bdfab048e50c
Betfair/omega/omega_config.py	_SPEC[greenup_enabled]	4df36b551970
Betfair/omega/omega_config.py	_SPEC[greenup_mode]	30a153cad40d
Betfair/omega/omega_config.py	_SPEC[greenup_trigger_distance]	640f7ab83076
Betfair/omega/omega_config.py	_SPEC[greenup_price_trigger_ratio]	19e1fe92bfec
Betfair/omega/omega_config.py	_SPEC[greenup_settle_delay_s]	c2cdba4ebd58
Betfair/omega/omega_config.py	_SPEC[greenup_hold_max_risk]	fa2070aa58d9
Betfair/omega/omega_config.py	_SPEC[greenup_risk_cap]	5e31dde2494e
Betfair/omega/omega_config.py	_SPEC[greenup_ev_margin]	9b79874c2654
Betfair/omega/omega_config.py	_SPEC[greenup_risk_premium_pct]	4fde86f626bd
Betfair/omega/omega_config.py	_SPEC[greenup_take_profit_frac]	698d77e6472e
Betfair/omega/omega_config.py	_SPEC[greenup_take_profit_minute]	b9934bfe6859
Betfair/omega/omega_config.py	_SPEC[greenup_retry_s]	64ac20690129
Betfair/omega/omega_config.py	_SPEC[greenup_max_attempts]	54d783687650
Betfair/omega/omega_config.py	_SPEC[greenup_market_floor_max_ratio]	2cd07873ee9f
Betfair/omega/omega_config.py	_SPEC[feed_cache_s]	50295174ba7c
Betfair/omega/omega_config.py	_SPEC[scanner_status_cache_s]	d921b167069e
Betfair/omega/omega_config.py	_SPEC[aggregates_cache_s]	6201423bb00b
Betfair/omega/omega_config.py	_SPEC[sets_cache_s]	2d0718ff5212
Betfair/omega/omega_config.py	_SPEC[results_every_s]	83d7d5d7302d
Betfair/omega/omega_config.py	_SPEC[missions_every_s]	b59c7ae682bd
Betfair/omega/omega_config.py	_SPEC[conto_every_s]	d1c032e64478
Betfair/omega/omega_config.py	_SPEC[events_refresh_s]	2e33827033c6
Betfair/omega/omega_config.py	_SPEC[idle_stats_s]	83d7d5d7302d
Betfair/omega/omega_config.py	_SPEC[idle_cycle_s]	83d7d5d7302d
Betfair/omega/omega_config.py	_SPEC[strategy_version]	cb1fa5ce4d21
Betfair/omega/omega_config.py	_SPEC[v3_stake_eur]	cbb4abd4ec47
Betfair/omega/omega_config.py	_SPEC[v3_modello]	ce083de3f7cc
Betfair/omega/omega_config.py	_SPEC[v3_k_minimo]	5dbe723916b4
Betfair/omega/omega_config.py	_SPEC[v3_empirical_min_n]	ad0a375ed15e
Betfair/omega/omega_config.py	_SPEC[v3_ht_entry_min]	a74a0a834cd6
Betfair/omega/omega_config.py	_SPEC[v3_ht_entry_max]	2d5ed88b3a22
Betfair/omega/omega_config.py	_SPEC[v3_ft_entry_min]	8426a8ca52a1
Betfair/omega/omega_config.py	_SPEC[v3_ft_entry_max]	be38858f84d6
Betfair/omega/omega_config.py	_SPEC[v3_max_liability_per_leg]	d005aa1d7cbd
Betfair/omega/omega_config.py	_SPEC[v3_max_liability_per_match]	7f3af69f24ce
Betfair/omega/omega_config.py	_SPEC[v3_max_open_liability]	7b895ae1f035
Betfair/omega/omega_config.py	_SPEC[v3_daily_loss_cap]	75e6bbfd67e1
Betfair/omega/omega_config.py	_SPEC[v3_min_lay_liquidity]	007955f901ba
Betfair/omega/omega_config.py	_SPEC[v3_distanza_minima_gol]	0a65fdad6920
Betfair/omega/omega_config.py	_SPEC[v3_include_aggregate]	4df36b551970
Betfair/omega/omega_config.py	_SPEC[v3_p_max_pct]	046a723c269c
Betfair/omega/omega_config.py	_SPEC[v3_p_min_pct]	046bac776645
Betfair/omega/omega_config.py	_SPEC[v3_fusione_mercato]	30a153cad40d
Betfair/omega/omega_config.py	_SPEC[model_red_cards]	4df36b551970
Betfair/omega/omega_config.py	_SPEC[proposta_p_lose_max_pct]	f1529a41ea54
Betfair/omega/omega_config.py	_SPEC[uscite_protezione]	92ae2c0d75fd
Betfair/omega/omega_config.py	USCITE_PROTEZIONE_AMMESSE	cfcbec551c90
Betfair/omega/omega_config.py	V3_MODELLI_AMMESSI	c69b19bfa08f
Betfair/omega/omega_config.py	DEFAULTS	45fd38f6b585
Betfair/omega/omega_config.py	_coerce	a480235f8403
Betfair/omega/omega_config.py	resolve_params	053213f2bead
Betfair/omega/omega_config.py	parametri_v3	d0f0f197cdbf
