Betfair/stream/scalper/scalper_bot.py	logger	3d6ea90255b3
Betfair/stream/scalper/scalper_bot.py	MIN_STAKE	a25f5624ea05
Betfair/stream/scalper/scalper_bot.py	_EPS	10969f3f4fc9
Betfair/stream/scalper/scalper_bot.py	CODICE_TAGLIA	db3c7947f448
Betfair/stream/scalper/scalper_bot.py	spezza_uscita	07ef901499d0
Betfair/stream/scalper/scalper_bot.py	stato_parcheggio	90ff444c6436
Betfair/stream/scalper/scalper_bot.py	ordine_di_scavalco	863bb5747ed0
Betfair/stream/scalper/scalper_bot.py	_chiusura_oltre_la_polvere	694efeaaf3db
Betfair/stream/scalper/scalper_bot.py	_quota_chiusura	80126872cf03
Betfair/stream/scalper/scalper_bot.py	_msg_residuo	ff07d7a7ce05
Betfair/stream/scalper/scalper_bot.py	micro_price	871d3d93524a
Betfair/stream/scalper/scalper_bot.py	wom_imbalance	8dce3535fe03
Betfair/stream/scalper/scalper_bot.py	ticks_between	3e3e062502a2
Betfair/stream/scalper/scalper_bot.py	compute_green	5e0916ca1bb2
Betfair/stream/scalper/scalper_bot.py	_Slot	191fe3492c68
Betfair/stream/scalper/scalper_bot.py	_Slot.status	85dc06ba597b
Betfair/stream/scalper/scalper_bot.py	_Slot.entry	46919fb525f5
Betfair/stream/scalper/scalper_bot.py	_Slot.entry_side	4ad5aa27ffab
Betfair/stream/scalper/scalper_bot.py	_Slot.entry_back	cc2b13b11d34
Betfair/stream/scalper/scalper_bot.py	_Slot.entry_lay	81f590440077
Betfair/stream/scalper/scalper_bot.py	_Slot.close	5239763914e7
Betfair/stream/scalper/scalper_bot.py	_Slot.close_scratched	326688cada4b
Betfair/stream/scalper/scalper_bot.py	_Slot.next_entry	ed9b011e4ee0
Betfair/stream/scalper/scalper_bot.py	_Slot.flatten_orders	23055ac9e381
Betfair/stream/scalper/scalper_bot.py	_Slot.flat_tries	a89a171b1a9c
Betfair/stream/scalper/scalper_bot.py	_Slot.t_quote	f288c2adf504
Betfair/stream/scalper/scalper_bot.py	_Slot.t_lock	c61ab5423df4
Betfair/stream/scalper/scalper_bot.py	_Slot.ref_price	ed681f6f159d
Betfair/stream/scalper/scalper_bot.py	_Slot.cycles	341d523b32da
Betfair/stream/scalper/scalper_bot.py	_Slot.history	b6fa67716d50
Betfair/stream/scalper/scalper_bot.py	_Slot.prev_trd	caa012ff3edc
Betfair/stream/scalper/scalper_bot.py	_Slot.flow	30231ad5cf69
Betfair/stream/scalper/scalper_bot.py	_Slot.last_bb	354b8ca0de3c
Betfair/stream/scalper/scalper_bot.py	_Slot.last_bl	c9f19c4c1090
Betfair/stream/scalper/scalper_bot.py	_Slot.first_seen	acf11cb18233
Betfair/stream/scalper/scalper_bot.py	_Slot.cooldown_until	21dd13f92c97
Betfair/stream/scalper/scalper_bot.py	_Slot.t_last_flat	60585b39b658
Betfair/stream/scalper/scalper_bot.py	_Slot.residual_ok	e5206a0b91bc
Betfair/stream/scalper/scalper_bot.py	_Slot.residual_accepted	897a8ccc6aa2
Betfair/stream/scalper/scalper_bot.py	_Slot.scavalchi	552b09aa7043
Betfair/stream/scalper/scalper_bot.py	_Slot.submins	e1e4bc2ac307
Betfair/stream/scalper/scalper_bot.py	_Slot.flow_inside	ce33786a2bf7
Betfair/stream/scalper/scalper_bot.py	_Slot.t_last_submin	e65d433368f0
Betfair/stream/scalper/scalper_bot.py	_Slot.submin_count	836e883f5d8f
Betfair/stream/scalper/scalper_bot.py	_Slot.chiusura_bloccata_detta	0c0e227ba8b6
Betfair/stream/scalper/scalper_bot.py	_Slot.residuo_w	0ed9b1867434
Betfair/stream/scalper/scalper_bot.py	_Slot.residuo_l	e5e9b52575f0
Betfair/stream/scalper/scalper_bot.py	_Slot.rifiuti_taglia	b206b72e1788
Betfair/stream/scalper/scalper_bot.py	_Slot.taglia_ferma_fino_ms	a8d83c996d1f
Betfair/stream/scalper/scalper_bot.py	_Slot.scratch_in_attesa	0281c91ae2ad
Betfair/stream/scalper/scalper_bot.py	_Slot.swing	ad91befcbfff
Betfair/stream/scalper/scalper_bot.py	_Slot.proposta	18ff4661ca11
Betfair/stream/scalper/scalper_bot.py	_Slot.inplay_cycle	80a785118897
Betfair/stream/scalper/scalper_bot.py	_Slot.drift_samples	cabda9c82949
Betfair/stream/scalper/scalper_bot.py	ScalperStrategy	886210393fb9
Betfair/stream/scalper/scalper_bot.py	ScalperStrategy.__init__	83b311a1ddfe
Betfair/stream/scalper/scalper_bot.py	ScalperStrategy._emit	cda26ced9511
Betfair/stream/scalper/scalper_bot.py	ScalperStrategy._orologio_s	eaa1dc65f3b3
Betfair/stream/scalper/scalper_bot.py	ScalperStrategy.settled_orders	3c1595eb7021
Betfair/stream/scalper/scalper_bot.py	ScalperStrategy._slot	4186c93f5b7d
Betfair/stream/scalper/scalper_bot.py	ScalperStrategy.check_market_book	e7934ead3e43
Betfair/stream/scalper/scalper_bot.py	ScalperStrategy._ko_epoch_ms	c58c34623c42
Betfair/stream/scalper/scalper_bot.py	ScalperStrategy.process_market_book	70645e7e1812
Betfair/stream/scalper/scalper_bot.py	ScalperStrategy.process_closed_market	34e6898e0a7e
Betfair/stream/scalper/scalper_bot.py	ScalperStrategy._GREEN_MIN	66fd4df5b726
Betfair/stream/scalper/scalper_bot.py	ScalperStrategy._CYCLE_LOG_MAX	4ed6c93284a2
Betfair/stream/scalper/scalper_bot.py	ScalperStrategy._on_cycle_closed	9b9da23da3c9
Betfair/stream/scalper/scalper_bot.py	ScalperStrategy._check_event_guards	9e47677d9b25
Betfair/stream/scalper/scalper_bot.py	ScalperStrategy._try_enter	55344960030c
Betfair/stream/scalper/scalper_bot.py	ScalperStrategy._enter_maker	ad152dde1ce3
Betfair/stream/scalper/scalper_bot.py	ScalperStrategy._enter_join	5fbba692ad27
Betfair/stream/scalper/scalper_bot.py	ScalperStrategy._presize_close	5d162dbabb07
Betfair/stream/scalper/scalper_bot.py	ScalperStrategy._manage_maker	9e35bff0e6ff
Betfair/stream/scalper/scalper_bot.py	ScalperStrategy._update_flow	13f598deee6a
Betfair/stream/scalper/scalper_bot.py	ScalperStrategy._flow_sums	b63aa62df6f9
Betfair/stream/scalper/scalper_bot.py	ScalperStrategy._long_drift	32b8a8d4ec49
Betfair/stream/scalper/scalper_bot.py	ScalperStrategy._long_drift_signed	fda6dbfa8f6c
Betfair/stream/scalper/scalper_bot.py	ScalperStrategy._recent_move	8d12edb1fd5e
Betfair/stream/scalper/scalper_bot.py	ScalperStrategy._signal	1b4fb9a52b7c
Betfair/stream/scalper/scalper_bot.py	ScalperStrategy._manage	dca2d55ebefa
Betfair/stream/scalper/scalper_bot.py	ScalperStrategy._handle_cancelling	7c8a7e1e7d81
Betfair/stream/scalper/scalper_bot.py	ScalperStrategy._open_lock	49f3b6a3b18e
Betfair/stream/scalper/scalper_bot.py	ScalperStrategy._chiave_slot	5de57cc07030
Betfair/stream/scalper/scalper_bot.py	ScalperStrategy._prefisso_uscite	82f28cab95ab
Betfair/stream/scalper/scalper_bot.py	ScalperStrategy._firmata	dcb7e29605b7
Betfair/stream/scalper/scalper_bot.py	ScalperStrategy._lascia_uscire	c6ad774efc85
Betfair/stream/scalper/scalper_bot.py	ScalperStrategy._pubblica_proposte	33fd0ed2100d
Betfair/stream/scalper/scalper_bot.py	ScalperStrategy._proponi_uscita	16794a8efa84
Betfair/stream/scalper/scalper_bot.py	ScalperStrategy._begin_flatten	009e4d81ba31
Betfair/stream/scalper/scalper_bot.py	ScalperStrategy._net_position	057606a0b38c
Betfair/stream/scalper/scalper_bot.py	ScalperStrategy._drive_flatten	c467c5a73031
Betfair/stream/scalper/scalper_bot.py	ScalperStrategy._codice_rifiuto	64b9557b1b91
Betfair/stream/scalper/scalper_bot.py	ScalperStrategy._leggi_rifiuti_taglia	d5f14811f1b1
Betfair/stream/scalper/scalper_bot.py	ScalperStrategy._tutto_residuo	ff5f2673d58a
Betfair/stream/scalper/scalper_bot.py	ScalperStrategy._scavalca	5ff618be7a1c
Betfair/stream/scalper/scalper_bot.py	ScalperStrategy._ricorda_residuo	4184dd263200
Betfair/stream/scalper/scalper_bot.py	ScalperStrategy._chiusura_bloccata	bf1428d55e94
Betfair/stream/scalper/scalper_bot.py	ScalperStrategy._resto_davvero_non_piazzabile	bc34ed18c710
Betfair/stream/scalper/scalper_bot.py	ScalperStrategy._flatten	85368b086e94
Betfair/stream/scalper/scalper_bot.py	ScalperStrategy._matched_position	1ef38515c1ae
Betfair/stream/scalper/scalper_bot.py	ScalperStrategy._place	382935ca6989
Betfair/stream/scalper/scalper_bot.py	ScalperStrategy._esegui_place	871db981a778
Betfair/stream/scalper/scalper_bot.py	ScalperStrategy._nel_blotter	f293d55da9b2
Betfair/stream/scalper/scalper_bot.py	ScalperStrategy._side_min	395344658c8a
Betfair/stream/scalper/scalper_bot.py	ScalperStrategy._size_direct_ok	3e50d0eaa909
Betfair/stream/scalper/scalper_bot.py	ScalperStrategy._track	d1c41d467d22
Betfair/stream/scalper/scalper_bot.py	ScalperStrategy._SUBMIN_MIN_INTERVAL_MS	655a448c7ac3
Betfair/stream/scalper/scalper_bot.py	ScalperStrategy._SUBMIN_MAX_PER_CYCLE	b41c88a7151e
Betfair/stream/scalper/scalper_bot.py	ScalperStrategy._SCAVALCHI_MAX_PER_CICLO	3a080fbfd8b4
Betfair/stream/scalper/scalper_bot.py	ScalperStrategy._ordini_della_close	4d6e4412148c
Betfair/stream/scalper/scalper_bot.py	ScalperStrategy._ordini_in_sequenza	8b450c424801
Betfair/stream/scalper/scalper_bot.py	ScalperStrategy._cancel_submins	3ed4b56bd1d2
Betfair/stream/scalper/scalper_bot.py	ScalperStrategy._place_exact	66ff38715d04
Betfair/stream/scalper/scalper_bot.py	ScalperStrategy._drive_submins	850b37a24e28
Betfair/stream/scalper/scalper_bot.py	ScalperStrategy._vivo_o_in_volo	f21b475bf4be
Betfair/stream/scalper/scalper_bot.py	ScalperStrategy._has_live	7f9400d2d63e
Betfair/stream/scalper/scalper_bot.py	ScalperStrategy._cancel_if_live	41a766f782a0
Betfair/stream/scalper/scalper_bot.py	ScalperStrategy._reset	94585a193773
Betfair/stream/scalper/sniper_bot.py	logger	3d6ea90255b3
Betfair/stream/scalper/sniper_bot.py	_EPS	a7750108b00a
Betfair/stream/scalper/sniper_bot.py	MIN_STAKE	6ee9b999bfba
Betfair/stream/scalper/sniper_bot.py	_Pos	de3ffe330cb1
Betfair/stream/scalper/sniper_bot.py	_Pos.entries	2782eb249e32
Betfair/stream/scalper/sniper_bot.py	_Pos.close	5239763914e7
Betfair/stream/scalper/sniper_bot.py	_Pos.flatten_orders	b7b817d0f2a2
Betfair/stream/scalper/sniper_bot.py	_Pos.flattening	6d5dd0a21bff
Betfair/stream/scalper/sniper_bot.py	_Pos.flat_tries	a89a171b1a9c
Betfair/stream/scalper/sniper_bot.py	_Pos.done	020e357e3973
Betfair/stream/scalper/sniper_bot.py	_Pos.entry_odds	41b5a96e27b0
Betfair/stream/scalper/sniper_bot.py	_Pos.close_locked	4e64aeb4ddd3
Betfair/stream/scalper/sniper_bot.py	_Pos.booked_locked	a80f9c44c8d7
Betfair/stream/scalper/sniper_bot.py	_Pos.entry_fill_pt	a308308b5b71
Betfair/stream/scalper/sniper_bot.py	_Pos.submins	2ef6913e89aa
Betfair/stream/scalper/sniper_bot.py	_Pos.t_last_submin	e65d433368f0
Betfair/stream/scalper/sniper_bot.py	_Pos.submin_count	836e883f5d8f
Betfair/stream/scalper/sniper_bot.py	_Pos.residual_accepted	897a8ccc6aa2
Betfair/stream/scalper/sniper_bot.py	_Pos.scavalchi	552b09aa7043
Betfair/stream/scalper/sniper_bot.py	_Pos.chiusura_bloccata_detta	0c0e227ba8b6
Betfair/stream/scalper/sniper_bot.py	_Pos.shots	99b1c933e8fb
Betfair/stream/scalper/sniper_bot.py	_Pos.last_cycle_end_ms	e327074b952a
Betfair/stream/scalper/sniper_bot.py	_Pos.proposta	18ff4661ca11
Betfair/stream/scalper/sniper_bot.py	SniperStrategy	23e9bf52b644
Betfair/stream/scalper/sniper_bot.py	SniperStrategy.__init__	32565afc6fd3
Betfair/stream/scalper/sniper_bot.py	SniperStrategy._emit	02f090bf40ac
Betfair/stream/scalper/sniper_bot.py	SniperStrategy.settled_orders	3c1595eb7021
Betfair/stream/scalper/sniper_bot.py	SniperStrategy.set_line	f8cd40227ba8
Betfair/stream/scalper/sniper_bot.py	SniperStrategy.set_lines	3faf12ebb223
Betfair/stream/scalper/sniper_bot.py	SniperStrategy._has_open_pos	0bffc924b11c
Betfair/stream/scalper/sniper_bot.py	SniperStrategy.is_flat	09a729e5fd59
Betfair/stream/scalper/sniper_bot.py	SniperStrategy._p	869de087651b
Betfair/stream/scalper/sniper_bot.py	SniperStrategy._ko_epoch_ms	6938728ad33a
Betfair/stream/scalper/sniper_bot.py	SniperStrategy._is_target	2a1cd19bf9d9
Betfair/stream/scalper/sniper_bot.py	SniperStrategy.check_market_book	c78ab0377d2e
Betfair/stream/scalper/sniper_bot.py	SniperStrategy._update_micro	3acf648b18ef
Betfair/stream/scalper/sniper_bot.py	SniperStrategy.process_market_book	c000e35078c2
Betfair/stream/scalper/sniper_bot.py	SniperStrategy._loss_capped	86bc6ab5a43f
Betfair/stream/scalper/sniper_bot.py	SniperStrategy._fire	f414744ab03f
Betfair/stream/scalper/sniper_bot.py	SniperStrategy._minute	d1a17e19e89a
Betfair/stream/scalper/sniper_bot.py	SniperStrategy._prefisso_uscite	f6dd9b0beae9
Betfair/stream/scalper/sniper_bot.py	SniperStrategy._lascia_uscire	7412cf1b3c18
Betfair/stream/scalper/sniper_bot.py	SniperStrategy._pubblica_proposte	89c804d93104
Betfair/stream/scalper/sniper_bot.py	SniperStrategy._proponi_uscita	738facbeae57
Betfair/stream/scalper/sniper_bot.py	SniperStrategy._close_cycle_clock	07da1e760936
Betfair/stream/scalper/sniper_bot.py	SniperStrategy._real_net	9affdd8f6c79
Betfair/stream/scalper/sniper_bot.py	SniperStrategy._book_locked	3cd8f5dbbf10
Betfair/stream/scalper/sniper_bot.py	SniperStrategy._matched	9a9bee72843e
Betfair/stream/scalper/sniper_bot.py	SniperStrategy._begin_flatten	0bbee9de5cde
Betfair/stream/scalper/sniper_bot.py	SniperStrategy._drive_flatten	a6f8e5aedf7e
Betfair/stream/scalper/sniper_bot.py	SniperStrategy._chiusura_bloccata	a002263fc8b5
Betfair/stream/scalper/sniper_bot.py	SniperStrategy._resto_davvero_non_piazzabile	571495009b37
Betfair/stream/scalper/sniper_bot.py	SniperStrategy._SCAVALCHI_MAX_PER_CICLO	3a080fbfd8b4
Betfair/stream/scalper/sniper_bot.py	SniperStrategy._scavalca	d619623a9315
Betfair/stream/scalper/sniper_bot.py	SniperStrategy._tutto_residuo	c0c7a2ee353d
Betfair/stream/scalper/sniper_bot.py	SniperStrategy._dichiara_residuo	252146940e60
Betfair/stream/scalper/sniper_bot.py	SniperStrategy._ordini_in_sequenza	532e7a80bb45
Betfair/stream/scalper/sniper_bot.py	SniperStrategy._sid	0049d6867690
Betfair/stream/scalper/sniper_bot.py	SniperStrategy._side_min	395344658c8a
Betfair/stream/scalper/sniper_bot.py	SniperStrategy._size_direct_ok	3e50d0eaa909
Betfair/stream/scalper/sniper_bot.py	SniperStrategy._track	341a95c07401
Betfair/stream/scalper/sniper_bot.py	SniperStrategy._place	98c49f83a660
Betfair/stream/scalper/sniper_bot.py	SniperStrategy._SUBMIN_MIN_INTERVAL_MS	655a448c7ac3
Betfair/stream/scalper/sniper_bot.py	SniperStrategy._SUBMIN_MAX_PER_CYCLE	b41c88a7151e
Betfair/stream/scalper/sniper_bot.py	SniperStrategy._cancel_submins	be0426c0f151
Betfair/stream/scalper/sniper_bot.py	SniperStrategy._place_exact	56b9c78ef3b5
Betfair/stream/scalper/sniper_bot.py	SniperStrategy._drive_submins	389a1f38aace
Betfair/stream/scalper/sniper_bot.py	SniperStrategy._vivo_o_in_volo	64494c185900
Betfair/stream/scalper/sniper_bot.py	SniperStrategy._has_live	619fcd2f5ac6
Betfair/stream/scalper/sniper_bot.py	SniperStrategy._cancel_if_live	58c4d6557bec
Betfair/stream/scalper/sniper_bot.py	SniperStrategy.process_closed_market	da36320e2156
Betfair/stream/scalper/theta_bot.py	logger	3d6ea90255b3
Betfair/stream/scalper/theta_bot.py	_EPS	a7750108b00a
Betfair/stream/scalper/theta_bot.py	ZONE_RED	88805c748d7f
Betfair/stream/scalper/theta_bot.py	_ThetaPos	e6e8cbd38981
Betfair/stream/scalper/theta_bot.py	_ThetaPos.entry_placed_pt	9116585d09bf
Betfair/stream/scalper/theta_bot.py	_ThetaPos.pending_protect	3605f9fa3597
Betfair/stream/scalper/theta_bot.py	_ThetaPos.prematch	d907292c99fa
Betfair/stream/scalper/theta_bot.py	_ThetaPos.prematch_taken	e2a8b379ec62
Betfair/stream/scalper/theta_bot.py	_ThetaPos.prematch_take_placed	31e011b3c5f5
Betfair/stream/scalper/theta_bot.py	_ThetaPos.prematch_exit_placed	d6dadb20affc
Betfair/stream/scalper/theta_bot.py	_ThetaPos.prematch_deadline_ms	03be183eb210
Betfair/stream/scalper/theta_bot.py	_ThetaPos.scratch_override_s	777a3267db91
Betfair/stream/scalper/theta_bot.py	THETA_PRESETS	c2a67a7f7f88
Betfair/stream/scalper/theta_bot.py	PREMATCH_TIMEOUT_STEPS	e5aacfa682d8
Betfair/stream/scalper/theta_bot.py	PREMATCH_TIMEOUT_FLOOR_S	505bc4849028
Betfair/stream/scalper/theta_bot.py	prematch_timeout_s	a0acdde645f0
Betfair/stream/scalper/theta_bot.py	prematch_exit_ticks	f0e3e8377458
Betfair/stream/scalper/theta_bot.py	theta_pair	e053f302b9eb
Betfair/stream/scalper/theta_bot.py	in_red_zone	0d3ef985cac8
Betfair/stream/scalper/theta_bot.py	_Proposal	2395483e7cdf
Betfair/stream/scalper/theta_bot.py	_Proposal.local_id	a145ef5633a9
Betfair/stream/scalper/theta_bot.py	_Proposal.kind	7ddd01eb54a2
Betfair/stream/scalper/theta_bot.py	_Proposal.payload	3733682a821c
Betfair/stream/scalper/theta_bot.py	_Proposal.status	97bd1756eb9c
Betfair/stream/scalper/theta_bot.py	_Proposal.db_id	a4f212c4259c
Betfair/stream/scalper/theta_bot.py	_Proposal.deadline_ms	3742831b49a1
Betfair/stream/scalper/theta_bot.py	_Proposal.sent	5a23e2eb10be
Betfair/stream/scalper/theta_bot.py	_Proposal.dirty	0ab2463462d1
Betfair/stream/scalper/theta_bot.py	ThetaConfirmBus	9d0cdb0f0aa9
Betfair/stream/scalper/theta_bot.py	ThetaConfirmBus.__init__	82524ff08fe3
Betfair/stream/scalper/theta_bot.py	ThetaConfirmBus.propose	8e7d3e4faf33
Betfair/stream/scalper/theta_bot.py	ThetaConfirmBus.check	1eaa1952efac
Betfair/stream/scalper/theta_bot.py	ThetaConfirmBus.finalize	bfafd9884674
Betfair/stream/scalper/theta_bot.py	ThetaConfirmBus.take_unsent	4c5667cb751c
Betfair/stream/scalper/theta_bot.py	ThetaConfirmBus.attach_db_id	d7061cf8f680
Betfair/stream/scalper/theta_bot.py	ThetaConfirmBus.awaiting_db	dc00d9fbd62d
Betfair/stream/scalper/theta_bot.py	ThetaConfirmBus.apply_db_status	efba2e7f6069
Betfair/stream/scalper/theta_bot.py	ThetaConfirmBus.take_dirty	02f6beb78d1d
Betfair/stream/scalper/theta_bot.py	ThetaStrategy	d3d2e356c1ed
Betfair/stream/scalper/theta_bot.py	ThetaStrategy.__init__	dd4d8629e439
Betfair/stream/scalper/theta_bot.py	ThetaStrategy._p	58e640373ac1
Betfair/stream/scalper/theta_bot.py	ThetaStrategy.set_goals	3c73c6dbe3e4
Betfair/stream/scalper/theta_bot.py	ThetaStrategy._advance_timeline	3c6bb6c52591
Betfair/stream/scalper/theta_bot.py	ThetaStrategy._goals	2dfe2155cccd
Betfair/stream/scalper/theta_bot.py	ThetaStrategy._target_line	6eda51e8ce91
Betfair/stream/scalper/theta_bot.py	ThetaStrategy._match_minute	bc7d73cce3ad
Betfair/stream/scalper/theta_bot.py	ThetaStrategy._hazard	36c90a3f925a
Betfair/stream/scalper/theta_bot.py	ThetaStrategy._is_under	0cc425dd4116
Betfair/stream/scalper/theta_bot.py	ThetaStrategy.check_market_book	0e5a422aedd2
Betfair/stream/scalper/theta_bot.py	ThetaStrategy._has_exposure	ecd5da76e39e
Betfair/stream/scalper/theta_bot.py	ThetaStrategy.process_closed_market	95462307bfde
Betfair/stream/scalper/theta_bot.py	ThetaStrategy.process_market_book	39fba2cc8904
Betfair/stream/scalper/theta_bot.py	ThetaStrategy._manage_open	c4432f1737ea
Betfair/stream/scalper/theta_bot.py	ThetaStrategy._entry_go	1efa928aeb94
Betfair/stream/scalper/theta_bot.py	ThetaStrategy._protect_go	9a4a3e2670d5
Betfair/stream/scalper/theta_bot.py	ThetaStrategy._check_target_greens	d16acb6dc90c
Betfair/stream/scalper/theta_bot.py	ThetaStrategy._reset_prematch	4ffe7826e03d
Betfair/stream/scalper/theta_bot.py	ThetaStrategy._prematch_entry_tick	5b326a62a634
Betfair/stream/scalper/theta_bot.py	ThetaStrategy._manage_prematch	583405cbff39
Betfair/stream/scalper/theta_bot.py	ThetaStrategy._fire_theta	0d199a143e59
Betfair/stream/scalper/media_under_bot.py	logger	3d6ea90255b3
Betfair/stream/scalper/media_under_bot.py	_EPS	a7750108b00a
Betfair/stream/scalper/media_under_bot.py	CHIAVE_MODO	cbc91bc97bd5
Betfair/stream/scalper/media_under_bot.py	PREFISSO	394359ca4331
Betfair/stream/scalper/media_under_bot.py	MERCATI_AMMESSI	30edc513100f
Betfair/stream/scalper/media_under_bot.py	VALORI_DI_SERIE	521f38b99871
Betfair/stream/scalper/media_under_bot.py	OBBLIGATORI	6b4003d48c44
Betfair/stream/scalper/media_under_bot.py	CHIAVE_COMANDO	d4682dc592dc
Betfair/stream/scalper/media_under_bot.py	CHIAVE_A_CLIC	9ad1d03e3169
Betfair/stream/scalper/media_under_bot.py	CHIAVE_RIENTRO_FILTRI	582b34c5802f
Betfair/stream/scalper/media_under_bot.py	ATTESA_MASSIMA_COMANDO_S	af74e3477de3
Betfair/stream/scalper/media_under_bot.py	ORIGINE_CLIC	52eac6de689c
Betfair/stream/scalper/media_under_bot.py	ORIGINE_RIENTRO_AUTO	6fd94e2cc55d
Betfair/stream/scalper/media_under_bot.py	ORIGINE_FILTRI	748a1273a97c
Betfair/stream/scalper/media_under_bot.py	CHIAVI_UI	4207979e8069
Betfair/stream/scalper/media_under_bot.py	FERMO	642dafef3804
Betfair/stream/scalper/media_under_bot.py	INGRESSO	9090aac86d9f
Betfair/stream/scalper/media_under_bot.py	IN_POSIZIONE	8a726afe118a
Betfair/stream/scalper/media_under_bot.py	RIENTRO	a11bc89120e7
Betfair/stream/scalper/media_under_bot.py	MASSIMO	b0be209ad340
Betfair/stream/scalper/media_under_bot.py	LIVE	5fabcbe111f9
Betfair/stream/scalper/media_under_bot.py	FINE	e79f1a7f6f6f
Betfair/stream/scalper/media_under_bot.py	BLOCCATA	e6c29bba2785
Betfair/stream/scalper/media_under_bot.py	ATTESA_CLIC	d441671f098c
Betfair/stream/scalper/media_under_bot.py	RIPRESA	193ab429b28e
Betfair/stream/scalper/media_under_bot.py	STATI	23b4782ff65d
Betfair/stream/scalper/media_under_bot.py	STATI_CON_POSIZIONE	256fb9586f14
Betfair/stream/scalper/media_under_bot.py	FONTE_SOLO_BOT	0114d101db4f
Betfair/stream/scalper/media_under_bot.py	TABELLA_ORDINI_CONTO	729ccb8a3968
Betfair/stream/scalper/media_under_bot.py	COLONNE_ORDINI_CONTO	ad06c6687696
Betfair/stream/scalper/media_under_bot.py	SORGENTI_A_MANO	46ab24b7c5bf
Betfair/stream/scalper/media_under_bot.py	righe_a_mano	6da057d95111
Betfair/stream/scalper/media_under_bot.py	posizione_con_righe	3b0993b6dbcf
Betfair/stream/scalper/media_under_bot.py	ParametriMedia	6aea651b20b1
Betfair/stream/scalper/media_under_bot.py	ParametriMedia.mercato	0f33d588c3a6
Betfair/stream/scalper/media_under_bot.py	ParametriMedia.stake	9e8b934ad747
Betfair/stream/scalper/media_under_bot.py	ParametriMedia.obiettivo_netto	9b36c22d9c89
Betfair/stream/scalper/media_under_bot.py	ParametriMedia.tick_chiusura	71952c7e43d9
Betfair/stream/scalper/media_under_bot.py	ParametriMedia.tick_rientro	f1137d2115ca
Betfair/stream/scalper/media_under_bot.py	ParametriMedia.max_rientri	4ad524a815d5
Betfair/stream/scalper/media_under_bot.py	ParametriMedia.rischio_max	29bc01f2e146
Betfair/stream/scalper/media_under_bot.py	ParametriMedia.quota_min	3be8b8ee6b3d
Betfair/stream/scalper/media_under_bot.py	ParametriMedia.quota_max	b4a3ac0f1434
Betfair/stream/scalper/media_under_bot.py	ParametriMedia.min_size	854ac9869b22
Betfair/stream/scalper/media_under_bot.py	ParametriMedia.min_flow	c1fe58f10600
Betfair/stream/scalper/media_under_bot.py	ParametriMedia.max_spread_ticks	d5deab7b932f
Betfair/stream/scalper/media_under_bot.py	ParametriMedia.stop_ingressi_s	ab85ecdb85d2
Betfair/stream/scalper/media_under_bot.py	ParametriMedia.ttl_punta_ms	37f8b906bc34
Betfair/stream/scalper/media_under_bot.py	ParametriMedia.obiettivi_live	cd9186abc0d9
Betfair/stream/scalper/media_under_bot.py	ParametriMedia.commissione	306ad3150287
Betfair/stream/scalper/media_under_bot.py	ParametriMedia.rientro_auto_filtri	90048fd3cdd8
Betfair/stream/scalper/media_under_bot.py	media_mode_acceso	3176620d374b
Betfair/stream/scalper/media_under_bot.py	_numero	47533a0c9d91
Betfair/stream/scalper/media_under_bot.py	_intero	ab532432ee81
Betfair/stream/scalper/media_under_bot.py	leggi_parametri	c1d6f200a28c
Betfair/stream/scalper/media_under_bot.py	leggi_comando	dd3190a6d3e6
Betfair/stream/scalper/media_under_bot.py	motivo_non_parte	7fb5e5af6693
Betfair/stream/scalper/media_under_bot.py	vita_sessione_s	45e977a19675
Betfair/stream/scalper/media_under_bot.py	posizione_aperta_nelle_stats	813a65e1cf2a
Betfair/stream/scalper/media_under_bot.py	Posizione	ff98cb845fc6
Betfair/stream/scalper/media_under_bot.py	Posizione.se_vince	68a3ef1ef40d
Betfair/stream/scalper/media_under_bot.py	Posizione.se_perde	be51e40a8737
Betfair/stream/scalper/media_under_bot.py	Posizione.puntato	ffb50a223634
Betfair/stream/scalper/media_under_bot.py	Posizione.profitto_punte	ff18a97d6624
Betfair/stream/scalper/media_under_bot.py	Posizione.bancato	6ad6f4a1a7fd
Betfair/stream/scalper/media_under_bot.py	Posizione.quota_media	ab28b3881767
Betfair/stream/scalper/media_under_bot.py	Posizione.aperta	6ee2d1443175
Betfair/stream/scalper/media_under_bot.py	posizione_da_importi	e04c2f467af8
Betfair/stream/scalper/media_under_bot.py	_lato	afbb875f08f0
Betfair/stream/scalper/media_under_bot.py	abbinato	e7f6fdd2519b
Betfair/stream/scalper/media_under_bot.py	posizione_da_ordini	2543983168b7
Betfair/stream/scalper/media_under_bot.py	al_centesimo	f58c5bb95937
Betfair/stream/scalper/media_under_bot.py	banca_esatta	4634e88ada8d
Betfair/stream/scalper/media_under_bot.py	profitto_lordo_con_banca	96134719c314
Betfair/stream/scalper/media_under_bot.py	rientro_esatto	4c603d8f3d19
Betfair/stream/scalper/media_under_bot.py	lordo_da_netto	99b36857c18f
Betfair/stream/scalper/media_under_bot.py	netto_da_lordo	d0ee29efe180
Betfair/stream/scalper/media_under_bot.py	obiettivo_automatico	949a89ef0a9e
Betfair/stream/scalper/media_under_bot.py	tick_sotto	bc3871c3b03c
Betfair/stream/scalper/media_under_bot.py	testo_ciclo_chiuso	4979f3cefb77
Betfair/stream/scalper/media_under_bot.py	tick_sotto_la_media	be1eb188064b
Betfair/stream/scalper/media_under_bot.py	quota_della_banca	5c1e5e59a6aa
Betfair/stream/scalper/media_under_bot.py	punta_a_multiplo	a12ec0d0d02f
Betfair/stream/scalper/media_under_bot.py	riquadro_chiusura	83f657ed1e78
Betfair/stream/scalper/media_under_bot.py	_VIVI	ac64675c4740
Betfair/stream/scalper/media_under_bot.py	vivo_o_in_volo	9f643849688f
Betfair/stream/scalper/media_under_bot.py	eseguibile	223df0dc4c03
Betfair/stream/scalper/media_under_bot.py	codice_rifiuto	40366b4d6f60
Betfair/stream/scalper/media_under_bot.py	ATTESA_RIPRESA_MS	d8fa8d0182fb
Betfair/stream/scalper/media_under_bot.py	riga_dal_conto	06a4bfe1dbc8
Betfair/stream/scalper/media_under_bot.py	OrdineDelConto	dc24c1591fca
Betfair/stream/scalper/media_under_bot.py	OrdineDelConto.__init__	d7bb7b84d63c
Betfair/stream/scalper/media_under_bot.py	_ms_creato	67f842222c0e
Betfair/stream/scalper/media_under_bot.py	cicli_degli_ordini	3ab775d7dc79
Betfair/stream/scalper/media_under_bot.py	_ciclo_finito	60ea451ad083
Betfair/stream/scalper/media_under_bot.py	_APRIRE_FRENO	2eeb9e9a2cab
Betfair/stream/scalper/media_under_bot.py	_APRIRE_FISCHIO	8a33e85e9c81
Betfair/stream/scalper/media_under_bot.py	_APRIRE_FINESTRA	6f1267b2bb33
Betfair/stream/scalper/media_under_bot.py	_APRIRE_RIFIUTO	d78e1b106a7b
Betfair/stream/scalper/media_under_bot.py	_MOTIVO_DA_APRIRE	8d5d294971fd
Betfair/stream/scalper/media_under_bot.py	MOTIVI_NON_INGRESSO	038ab870c669
Betfair/stream/scalper/media_under_bot.py	StatoClic	199cf8695c71
Betfair/stream/scalper/media_under_bot.py	StatoClic.a_clic	209464f949e5
Betfair/stream/scalper/media_under_bot.py	StatoClic.consumato	ce202ac35e1b
Betfair/stream/scalper/media_under_bot.py	StatoClic.pronto	5b70ca6caedc
Betfair/stream/scalper/media_under_bot.py	StatoClic.comando	65580edd55fc
Betfair/stream/scalper/media_under_bot.py	StatoClic.origine	d87a5e356107
Betfair/stream/scalper/media_under_bot.py	StatoClic.in_gioco	6c6f3b3cbfb9
Betfair/stream/scalper/media_under_bot.py	StatoClic.in_gioco_detto	793176a8924f
Betfair/stream/scalper/media_under_bot.py	StatoClic.ultimo_aperto	4650eacbae58
Betfair/stream/scalper/media_under_bot.py	MediaUnderStrategy	5c40ee692829
Betfair/stream/scalper/media_under_bot.py	MediaUnderStrategy.__init__	3e75708ccde6
Betfair/stream/scalper/media_under_bot.py	MediaUnderStrategy._emit	cabfce4503e2
Betfair/stream/scalper/media_under_bot.py	MediaUnderStrategy._una_volta	5892ab946465
Betfair/stream/scalper/media_under_bot.py	MediaUnderStrategy._ko_epoch_ms	0444ffe5a628
Betfair/stream/scalper/media_under_bot.py	MediaUnderStrategy._e_under	af60b7c0ccac
Betfair/stream/scalper/media_under_bot.py	MediaUnderStrategy.is_flat	0b30c284ca24
Betfair/stream/scalper/media_under_bot.py	MediaUnderStrategy._toll_pari	ec22fc1126e7
Betfair/stream/scalper/media_under_bot.py	MediaUnderStrategy._quota_chiusura	8a2c0d42735a
Betfair/stream/scalper/media_under_bot.py	MediaUnderStrategy._banche	086f42521177
Betfair/stream/scalper/media_under_bot.py	MediaUnderStrategy._banche_vive	425e1eb602d2
Betfair/stream/scalper/media_under_bot.py	MediaUnderStrategy._banca	08fff089e485
Betfair/stream/scalper/media_under_bot.py	MediaUnderStrategy._banche_ferme	56f985010927
Betfair/stream/scalper/media_under_bot.py	MediaUnderStrategy.check_market_book	462529e00231
Betfair/stream/scalper/media_under_bot.py	MediaUnderStrategy.process_market_book	190f0e1f4b8a
Betfair/stream/scalper/media_under_bot.py	MediaUnderStrategy._puo_aprire	b7f37a365b9d
Betfair/stream/scalper/media_under_bot.py	MediaUnderStrategy._puo_gestire	fe79cc3520fe
Betfair/stream/scalper/media_under_bot.py	MediaUnderStrategy._filtro_aperture	b9351a5f2924
Betfair/stream/scalper/media_under_bot.py	MediaUnderStrategy._pre_match	76fd28921800
Betfair/stream/scalper/media_under_bot.py	MediaUnderStrategy._perche_non_entra	456755e1cf3d
Betfair/stream/scalper/media_under_bot.py	MediaUnderStrategy._conta_non_ingresso	0587d3ae34e1
Betfair/stream/scalper/media_under_bot.py	MediaUnderStrategy._forse_ingresso	ee05f9ce1431
Betfair/stream/scalper/media_under_bot.py	MediaUnderStrategy._punta_d_ingresso	4b40258c6221
Betfair/stream/scalper/media_under_bot.py	MediaUnderStrategy._rientro_automatico	24fd999c6727
Betfair/stream/scalper/media_under_bot.py	MediaUnderStrategy._punta_morta	c15395613838
Betfair/stream/scalper/media_under_bot.py	MediaUnderStrategy._forse_rientro	f6cf4e82e137
Betfair/stream/scalper/media_under_bot.py	MediaUnderStrategy._piano_rientro	26a00d495168
Betfair/stream/scalper/media_under_bot.py	MediaUnderStrategy._punta_di_rientro	1d35b9509d89
Betfair/stream/scalper/media_under_bot.py	MediaUnderStrategy._assicura_banca	8c8c257e3c52
Betfair/stream/scalper/media_under_bot.py	MediaUnderStrategy._allinea_banche	4b22ed33d3b5
Betfair/stream/scalper/media_under_bot.py	MediaUnderStrategy._banca_nuova	68c84fcc6e23
Betfair/stream/scalper/media_under_bot.py	MediaUnderStrategy._dalla_media	7c6853fc063f
Betfair/stream/scalper/media_under_bot.py	MediaUnderStrategy._riduci	0e762dc60bb1
Betfair/stream/scalper/media_under_bot.py	MediaUnderStrategy._sposta	f4b7e18ef4c0
Betfair/stream/scalper/media_under_bot.py	MediaUnderStrategy._spostamento_fallito	f468e0d60def
Betfair/stream/scalper/media_under_bot.py	MediaUnderStrategy._segui_spostamenti	374b02a78d83
Betfair/stream/scalper/media_under_bot.py	MediaUnderStrategy._rientro_in_corso	ae569241e776
Betfair/stream/scalper/media_under_bot.py	MediaUnderStrategy._annulla_resti_delle_punte	8fb3ce6a3e14
Betfair/stream/scalper/media_under_bot.py	MediaUnderStrategy._ciclo_chiuso	b45373bf95a0
Betfair/stream/scalper/media_under_bot.py	MediaUnderStrategy._nuovo_ciclo	3c2223d823eb
Betfair/stream/scalper/media_under_bot.py	MediaUnderStrategy._in_live	f7e2986b80d6
Betfair/stream/scalper/media_under_bot.py	MediaUnderStrategy._in_gioco_a_clic	89fc2a54d0c4
Betfair/stream/scalper/media_under_bot.py	MediaUnderStrategy.comando_consumato	43efed5aa290
Betfair/stream/scalper/media_under_bot.py	MediaUnderStrategy.ricevi_comando	f0b9f827377a
Betfair/stream/scalper/media_under_bot.py	MediaUnderStrategy.rilascia_comando	86d60727515f
Betfair/stream/scalper/media_under_bot.py	MediaUnderStrategy.annulla_comando	c0c0cc9e5736
Betfair/stream/scalper/media_under_bot.py	MediaUnderStrategy._rifiuta_comando	54f6f35c757b
Betfair/stream/scalper/media_under_bot.py	MediaUnderStrategy._motivo_no_comando	925d348f797c
Betfair/stream/scalper/media_under_bot.py	MediaUnderStrategy._esegui_comando	e720570418a5
Betfair/stream/scalper/media_under_bot.py	MediaUnderStrategy._segui_banca_in_live	251bf6e065c2
Betfair/stream/scalper/media_under_bot.py	MediaUnderStrategy._descrivi_banca	c5fd0c4a22c3
Betfair/stream/scalper/media_under_bot.py	MediaUnderStrategy._piazza	acb29aec9e56
Betfair/stream/scalper/media_under_bot.py	MediaUnderStrategy._annulla	24c2e892ba0d
Betfair/stream/scalper/media_under_bot.py	MediaUnderStrategy._leggi_rifiuti	fe886cad09fd
Betfair/stream/scalper/media_under_bot.py	MediaUnderStrategy._registra_rifiuto	d5ef0a8f7e31
Betfair/stream/scalper/media_under_bot.py	MediaUnderStrategy._aggiorna_flusso	64f2e592b604
Betfair/stream/scalper/media_under_bot.py	MediaUnderStrategy._somme_flusso	c7f5c2780eb2
Betfair/stream/scalper/media_under_bot.py	MediaUnderStrategy._pubblica	48b1d768ba89
Betfair/stream/scalper/media_under_bot.py	MediaUnderStrategy.banca_da_lasciare	c7d7aba1ea1f
Betfair/stream/scalper/media_under_bot.py	MediaUnderStrategy.pronta_allo_stop	2528ad503753
Betfair/stream/scalper/media_under_bot.py	MediaUnderStrategy._ritira_la_punta_allo_stop	6645377d6f33
Betfair/stream/scalper/media_under_bot.py	MediaUnderStrategy.prepara_ripresa	4df4e44a7628
Betfair/stream/scalper/media_under_bot.py	MediaUnderStrategy.ordini_dal_conto	42c04c8b5038
Betfair/stream/scalper/media_under_bot.py	MediaUnderStrategy.conto_non_letto	5e5a33f2b1e3
Betfair/stream/scalper/media_under_bot.py	MediaUnderStrategy.attende_il_conto	a220657f1f03
Betfair/stream/scalper/media_under_bot.py	MediaUnderStrategy._forse_riprendi	5c9dce5bc995
Betfair/stream/scalper/media_under_bot.py	MediaUnderStrategy._blocca_ripresa	4510c5e26159
Betfair/stream/scalper/media_under_bot.py	MediaUnderStrategy._ricostruisci	8e1e6a571e33
Betfair/stream/scalper/media_under_bot.py	MediaUnderStrategy.posizione_aperta	efdc4a677e96
Betfair/stream/scalper/media_under_bot.py	MediaUnderStrategy.serve_ordini_conto	bbbb3639006e
Betfair/stream/scalper/media_under_bot.py	MediaUnderStrategy.imposta_ordini_conto	839bb89c320c
Betfair/stream/scalper/media_under_bot.py	MediaUnderStrategy._fonte_e_posizione	01fd23efec3e
Betfair/stream/scalper/media_under_bot.py	MediaUnderStrategy.process_closed_market	8e3f9abe93b6
Betfair/stream/scalper/auto_mode.py	ENV_TETTO	baef896f9a8c
Betfair/stream/scalper/auto_mode.py	CHIAVE_TETTO	3fecd45a04c4
Betfair/stream/scalper/auto_mode.py	TETTO_DEFAULT	d4d6cdbe70ea
Betfair/stream/scalper/auto_mode.py	TETTO_MASSIMO	be98aa3127f5
Betfair/stream/scalper/auto_mode.py	ORIGINE_AUTO	72ac138d0a7c
Betfair/stream/scalper/auto_mode.py	ORIGINE_MANUALE	cf2146752c15
Betfair/stream/scalper/auto_mode.py	STATI_CON_PROCESSO	b189bfba6fe4
Betfair/stream/scalper/auto_mode.py	STATI_ATTIVI	d4cd72f18032
Betfair/stream/scalper/auto_mode.py	ASSENZA_FEED_S	58bf1f3539ad
Betfair/stream/scalper/auto_mode.py	SCANNER_VIVO_S	c2fa5177ac12
Betfair/stream/scalper/auto_mode.py	FONTE_FEED	0ae0a68e92f3
Betfair/stream/scalper/auto_mode.py	FOLLOW_CHIUSI	3005c6da53a0
Betfair/stream/scalper/auto_mode.py	VITA_MAKER_S	c3e4af156edb
Betfair/stream/scalper/auto_mode.py	VITA_HT_S	a2468683bfd2
Betfair/stream/scalper/auto_mode.py	VITA_SNIPER_THETA_S	f5adabf9c0da
Betfair/stream/scalper/auto_mode.py	_intero	8354801682cf
Betfair/stream/scalper/auto_mode.py	_epoch	a7d3920721dc
Betfair/stream/scalper/auto_mode.py	tetto_partite	37f7c7a46e1e
Betfair/stream/scalper/auto_mode.py	PREFISSO_MEDIA_UNDER	bf07148a16b6
Betfair/stream/scalper/auto_mode.py	params_per_sessione	2e3ad7976149
Betfair/stream/scalper/auto_mode.py	sniper_mode_acceso	31a54a6e66d8
Betfair/stream/scalper/auto_mode.py	vita_sessione_s	ec85de6848d8
Betfair/stream/scalper/auto_mode.py	ha_ancora_vita	64537fc3101c
Betfair/stream/scalper/auto_mode.py	CHIAVI_FEED	d3854e3f5d3f
Betfair/stream/scalper/auto_mode.py	partite_dal_feed	14eb14600ac8
Betfair/stream/scalper/auto_mode.py	origine_riga	088abad572ff
Betfair/stream/scalper/auto_mode.py	motivo_esclusione	00c0d18b39b0
Betfair/stream/scalper/auto_mode.py	CHIAVE_FERMATA_FRENO	f82d19fd6879
Betfair/stream/scalper/auto_mode.py	fermata_dal_freno	47a9f60cb957
Betfair/stream/scalper/auto_mode.py	sessioni_con_processo	6d65674b2e74
Betfair/stream/scalper/auto_mode.py	modalita_riga	2c5bb464dc8f
Betfair/stream/scalper/auto_mode.py	DRY_RUN_ALLA_NASCITA	7cf881d17bd6
Betfair/stream/scalper/auto_mode.py	dry_run_alla_nascita	834ce3a6da8f
Betfair/stream/scalper/auto_mode.py	conflitto_modalita	181405009fb0
Betfair/stream/scalper/auto_mode.py	da_fermare_per_feed	f56b1ee5c918
Betfair/stream/scalper/auto_mode.py	MOTIVO_GUARDIA	79551ead7f1f
Betfair/stream/scalper/auto_mode.py	MOTIVO_FEED_MUTO	b39f96ffaf3e
Betfair/stream/scalper/auto_mode.py	MOTIVO_FEED_VUOTO	5c5f3d430906
Betfair/stream/scalper/auto_mode.py	MOTIVO_ORIGINE_ASSENTE	92cbb17a8192
Betfair/stream/scalper/auto_mode.py	MOTIVO_TETTO_ZERO	d4766bbfb74d
Betfair/stream/scalper/auto_mode.py	motivo_freno_testo	e30d1edbdcee
Betfair/stream/scalper/auto_mode.py	motivo_conflitto	fef78195b56c
Betfair/stream/scalper/auto_mode.py	motivo_blocco	801ec5b0815c
Betfair/stream/scalper/bias_resolver.py	logger	3d6ea90255b3
Betfair/stream/scalper/bias_resolver.py	DEFAULT_MIN_EDGE	dc00bf53a97a
Betfair/stream/scalper/bias_resolver.py	DEFAULT_MAX_EDGE	135aa3aee4b3
Betfair/stream/scalper/bias_resolver.py	BiasDecision	2336d95ef161
Betfair/stream/scalper/bias_resolver.py	BiasDecision.bias	0869f41dff80
Betfair/stream/scalper/bias_resolver.py	BiasDecision.consensus	3ef1803665d0
Betfair/stream/scalper/bias_resolver.py	BiasDecision.direction	c38192733b7f
Betfair/stream/scalper/bias_resolver.py	BiasDecision.prob_ml	97c01d1eb11e
Betfair/stream/scalper/bias_resolver.py	BiasDecision.prob_poisson	a9dfbc9fe9b1
Betfair/stream/scalper/bias_resolver.py	BiasDecision.prob_market	bb7497311489
Betfair/stream/scalper/bias_resolver.py	BiasDecision.edge	e6f29294a672
Betfair/stream/scalper/bias_resolver.py	BiasDecision.reasons	b1e4c2d49177
Betfair/stream/scalper/bias_resolver.py	BiasDecision.to_meta	3b5a19648a9d
Betfair/stream/scalper/bias_resolver.py	_argmax_1x2	f9b347778103
Betfair/stream/scalper/bias_resolver.py	extract_1x2	c0ee0688c5fa
Betfair/stream/scalper/bias_resolver.py	match_runner_roles	091b17a26adb
Betfair/stream/scalper/bias_resolver.py	resolve_bias	02ac410213f4
Betfair/stream/scalper/risk_semaphore.py	EventRiskSemaphore	2b8821db6464
Betfair/stream/scalper/risk_semaphore.py	EventRiskSemaphore.__init__	9e6c0a3c54f4
Betfair/stream/scalper/risk_semaphore.py	EventRiskSemaphore.on_suspension	c2f85454f698
Betfair/stream/scalper/risk_semaphore.py	EventRiskSemaphore.entries_halted	c6bac8beffd8
Betfair/stream/scalper/risk_semaphore.py	EventRiskSemaphore.stats	de28e9d519a3
Betfair/stream/scalper/risk_semaphore.py	notice_suspension	7bfaa0f579a8
Betfair/stream/scalper/habitat_scan.py	logger	3d6ea90255b3
Betfair/stream/scalper/habitat_scan.py	TICK_BANDS	27f8465e0f45
Betfair/stream/scalper/habitat_scan.py	_spread_ticks	04457a9f5634
Betfair/stream/scalper/habitat_scan.py	_book_snapshot	96907961c87b
Betfair/stream/scalper/habitat_scan.py	scan	5d1a2dec9d4f
Betfair/stream/scalper/habitat_scan.py	main	0645d59c509d
Betfair/stream/scalper/hazard_atlas.py	logger	3d6ea90255b3
Betfair/stream/scalper/hazard_atlas.py	ATLAS_DEFAULT_PATH	c72e294a0d38
Betfair/stream/scalper/hazard_atlas.py	_DATA_DIR	d419439e9bae
Betfair/stream/scalper/hazard_atlas.py	ATLAS_V2_PATH	55c434abe5e6
Betfair/stream/scalper/hazard_atlas.py	ATLAS_LIVE_PATH	94d1ed4a5555
Betfair/stream/scalper/hazard_atlas.py	ATLAS_V3_PATH	9487390fb0ba
Betfair/stream/scalper/hazard_atlas.py	ATLAS_STATO_PATH	7f215341f179
Betfair/stream/scalper/hazard_atlas.py	MTIME_CHECK_S	28fc621c882a
Betfair/stream/scalper/hazard_atlas.py	ATLAS_STALE_DAYS	edbe4aef5937
Betfair/stream/scalper/hazard_atlas.py	_LOCK	58abfa997287
Betfair/stream/scalper/hazard_atlas.py	_CONDIVISO	94efe3f4af43
Betfair/stream/scalper/hazard_atlas.py	percorso_atlante	467efce9cc9d
Betfair/stream/scalper/hazard_atlas.py	reset_atlante_condiviso	0595ed853ccd
Betfair/stream/scalper/hazard_atlas.py	atlante_condiviso	1b2cbf416d79
Betfair/stream/scalper/hazard_atlas.py	load_hazard_atlas	5514a3d782dc
Betfair/stream/scalper/hazard_atlas.py	eta_atlante	3ee3bdd58f18
Betfair/stream/scalper/hazard_atlas.py	etichetta_atlante	58d31258e34c
Betfair/stream/scalper/hazard_atlas.py	hazard_bucket	74cb4a936255
Betfair/stream/scalper/hazard_atlas.py	hazard_goals_key	0d80e93781d3
Betfair/stream/scalper/hazard_atlas.py	_find_team	cb20cab3ff18
Betfair/stream/scalper/hazard_atlas.py	_K_DEFAULT	1e7b5720aaec
Betfair/stream/scalper/hazard_atlas.py	_MIN_LEGA_DEFAULT	d4b099d4af7b
Betfair/stream/scalper/hazard_atlas.py	_MIN_LEGA_MEDIA	f618e8d8fa36
Betfair/stream/scalper/hazard_atlas.py	_LIVELLI	71b203fb4600
Betfair/stream/scalper/hazard_atlas.py	_conf_cella	c787911a2d85
Betfair/stream/scalper/hazard_atlas.py	_conf_lega	ef5e28e7a64f
Betfair/stream/scalper/hazard_atlas.py	_ORDINE_CONF	2ac0629ac5fa
Betfair/stream/scalper/hazard_atlas.py	leghe_in_preparazione	cca4b0c25a63
Betfair/stream/scalper/hazard_atlas.py	consulta_atlante	0a3ca705defd
Betfair/stream/scalper/hazard_atlas.py	_nota_consulta	900d73ac428e
Betfair/stream/scalper/hazard_atlas.py	hazard_lookup	b2f88f6d7121
Betfair/stream/scalper/scalper_session.py	VALIDATED_PARAMS	86627155010f
Betfair/stream/scalper/scalper_session.py	VALIDATED_PARAMS[mode]	5d30455ef894
Betfair/stream/scalper/scalper_session.py	VALIDATED_PARAMS[allow_inplay]	d13f3600969e
Betfair/stream/scalper/scalper_session.py	VALIDATED_PARAMS[scalp_ticks]	ba54c567c94a
Betfair/stream/scalper/scalper_session.py	VALIDATED_PARAMS[stop_ticks]	ba54c567c94a
Betfair/stream/scalper/scalper_session.py	VALIDATED_PARAMS[entry_ttl_ms]	ce98d3784aca
Betfair/stream/scalper/scalper_session.py	VALIDATED_PARAMS[lock_ttl_ms]	0ac414437773
Betfair/stream/scalper/scalper_session.py	VALIDATED_PARAMS[max_cycles]	698a142f0831
Betfair/stream/scalper/scalper_session.py	VALIDATED_PARAMS[min_size]	961a7f35b58c
Betfair/stream/scalper/scalper_session.py	VALIDATED_PARAMS[min_flow]	95850e998ecb
Betfair/stream/scalper/scalper_session.py	VALIDATED_PARAMS[flow_window_ms]	de1205931809
Betfair/stream/scalper/scalper_session.py	VALIDATED_PARAMS[warmup_ms]	a60231d555fc
Betfair/stream/scalper/scalper_session.py	VALIDATED_PARAMS[price_min]	2b0a4febe3e4
Betfair/stream/scalper/scalper_session.py	VALIDATED_PARAMS[price_max]	f2e66a6ff28e
Betfair/stream/scalper/scalper_session.py	VALIDATED_PARAMS[join_max_spread]	67b23b847dce
Betfair/stream/scalper/scalper_session.py	VALIDATED_PARAMS[improve_inside]	906dfcdf2462
Betfair/stream/scalper/scalper_session.py	VALIDATED_PARAMS[reprice_ticks]	67b23b847dce
Betfair/stream/scalper/scalper_session.py	VALIDATED_PARAMS[capture_min_ticks]	a4261d921c55
Betfair/stream/scalper/scalper_session.py	VALIDATED_PARAMS[capture_max_ticks]	4b87ea803e39
Betfair/stream/scalper/scalper_session.py	VALIDATED_PARAMS[max_signal_ticks]	95de7352c863
Betfair/stream/scalper/scalper_session.py	VALIDATED_PARAMS[signal_window_ms]	d026e6b06294
Betfair/stream/scalper/scalper_session.py	VALIDATED_PARAMS[cooldown_ms]	28d7d7061d36
Betfair/stream/scalper/scalper_session.py	VALIDATED_PARAMS[flatten_before_s]	8066b8f948e1
Betfair/stream/scalper/scalper_session.py	VALIDATED_PARAMS[entry_stop_before_s]	3248e567489a
Betfair/stream/scalper/scalper_session.py	VALIDATED_PARAMS[wom_block]	92cca367547d
Betfair/stream/scalper/scalper_session.py	VALIDATED_PARAMS[live_min_bet]	89fca1ca651e
Betfair/stream/scalper/scalper_session.py	VALIDATED_PARAMS[size_step]	5db11e7647b9
Betfair/stream/scalper/scalper_session.py	VALIDATED_PARAMS[max_txn_hour]	fa3829c89065
Betfair/stream/scalper/scalper_session.py	VALIDATED_PARAMS[flatten_min_interval_ms]	bcfe8f82d4d1
Betfair/stream/scalper/scalper_session.py	VALIDATED_PARAMS[exact_exits]	906dfcdf2462
Betfair/stream/scalper/scalper_session.py	VALIDATED_PARAMS[event_profit_target]	26a96777b669
Betfair/stream/scalper/scalper_session.py	VALIDATED_PARAMS[event_target_giveback]	a6588ab650a0
Betfair/stream/scalper/scalper_session.py	VALIDATED_PARAMS[event_loss_cap]	2b0a4febe3e4
Betfair/stream/scalper/scalper_session.py	VALIDATED_PARAMS[one_green_per_phase]	d13f3600969e
Betfair/stream/scalper/scalper_session.py	UI_PARAM_WHITELIST	a7f268e19550
