frontend/src/certification/realtime.cert.test.ts	105	safe_strategy_status	safe_strategy_status	select	test
frontend/src/certification/realtime.cert.test.ts	111	safe_strategy_scan	safe_strategy_scan	select	test
frontend/src/components/dashboard/FixtureSelector.tsx	30	fixture_predictions	fixture_predictions	select	radice_e_motori
frontend/src/components/dashboard/MatchesList.tsx	157	fixture_predictions	fixture_predictions	select	radice_e_motori
frontend/src/components/landing/AuthSection.tsx	74	leads	leads	insert	radice_e_motori
frontend/src/lib/controlRoomProposte.ts	371	safe_strategy_requests	safe_strategy_requests	select	radice_e_motori
frontend/src/lib/fixtureModels.ts	70	fixture_predictions	fixture_predictions	select	radice_e_motori
frontend/src/lib/fixtureModels.ts	97	fixture_predictions	fixture_predictions	select	radice_e_motori
frontend/src/lib/live.ts	140	live_now	live_now	select	radice_e_motori
frontend/src/lib/live.ts	560	live_signals	live_signals	select	radice_e_motori
frontend/src/lib/live.ts	621	live_ladder	live_ladder	select	radice_e_motori
frontend/src/lib/liveOrders.ts	795	betfair_live_risk_state	betfair_live_risk_state	select	radice_e_motori
frontend/src/lib/liveOrders.ts	981	betfair_live_account	betfair_live_account	select	radice_e_motori
frontend/src/lib/liveOrders.ts	1034	betfair_live_heartbeat	betfair_live_heartbeat	select	radice_e_motori
frontend/src/lib/mike.ts	2301	mike_requests	mike_requests	select	radice_e_motori
frontend/src/lib/replayVerificaBarraDb.test.ts	150	live_follow	live_follow	?	test
frontend/src/lib/replayVerificaBarraDb.test.ts	157	live_follow	live_follow	?	test
frontend/src/lib/safeBot.ts	1206	safe_strategy_activity	safe_strategy_activity	select	radice_e_motori
frontend/src/lib/safeBot.ts	1418	safe_strategy_requests	safe_strategy_requests	select	radice_e_motori
frontend/src/lib/safeBot.ts	1467	safe_strategy_requests	safe_strategy_requests	select	radice_e_motori
frontend/src/lib/safeBot.ts	1486	safe_strategy_requests	safe_strategy_requests	select	radice_e_motori
frontend/src/lib/safeBot.ts	1544	safe_strategy_opportunities	safe_strategy_opportunities	select	radice_e_motori
frontend/src/lib/safeBot.ts	2183	betfair_live_heartbeat	betfair_live_heartbeat	select	radice_e_motori
frontend/src/lib/safeBot.ts	2195	live_follow	live_follow	select	radice_e_motori
frontend/src/lib/safeStrategyScan.ts	343	safe_strategy_scan	safe_strategy_scan	select	radice_e_motori
frontend/src/lib/safeStrategyScan.ts	350	safe_strategy_status	safe_strategy_status	select	radice_e_motori
frontend/src/lib/tacticalEngine.ts	60	fixture_predictions	fixture_predictions	select	radice_e_motori
frontend/src/lib/tennis.ts	209	tennis_live_now	tennis_live_now	select	radice_e_motori
frontend/src/lib/tennis.ts	263	tennis_live_ladder	tennis_live_ladder	select	radice_e_motori
frontend/src/pages/Dashboard.tsx	50	fixture_predictions	fixture_predictions	select	radice_e_motori
