AGGIORNA_CAMPO_db_json_analisi.py	134	"fixture_predictions"	fixture_predictions	select	radice_e_motori
AGGIORNA_CAMPO_db_json_analisi.py	178	"fixture_predictions"	fixture_predictions	update	radice_e_motori
AUDIT_2026-09-25/e2e_fase2/sonda_catchup_mapper.py	8	"api_coverage_by_season"	api_coverage_by_season	select	audit
AUDIT_2026-09-25/e2e_fase2/sonda_catchup_quota.py	43	tabella	?tabella	select	audit
AUDIT_2026-09-25/e2e_fase2/sonda_catchup_quota.py	94	"matches"	matches	select	audit
AUDIT_2026-09-25/e2e_fase2/sonda_catchup_quota.py	102	"fixture_detail_checks"	fixture_detail_checks	select	audit
AUDIT_2026-09-25/e2e_fase2/sonda_catchup_stato.py	29	"season_backfill_state"	season_backfill_state	select	audit
AUDIT_2026-09-25/e2e_fase2/sonda_catchup_stato.py	48	"season_backfill_state"	season_backfill_state	select	audit
AUDIT_2026-09-25/e2e_fase2/sonda_catchup_stato.py	65	"season_backfill_state"	season_backfill_state	select	audit
AUDIT_2026-09-25/e2e_fase2/sonda_catchup_stato2.py	14	"season_backfill_state"	season_backfill_state	select	audit
AUDIT_2026-09-25/e2e_fase2/verifica_mike_b.py	19	"mike_activity"	mike_activity	select	audit
AUDIT_2026-09-25/e2e_fase2/verifica_mike_c.py	17	"mike_trades"	mike_trades	select	audit
AUDIT_2026-09-25/e2e_fase2/verifica_mike_c.py	20	"mike_events"	mike_events	select	audit
AUDIT_2026-09-25/e2e_fase2/verifica_safe_c.py	70	"safe_strategy_trades"	safe_strategy_trades	select	audit
AUDIT_2026-09-25/e2e_fase2/verifica_safe_c.py	74	"safe_strategy_activity"	safe_strategy_activity	select	audit
AUDIT_2026-09-25/e2e_fase2_z0/semantica_A.py	28	"safe_strategy_scan"	safe_strategy_scan	select	audit
AUDIT_2026-09-25/e2e_fase2_z0/semantica_A.py	42	"safe_strategy_scan"	safe_strategy_scan	select	audit
AUDIT_2026-09-25/mutazioni_audit5_tacticai.py	22	"fixture_predictions"	fixture_predictions	select	audit
AUDIT_2026-09-25/mutazioni_audit5_tacticai.py	23	"matches"	matches	select	audit
AUDIT_2026-09-25/mutazioni_backfill_automatico.py	38	tabella	?tabella	delete	audit
AUDIT_2026-09-25/mutazioni_tennis_auto_mode.py	63	"tennis_live_follow"	tennis_live_follow	upsert	audit
AUDIT_2026-09-25/sonde/d5_copertura_sola_lettura.py	15	"fixture_predictions"	fixture_predictions	select	audit
AUDIT_2026-09-25/sonde/d5_copertura_sola_lettura.py	17	"matches"	matches	select	audit
AUDIT_2026-09-25/sonde/d5_copertura_sola_lettura.py	27	"fixture_predictions"	fixture_predictions	select	audit
AUDIT_2026-09-25/sonde/d5_forma_quote_sola_lettura.py	14	"tennis_markets"	tennis_markets	select	audit
AUDIT_2026-09-25/sonde/d5_forma_quote_sola_lettura.py	20	"tennis_markets"	tennis_markets	select	audit
AUDIT_2026-09-25/sonde/d5_forma_quote_sola_lettura.py	22	"fixture_predictions"	fixture_predictions	select	audit
AUDIT_2026-09-25/sonde/d5_misura_super_favorito.py	125	"tennis_markets"	tennis_markets	select	audit
AUDIT_2026-09-25/sonde/d5_misura_super_favorito.py	151	"fixture_predictions"	fixture_predictions	select	audit
AUDIT_2026-09-25/sonde/d5_round_finali_sola_lettura.py	17	"matches"	matches	select	audit
AUDIT_2026-09-25/sonde/d5_schema_sola_lettura.py	14	t	?t	select	audit
AUDIT_2026-09-25/sonde/d5_schema_sola_lettura.py	16	"matches"	matches	select	audit
AUDIT_2026-09-25/sonde/d5_schema_sola_lettura.py	19	"fixture_predictions"	fixture_predictions	select	audit
AUDIT_2026-09-28/falsifica_fine_evento.py	63	"live_now"	live_now	update	audit
AUDIT_2026-09-28/falsifica_fine_evento.py	64	"live_now"	live_now	upsert	audit
AUDIT_2026-09-30/app_tabellone/sonda_conteggio_migrazione.py	10	"tennis_live_orders"	tennis_live_orders	select	audit
AUDIT_2026-09-30/app_tabellone/sonda_riga_tennis.py	10	"tennis_live_orders"	tennis_live_orders	select	audit
AUDIT_2026-09-30/app_tabellone/sonda_riga_tennis.py	16	"tennis_live_orders"	tennis_live_orders	select	audit
AUDIT_2026-09-30/app_tabellone/sonda_riga_tennis.py	21	"tennis_live_follow"	tennis_live_follow	select	audit
AUDIT_2026-09-30/app_tabellone/sonda_riga_tennis.py	23	"tennis_live_order_queue"	tennis_live_order_queue	select	audit
AUDIT_2026-09-30/sonda_arretrati_prova.py	32	tab	?tab	select	audit
Ai Engine/ai_engine/db_adapter.py	231	table	?table	select	radice_e_motori
Ai Engine/ai_engine/db_adapter.py	418	"matches"	matches	select	radice_e_motori
Ai Engine/ai_engine/db_adapter.py	432	"fixture_predictions"	fixture_predictions	select	radice_e_motori
Ai Engine/ai_engine/predict_fixture.py	386	"ml_post_calibration"	ml_post_calibration	select	radice_e_motori
Ai Engine/ai_engine/predict_fixture.py	512	"ai_model_registry"	ai_model_registry	select	radice_e_motori
Ai Engine/ai_engine/predict_fixture.py	1087	"fixture_predictions"	fixture_predictions	update	radice_e_motori
Ai Engine/ai_engine/seriea_model_export.py	686	"ai_model_registry"	ai_model_registry	delete	radice_e_motori
Ai Engine/ai_engine/seriea_model_export.py	689	"ai_model_registry"	ai_model_registry	insert	radice_e_motori
Ai Engine/ai_engine/serving_batch.py	60	"fixture_predictions"	fixture_predictions	select	radice_e_motori
Ai Engine/ai_engine/tests/test_db_adapter_letture_2026_09_21.py	345	"match_odds"	match_odds	select	test
Ai Engine/ai_engine/tests/test_db_adapter_letture_2026_09_21.py	365	table	?table	select	test
Betfair/betfair_report_manager.py	1224	"ai_model_registry"	ai_model_registry	select	betfair
Betfair/betfair_report_manager.py	1246	"matches"	matches	select	betfair
Betfair/betfair_report_manager.py	1299	"ai_model_registry"	ai_model_registry	delete	betfair
Betfair/betfair_report_manager.py	1319	"ai_model_registry"	ai_model_registry	select	betfair
Betfair/betfair_report_manager.py	1392	"ai_model_registry"	ai_model_registry	select	betfair
Betfair/mike/db.py	60	T_CONTROL	mike_control	select	betfair
Betfair/mike/db.py	68	T_CONTROL	mike_control	update	betfair
Betfair/mike/db.py	76	T_ACTIVITY	mike_activity	insert	betfair
Betfair/mike/db.py	108	T_EVENTS	mike_events	select	betfair
Betfair/mike/db.py	117	T_EVENTS	mike_events	select	betfair
Betfair/mike/db.py	141	T_EVENTS	mike_events	upsert	betfair
Betfair/mike/db.py	164	T_EVENTS	mike_events	upsert	betfair
Betfair/mike/db.py	169	T_EVENTS	mike_events	delete	betfair
Betfair/mike/db.py	176	T_TRADES	mike_trades	insert	betfair
Betfair/mike/db.py	186	T_TRADES	mike_trades	update	betfair
Betfair/mike/db.py	192	T_TRADES	mike_trades	select	betfair
Betfair/mike/db.py	202	T_TRADES	mike_trades	select	betfair
Betfair/mike/db.py	211	T_TRADES	mike_trades	select	betfair
Betfair/mike/db.py	230	tabella	?tabella	select	betfair
Betfair/mike/db.py	233	"betfair_live_orders"	betfair_live_orders	select	betfair
Betfair/mike/db.py	264	T_TRADES	mike_trades	select	betfair
Betfair/mike/db.py	271	T_TRADES	mike_trades	select	betfair
Betfair/mike/db.py	281	T_TRADES	mike_trades	select	betfair
Betfair/mike/db.py	463	T_REQUESTS	mike_requests	select	betfair
Betfair/mike/db.py	490	T_REQUESTS	mike_requests	select	betfair
Betfair/mike/db.py	509	T_REQUESTS	mike_requests	update	betfair
Betfair/mike/db.py	516	T_REQUESTS	mike_requests	update	betfair
Betfair/mike/db.py	533	T_REQUESTS	mike_requests	select	betfair
Betfair/mike/db.py	560	"safe_strategy_scan"	safe_strategy_scan	select	betfair
Betfair/mike/db.py	569	"safe_strategy_status"	safe_strategy_status	select	betfair
Betfair/mike/db.py	599	tabella	?tabella	select	betfair
Betfair/mike/db.py	651	"live_follow"	live_follow	select	betfair
Betfair/mike/db.py	657	"betfair_live_heartbeat"	betfair_live_heartbeat	select	betfair
Betfair/mike/db.py	669	"betfair_live_order_requests"	betfair_live_order_requests	select	betfair
Betfair/mike/db.py	676	"betfair_live_order_requests"	betfair_live_order_requests	select	betfair
Betfair/mike/db.py	683	"betfair_live_order_requests"	betfair_live_order_requests	update	betfair
Betfair/mike/db.py	691	"betfair_live_orders"	betfair_live_orders	select	betfair
Betfair/money_management.py	1399	"matches"	matches	select	betfair
Betfair/money_management.py	1522	"matches"	matches	select	betfair
Betfair/money_management.py	2167	"matches"	matches	select	betfair
Betfair/money_management.py	2270	"matches"	matches	select	betfair
Betfair/money_management.py	2330	"matches"	matches	select	betfair
Betfair/money_management.py	2434	"signal_history"	signal_history	upsert	betfair
Betfair/money_management.py	2471	"signal_history"	signal_history	upsert	betfair
Betfair/odds_refresh.py	178	"fixture_predictions"	fixture_predictions	select	betfair
Betfair/odds_refresh.py	224	"betfair_market_odds"	betfair_market_odds	select	betfair
Betfair/odds_refresh.py	254	"betfair_market_odds"	betfair_market_odds	delete	betfair
Betfair/odds_refresh.py	257	"betfair_market_odds"	betfair_market_odds	insert	betfair
Betfair/omega/omega_db.py	50	"omega_control"	omega_control	select	betfair
Betfair/omega/omega_db.py	58	"omega_control"	omega_control	update	betfair
Betfair/omega/omega_db.py	63	"omega_activity"	omega_activity	insert	betfair
Betfair/omega/omega_db.py	76	"omega_trades"	omega_trades	insert	betfair
Betfair/omega/omega_db.py	86	"omega_trades"	omega_trades	update	betfair
Betfair/omega/omega_db.py	94	"omega_trades"	omega_trades	delete	betfair
Betfair/omega/omega_db.py	181	table	?table	select	betfair
Betfair/omega/omega_db.py	253	"omega_trades"	omega_trades	select	betfair
Betfair/omega/omega_db.py	283	"omega_manual_requests"	omega_manual_requests	select	betfair
Betfair/omega/omega_db.py	297	"omega_manual_requests"	omega_manual_requests	update	betfair
Betfair/omega/omega_db.py	303	"omega_events"	omega_events	upsert	betfair
Betfair/omega/omega_db.py	323	"omega_manual_requests"	omega_manual_requests	update	betfair
Betfair/omega/omega_db.py	373	"omega_manual_requests"	omega_manual_requests	select	betfair
Betfair/omega/omega_db.py	394	"omega_manual_requests"	omega_manual_requests	update	betfair
Betfair/omega/omega_db.py	402	"omega_manual_requests"	omega_manual_requests	insert	betfair
Betfair/omega/omega_db.py	421	"omega_manual_requests"	omega_manual_requests	update	betfair
Betfair/omega/omega_db.py	442	"omega_events"	omega_events	upsert	betfair
Betfair/omega/omega_db.py	446	"omega_events"	omega_events	upsert	betfair
Betfair/omega/omega_db.py	450	"omega_events"	omega_events	delete	betfair
Betfair/omega/omega_db.py	476	"omega_events"	omega_events	update	betfair
Betfair/omega/omega_db.py	482	"omega_market_snapshot"	omega_market_snapshot	upsert	betfair
Betfair/omega/omega_db.py	486	"omega_events"	omega_events	select	betfair
Betfair/omega/omega_db.py	526	"omega_events"	omega_events	select	betfair
Betfair/omega/omega_db.py	545	"omega_events"	omega_events	update	betfair
Betfair/omega/omega_db.py	564	"omega_events"	omega_events	select	betfair
Betfair/omega/omega_db.py	595	"live_now"	live_now	select	betfair
Betfair/omega/omega_db.py	618	"live_follow"	live_follow	select	betfair
Betfair/omega/omega_db.py	628	"betfair_live_heartbeat"	betfair_live_heartbeat	select	betfair
Betfair/omega/omega_db.py	648	"betfair_live_order_requests"	betfair_live_order_requests	select	betfair
Betfair/omega/omega_db.py	658	"betfair_live_order_requests"	betfair_live_order_requests	select	betfair
Betfair/omega/omega_db.py	674	"betfair_live_order_requests"	betfair_live_order_requests	update	betfair
Betfair/omega/omega_db.py	687	"betfair_live_orders"	betfair_live_orders	select	betfair
Betfair/omega/omega_db.py	699	"omega_missions"	omega_missions	select	betfair
Betfair/omega/omega_db.py	708	"omega_missions"	omega_missions	select	betfair
Betfair/omega/omega_db.py	717	"omega_missions"	omega_missions	update	betfair
Betfair/omega/omega_db.py	722	"omega_trades"	omega_trades	select	betfair
Betfair/omega/omega_db.py	747	"fixture_predictions"	fixture_predictions	select	betfair
Betfair/omega/omega_db.py	759	"fixture_predictions"	fixture_predictions	select	betfair
Betfair/omega/omega_db.py	945	"omega_trades"	omega_trades	select	betfair
Betfair/omega/omega_db.py	975	"omega_trades"	omega_trades	select	betfair
Betfair/omega/omega_db.py	996	"omega_trades"	omega_trades	select	betfair
Betfair/omega/omega_db.py	1017	"omega_events"	omega_events	update	betfair
Betfair/omega/omega_db.py	1031	"omega_trades"	omega_trades	select	betfair
Betfair/omega/omega_db.py	1045	"omega_daily_goal"	omega_daily_goal	upsert	betfair
Betfair/omega/tools/banco_fusione.py	235	"betfair_market_odds"	betfair_market_odds	select	tool
Betfair/omega/tools/estrai_transizioni.py	41	"omega_minute_transitions"	omega_minute_transitions	select	tool
Betfair/omega/tools/estrai_transizioni.py	76	"omega_minute_league_counts"	omega_minute_league_counts	select	tool
Betfair/omega/tools/estrai_transizioni.py	96	"omega_minute_league_counts"	omega_minute_league_counts	select	tool
Betfair/omega/tools/m2_pesi.py	92	tab	?tab	select	tool
Betfair/omega/tools/m2_pesi.py	109	tab	?tab	select	tool
Betfair/omega/tools/m2_pesi.py	1130	t	?t	select	tool
Betfair/omega/tools/m2_pesi.py	1295	"fixture_predictions"	fixture_predictions	select	tool
Betfair/omega/tools/m2_pesi.py	1300	"betfair_market_odds"	betfair_market_odds	select	tool
Betfair/omega/tools/m2_pesi.py	1305	"matches"	matches	select	tool
Betfair/omega/tools/misura_k.py	177	"betfair_market_odds"	betfair_market_odds	select	tool
Betfair/omega/tools/misura_k.py	196	"matches"	matches	select	tool
Betfair/omega/tools/verifica_transizioni_2026_09_25.py	78	tabella	?tabella	select	tool
Betfair/omega/tools/verifica_transizioni_2026_09_25.py	92	tabella	?tabella	select	tool
Betfair/omega/tools/verifica_transizioni_2026_09_25.py	100	tabella	?tabella	select	tool
Betfair/order_exec.py	161	"betfair_market_odds"	betfair_market_odds	select	betfair
Betfair/order_worker.py	48	_TABLE	betfair_order_requests	update	betfair
Betfair/order_worker.py	61	_TABLE	betfair_order_requests	select	betfair
Betfair/order_worker.py	99	_TABLE	betfair_order_requests	update	betfair
Betfair/order_worker.py	106	_TABLE	betfair_order_requests	update	betfair
Betfair/order_worker.py	113	_TABLE	betfair_order_requests	update	betfair
Betfair/order_worker.py	120	_TABLE	betfair_order_requests	update	betfair
Betfair/order_worker.py	136	_TABLE	betfair_order_requests	select	betfair
Betfair/refresh_worker.py	38	_TABLE	betfair_refresh_requests	select	betfair
Betfair/refresh_worker.py	59	_TABLE	betfair_refresh_requests	update	betfair
Betfair/refresh_worker.py	66	_TABLE	betfair_refresh_requests	update	betfair
Betfair/refresh_worker.py	73	_TABLE	betfair_refresh_requests	update	betfair
Betfair/safe_strategy/bot_db.py	64	"safe_strategy_control"	safe_strategy_control	select	betfair
Betfair/safe_strategy/bot_db.py	74	"safe_strategy_control"	safe_strategy_control	update	betfair
Betfair/safe_strategy/bot_db.py	79	"safe_strategy_activity"	safe_strategy_activity	insert	betfair
Betfair/safe_strategy/bot_db.py	92	"safe_strategy_trades"	safe_strategy_trades	insert	betfair
Betfair/safe_strategy/bot_db.py	102	"safe_strategy_trades"	safe_strategy_trades	update	betfair
Betfair/safe_strategy/bot_db.py	110	"safe_strategy_trades"	safe_strategy_trades	delete	betfair
Betfair/safe_strategy/bot_db.py	122	"safe_strategy_trades"	safe_strategy_trades	select	betfair
Betfair/safe_strategy/bot_db.py	129	"safe_strategy_trades"	safe_strategy_trades	select	betfair
Betfair/safe_strategy/bot_db.py	172	"safe_strategy_trades"	safe_strategy_trades	select	betfair
Betfair/safe_strategy/bot_db.py	195	"safe_strategy_trades"	safe_strategy_trades	select	betfair
Betfair/safe_strategy/bot_db.py	214	"safe_strategy_trades"	safe_strategy_trades	select	betfair
Betfair/safe_strategy/bot_db.py	224	"safe_strategy_trades"	safe_strategy_trades	select	betfair
Betfair/safe_strategy/bot_db.py	253	"safe_strategy_trades"	safe_strategy_trades	select	betfair
Betfair/safe_strategy/bot_db.py	276	"safe_strategy_trades"	safe_strategy_trades	select	betfair
Betfair/safe_strategy/bot_db.py	356	"safe_strategy_trades"	safe_strategy_trades	select	betfair
Betfair/safe_strategy/bot_db.py	410	"safe_strategy_trades"	safe_strategy_trades	select	betfair
Betfair/safe_strategy/bot_db.py	436	"safe_strategy_activity"	safe_strategy_activity	select	betfair
Betfair/safe_strategy/bot_db.py	606	"safe_strategy_requests"	safe_strategy_requests	select	betfair
Betfair/safe_strategy/bot_db.py	619	"safe_strategy_requests"	safe_strategy_requests	select	betfair
Betfair/safe_strategy/bot_db.py	632	"safe_strategy_requests"	safe_strategy_requests	select	betfair
Betfair/safe_strategy/bot_db.py	651	"safe_strategy_requests"	safe_strategy_requests	update	betfair
Betfair/safe_strategy/bot_db.py	659	"safe_strategy_requests"	safe_strategy_requests	insert	betfair
Betfair/safe_strategy/bot_db.py	678	"safe_strategy_requests"	safe_strategy_requests	update	betfair
Betfair/safe_strategy/bot_db.py	694	"safe_strategy_requests"	safe_strategy_requests	select	betfair
Betfair/safe_strategy/bot_db.py	708	"safe_strategy_requests"	safe_strategy_requests	update	betfair
Betfair/safe_strategy/bot_db.py	739	"safe_strategy_requests"	safe_strategy_requests	select	betfair
Betfair/safe_strategy/bot_db.py	760	"safe_strategy_requests"	safe_strategy_requests	update	betfair
Betfair/safe_strategy/bot_db.py	768	"safe_strategy_requests"	safe_strategy_requests	insert	betfair
Betfair/safe_strategy/bot_db.py	785	"safe_strategy_requests"	safe_strategy_requests	update	betfair
Betfair/safe_strategy/bot_db.py	809	"safe_strategy_requests"	safe_strategy_requests	update	betfair
Betfair/safe_strategy/bot_db.py	829	"safe_strategy_requests"	safe_strategy_requests	update	betfair
Betfair/safe_strategy/bot_db.py	847	"safe_strategy_requests"	safe_strategy_requests	update	betfair
Betfair/safe_strategy/bot_db.py	855	"safe_strategy_requests"	safe_strategy_requests	update	betfair
Betfair/safe_strategy/bot_db.py	864	"safe_strategy_requests"	safe_strategy_requests	update	betfair
Betfair/safe_strategy/bot_db.py	879	"safe_strategy_opportunities"	safe_strategy_opportunities	upsert	betfair
Betfair/safe_strategy/bot_db.py	891	"safe_strategy_opportunities"	safe_strategy_opportunities	delete	betfair
Betfair/safe_strategy/bot_db.py	903	"safe_strategy_opportunities"	safe_strategy_opportunities	delete	betfair
Betfair/safe_strategy/bot_db.py	919	"omega_events"	omega_events	select	betfair
Betfair/safe_strategy/bot_db.py	961	"safe_strategy_scan"	safe_strategy_scan	select	betfair
Betfair/safe_strategy/bot_db.py	973	"safe_strategy_status"	safe_strategy_status	select	betfair
Betfair/safe_strategy/bot_db.py	989	"live_follow"	live_follow	select	betfair
Betfair/safe_strategy/bot_db.py	997	"betfair_live_heartbeat"	betfair_live_heartbeat	select	betfair
Betfair/safe_strategy/bot_db.py	1011	"betfair_live_order_requests"	betfair_live_order_requests	select	betfair
Betfair/safe_strategy/bot_db.py	1020	"betfair_live_order_requests"	betfair_live_order_requests	select	betfair
Betfair/safe_strategy/bot_db.py	1029	"betfair_live_order_requests"	betfair_live_order_requests	update	betfair
Betfair/safe_strategy/bot_db.py	1040	"betfair_live_orders"	betfair_live_orders	select	betfair
Betfair/safe_strategy/db.py	50	"safe_strategy_scan"	safe_strategy_scan	select	betfair
Betfair/safe_strategy/db.py	90	"safe_strategy_scan"	safe_strategy_scan	select	betfair
Betfair/safe_strategy/db.py	173	"fixture_predictions"	fixture_predictions	select	betfair
Betfair/safe_strategy/db.py	185	"matches"	matches	select	betfair
Betfair/safe_strategy/db.py	198	"safe_strategy_scan"	safe_strategy_scan	upsert	betfair
Betfair/safe_strategy/db.py	213	"safe_strategy_scan"	safe_strategy_scan	delete	betfair
Betfair/safe_strategy/db.py	228	"safe_strategy_status"	safe_strategy_status	upsert	betfair
Betfair/safe_strategy/db.py	307	"mike_events"	mike_events	select	betfair
Betfair/safe_strategy/db.py	461	"omega_trades"	omega_trades	select	betfair
Betfair/safe_strategy/db.py	466	"safe_strategy_trades"	safe_strategy_trades	select	betfair
Betfair/safe_strategy/db.py	473	tabella	?tabella	select	betfair
Betfair/safe_strategy/db.py	480	tabella	?tabella	select	betfair
Betfair/stream/auto_follow.py	385	"live_follow"	live_follow	select	betfair
Betfair/stream/auto_follow.py	402	"live_follow"	live_follow	update	betfair
Betfair/stream/auto_follow.py	426	"live_follow"	live_follow	upsert	betfair
Betfair/stream/auto_follow.py	429	"live_follow"	live_follow	update	betfair
Betfair/stream/auto_follow.py	442	"live_follow"	live_follow	update	betfair
Betfair/stream/auto_follow.py	466	"safe_strategy_status"	safe_strategy_status	select	betfair
Betfair/stream/auto_follow.py	474	"safe_strategy_scan"	safe_strategy_scan	select	betfair
Betfair/stream/backtest/tools/misura_punto8/estrai_db.py	103	tab	?tab	select	tool
Betfair/stream/backtest/tools/misura_punto8/estrai_db.py	156	tab	?tab	select	tool
Betfair/stream/backtest/tools/misura_punto8/estrai_db.py	184	tab	?tab	select	tool
Betfair/stream/daily_stop_worker.py	250	_SETTLED_TABLE	betfair_live_settled	select	betfair
Betfair/stream/daily_stop_worker.py	391	"betfair_live_audit"	betfair_live_audit	insert	betfair
Betfair/stream/db.py	114	"personal_watchlist"	personal_watchlist	select	betfair
Betfair/stream/db.py	122	"live_follow"	live_follow	select	betfair
Betfair/stream/db.py	152	"live_follow"	live_follow	select	betfair
Betfair/stream/db.py	164	"live_follow"	live_follow	upsert	betfair
Betfair/stream/db.py	170	"live_follow"	live_follow	upsert	betfair
Betfair/stream/db.py	182	"live_follow"	live_follow	select	betfair
Betfair/stream/db.py	197	"live_follow"	live_follow	update	betfair
Betfair/stream/db.py	216	"live_follow"	live_follow	select	betfair
Betfair/stream/db.py	223	"live_follow"	live_follow	select	betfair
Betfair/stream/db.py	254	"fixture_predictions"	fixture_predictions	select	betfair
Betfair/stream/db.py	314	"live_markets"	live_markets	upsert	betfair
Betfair/stream/db.py	348	"live_now"	live_now	upsert	betfair
Betfair/stream/db.py	362	"live_now"	live_now	update	betfair
Betfair/stream/db.py	404	"live_markets"	live_markets	select	betfair
Betfair/stream/db.py	425	"betfair_live_settled"	betfair_live_settled	select	betfair
Betfair/stream/db.py	447	"betfair_live_orders"	betfair_live_orders	select	betfair
Betfair/stream/db.py	451	"betfair_live_positions"	betfair_live_positions	select	betfair
Betfair/stream/db.py	474	"betfair_live_orders"	betfair_live_orders	select	betfair
Betfair/stream/db.py	481	"betfair_live_positions"	betfair_live_positions	select	betfair
Betfair/stream/db.py	491	"betfair_live_order_requests"	betfair_live_order_requests	select	betfair
Betfair/stream/db.py	513	"live_now"	live_now	select	betfair
Betfair/stream/db.py	521	"live_follow"	live_follow	select	betfair
Betfair/stream/db.py	528	"live_now"	live_now	update	betfair
Betfair/stream/db.py	564	table	?table	select	betfair
Betfair/stream/db.py	572	table	?table	delete	betfair
Betfair/stream/db.py	596	table	?table	insert	betfair
Betfair/stream/db.py	644	"live_run_log"	live_run_log	upsert	betfair
Betfair/stream/db.py	662	"live_signals"	live_signals	upsert	betfair
Betfair/stream/db.py	682	"live_ladder"	live_ladder	upsert	betfair
Betfair/stream/db.py	697	"live_alerts"	live_alerts	insert	betfair
Betfair/stream/db.py	714	"live_backtest_requests"	live_backtest_requests	select	betfair
Betfair/stream/db.py	726	"live_backtest_requests"	live_backtest_requests	update	betfair
Betfair/stream/db.py	741	"live_backtest_requests"	live_backtest_requests	update	betfair
Betfair/stream/db.py	752	"replay_bot_esiti"	replay_bot_esiti	upsert	betfair
Betfair/stream/db.py	758	"live_backtest_results"	live_backtest_results	delete	betfair
Betfair/stream/db.py	762	"live_backtest_results"	live_backtest_results	insert	betfair
Betfair/stream/db.py	819	"betfair_live_orders"	betfair_live_orders	upsert	betfair
Betfair/stream/db.py	828	"betfair_live_orders"	betfair_live_orders	upsert	betfair
Betfair/stream/db.py	907	"betfair_live_orders"	betfair_live_orders	select	betfair
Betfair/stream/db.py	940	"betfair_live_positions"	betfair_live_positions	upsert	betfair
Betfair/stream/db.py	945	"betfair_live_positions"	betfair_live_positions	upsert	betfair
Betfair/stream/db.py	963	"betfair_live_settled"	betfair_live_settled	upsert	betfair
Betfair/stream/db.py	978	"betfair_live_risk_state"	betfair_live_risk_state	upsert	betfair
Betfair/stream/db.py	988	"betfair_live_journal"	betfair_live_journal	insert	betfair
Betfair/stream/db.py	1004	"betfair_live_account"	betfair_live_account	upsert	betfair
Betfair/stream/db.py	1055	"betfair_live_account"	betfair_live_account	upsert	betfair
Betfair/stream/db.py	1086	"betfair_live_account"	betfair_live_account	upsert	betfair
Betfair/stream/db.py	1114	tabella	?tabella	update	betfair
Betfair/stream/db.py	1127	"betfair_live_heartbeat"	betfair_live_heartbeat	upsert	betfair
Betfair/stream/db.py	1139	"betfair_live_orders"	betfair_live_orders	delete	betfair
Betfair/stream/db.py	1140	"betfair_live_positions"	betfair_live_positions	delete	betfair
Betfair/stream/db.py	1165	"betfair_live_order_requests"	betfair_live_order_requests	update	betfair
Betfair/stream/db.py	1177	"betfair_live_order_requests"	betfair_live_order_requests	update	betfair
Betfair/stream/live_order_worker.py	907	_TABLE	betfair_live_order_requests	update	betfair
Betfair/stream/live_order_worker.py	922	"betfair_live_audit"	betfair_live_audit	insert	betfair
Betfair/stream/live_order_worker.py	999	"live_signals"	live_signals	select	betfair
Betfair/stream/live_order_worker.py	1071	"live_alerts"	live_alerts	insert	betfair
Betfair/stream/live_order_worker.py	1094	_TABLE	betfair_live_order_requests	select	betfair
Betfair/stream/live_order_worker.py	1105	"live_now"	live_now	select	betfair
Betfair/stream/live_order_worker.py	1134	"betfair_live_journal"	betfair_live_journal	insert	betfair
Betfair/stream/live_order_worker.py	1169	_TABLE	betfair_live_order_requests	update	betfair
Betfair/stream/live_order_worker.py	1195	_TABLE	betfair_live_order_requests	update	betfair
Betfair/stream/live_order_worker.py	1208	_TABLE	betfair_live_order_requests	update	betfair
Betfair/stream/live_order_worker.py	1930	_TABLE	betfair_live_order_requests	select	betfair
Betfair/stream/live_order_worker.py	2076	_TABLE	betfair_live_order_requests	update	betfair
Betfair/stream/live_order_worker.py	3156	_TABLE	betfair_live_order_requests	update	betfair
Betfair/stream/live_order_worker.py	3288	name	?name	?	betfair
Betfair/stream/live_order_worker.py	3343	_TABLE	betfair_live_order_requests	insert	betfair
Betfair/stream/live_order_worker.py	3386	x	?x	insert	betfair
Betfair/stream/live_order_worker.py	3726	_TABLE	betfair_live_order_requests	select	betfair
Betfair/stream/live_order_worker.py	3852	_TABLE	betfair_live_order_requests	select	betfair
Betfair/stream/motore_ordini.py	2431	"live_alerts"	live_alerts	insert	betfair
Betfair/stream/reconcile_worker.py	380	_RECONCILE_TABLE	betfair_live_orders	upsert	betfair
Betfair/stream/reconcile_worker.py	422	_RECONCILE_TABLE	betfair_live_orders	update	betfair
Betfair/stream/reconcile_worker.py	472	"betfair_live_orders"	betfair_live_orders	select	betfair
Betfair/stream/reconcile_worker.py	867	tabella	?tabella	select	betfair
Betfair/stream/reconcile_worker.py	897	tabella	?tabella	select	betfair
Betfair/stream/reconcile_worker.py	1264	"betfair_live_risk_rules"	betfair_live_risk_rules	select	betfair
Betfair/stream/reconcile_worker.py	1308	_RECONCILE_TABLE	betfair_live_orders	select	betfair
Betfair/stream/risk_engine_worker.py	189	_TABLE	betfair_live_risk_rules	update	betfair
Betfair/stream/risk_engine_worker.py	493	"betfair_live_order_requests"	betfair_live_order_requests	select	betfair
Betfair/stream/risk_engine_worker.py	557	_TABLE	betfair_live_risk_rules	select	betfair
Betfair/stream/risk_engine_worker.py	831	low._TABLE	?low._TABLE	select	betfair
Betfair/stream/risk_engine_worker.py	1001	"betfair_live_xhedge"	betfair_live_xhedge	select	betfair
Betfair/stream/risk_engine_worker.py	1096	_TABLE	betfair_live_risk_rules	select	betfair
Betfair/stream/risk_engine_worker.py	1173	_TABLE	betfair_live_risk_rules	select	betfair
Betfair/stream/runner.py	1288	"betfair_live_risk_rules"	betfair_live_risk_rules	select	betfair
Betfair/stream/scalper/scalper_service.py	75	"scalper_control"	scalper_control	select	betfair
Betfair/stream/scalper/scalper_service.py	81	"scalper_control"	scalper_control	update	betfair
Betfair/stream/scalper/scalper_service.py	86	"scalper_activity"	scalper_activity	insert	betfair
Betfair/stream/scalper/scalper_service.py	94	TABELLA_SERVIZIO	scalper_service_control	select	betfair
Betfair/stream/scalper/scalper_service.py	102	TABELLA_SERVIZIO	scalper_service_control	update	betfair
Betfair/stream/scalper/scalper_service.py	110	"safe_strategy_scan"	safe_strategy_scan	select	betfair
Betfair/stream/scalper/scalper_service.py	128	"safe_strategy_status"	safe_strategy_status	select	betfair
Betfair/stream/scalper/scalper_service.py	147	"scalper_control"	scalper_control	select	betfair
Betfair/stream/scalper/scalper_service.py	163	"live_follow"	live_follow	select	betfair
Betfair/stream/scalper/scalper_service.py	184	"live_follow"	live_follow	upsert	betfair
Betfair/stream/scalper/scalper_service.py	195	"scalper_control"	scalper_control	upsert	betfair
Betfair/stream/scalper/scalper_service.py	197	"scalper_control"	scalper_control	update	betfair
Betfair/stream/scalper/scalper_service.py	208	"scalper_control"	scalper_control	update	betfair
Betfair/stream/scalper/scalper_service.py	214	"scalper_control"	scalper_control	select	betfair
Betfair/stream/scalper/scalper_service.py	671	"live_alerts"	live_alerts	insert	betfair
Betfair/stream/scalper/scalper_service.py	890	"scalper_activity"	scalper_activity	insert	betfair
Betfair/stream/scalper/scalper_session.py	709	"live_alerts"	live_alerts	insert	betfair
Betfair/stream/scalper/scalper_session.py	859	"live_alerts"	live_alerts	insert	betfair
Betfair/stream/scalper/scalper_session.py	962	MU.TABELLA_ORDINI_CONTO	?MU.TABELLA_ORDINI_CONTO	select	betfair
Betfair/stream/scalper/scalper_session.py	1075	"live_alerts"	live_alerts	insert	betfair
Betfair/stream/scalper/scalper_session.py	1220	"scalper_control"	scalper_control	update	betfair
Betfair/stream/scalper/scalper_session.py	1229	"scalper_control"	scalper_control	select	betfair
Betfair/stream/scalper/scalper_session.py	1241	"scalper_control"	scalper_control	select	betfair
Betfair/stream/scalper/scalper_session.py	1250	"scalper_control"	scalper_control	select	betfair
Betfair/stream/scalper/scalper_session.py	1255	"live_follow"	live_follow	select	betfair
Betfair/stream/scalper/scalper_session.py	1262	"fixture_predictions"	fixture_predictions	select	betfair
Betfair/stream/scalper/scalper_session.py	1270	"scalper_activity"	scalper_activity	insert	betfair
Betfair/stream/scalper/scalper_session.py	1281	"scalper_activity"	scalper_activity	insert	betfair
Betfair/stream/scalper/scalper_session.py	1699	"live_alerts"	live_alerts	insert	betfair
Betfair/stream/scalper/scalper_session.py	1756	"live_now"	live_now	select	betfair
Betfair/stream/scalper/scalper_session.py	1891	"live_now"	live_now	select	betfair
Betfair/stream/scalper/scalper_session.py	1911	"live_now"	live_now	select	betfair
Betfair/stream/scalper/scalper_session.py	1936	"theta_confirm_requests"	theta_confirm_requests	insert	betfair
Betfair/stream/scalper/scalper_session.py	1947	"theta_confirm_requests"	theta_confirm_requests	select	betfair
Betfair/stream/scalper/scalper_session.py	1958	"theta_confirm_requests"	theta_confirm_requests	update	betfair
Betfair/stream/scalper/scalper_session.py	2064	"live_alerts"	live_alerts	insert	betfair
Betfair/stream/scores/scan_feed.py	407	STATUS_TABLE	safe_strategy_status	select	betfair
Betfair/stream/scores/scan_feed.py	417	SCAN_TABLE	safe_strategy_scan	select	betfair
Betfair/stream/tennis_live/esecutore_tennis.py	266	"tennis_live_order_queue"	tennis_live_order_queue	insert	betfair
Betfair/stream/tennis_live/tennis_bot_service.py	151	"tennis_markets"	tennis_markets	select	betfair
Betfair/stream/tennis_live/tennis_db.py	118	"tennis_live_follow"	tennis_live_follow	upsert	betfair
Betfair/stream/tennis_live/tennis_db.py	152	"safe_strategy_scan"	safe_strategy_scan	select	betfair
Betfair/stream/tennis_live/tennis_db.py	180	"safe_strategy_status"	safe_strategy_status	select	betfair
Betfair/stream/tennis_live/tennis_db.py	198	"tennis_live_now"	tennis_live_now	select	betfair
Betfair/stream/tennis_live/tennis_db.py	214	"tennis_bot_control"	tennis_bot_control	update	betfair
Betfair/stream/tennis_live/tennis_db.py	231	"tennis_live_follow"	tennis_live_follow	update	betfair
Betfair/stream/tennis_live/tennis_db.py	240	"tennis_live_follow"	tennis_live_follow	select	betfair
Betfair/stream/tennis_live/tennis_db.py	260	"tennis_live_ladder"	tennis_live_ladder	upsert	betfair
Betfair/stream/tennis_live/tennis_db.py	292	"tennis_live_now"	tennis_live_now	upsert	betfair
Betfair/stream/tennis_live/tennis_db.py	306	"tennis_live_now"	tennis_live_now	update	betfair
Betfair/stream/tennis_live/tennis_db.py	313	"tennis_live_now"	tennis_live_now	upsert	betfair
Betfair/stream/tennis_live/tennis_db.py	335	"tennis_live_orders"	tennis_live_orders	select	betfair
Betfair/stream/tennis_live/tennis_db.py	342	"tennis_live_positions"	tennis_live_positions	select	betfair
Betfair/stream/tennis_live/tennis_db.py	351	_ORDER_TABLE	tennis_live_order_queue	select	betfair
Betfair/stream/tennis_live/tennis_db.py	369	"tennis_live_now"	tennis_live_now	select	betfair
Betfair/stream/tennis_live/tennis_db.py	377	"tennis_live_follow"	tennis_live_follow	select	betfair
Betfair/stream/tennis_live/tennis_db.py	384	"tennis_live_now"	tennis_live_now	update	betfair
Betfair/stream/tennis_live/tennis_db.py	399	"tennis_bot_control"	tennis_bot_control	select	betfair
Betfair/stream/tennis_live/tennis_db.py	444	"tennis_bot_control"	tennis_bot_control	update	betfair
Betfair/stream/tennis_live/tennis_db.py	451	"tennis_bot_control"	tennis_bot_control	update	betfair
Betfair/stream/tennis_live/tennis_db.py	468	"tennis_bot_control"	tennis_bot_control	update	betfair
Betfair/stream/tennis_live/tennis_db.py	501	"tennis_bot_control"	tennis_bot_control	update	betfair
Betfair/stream/tennis_live/tennis_db.py	503	"tennis_bot_control"	tennis_bot_control	update	betfair
Betfair/stream/tennis_live/tennis_db.py	508	"tennis_bot_control"	tennis_bot_control	update	betfair
Betfair/stream/tennis_live/tennis_db.py	518	"tennis_bot_activity"	tennis_bot_activity	insert	betfair
Betfair/stream/tennis_live/tennis_db.py	535	_ORDER_TABLE	tennis_live_order_queue	select	betfair
Betfair/stream/tennis_live/tennis_db.py	549	_ORDER_TABLE	tennis_live_order_queue	update	betfair
Betfair/stream/tennis_live/tennis_db.py	568	_ORDER_TABLE	tennis_live_order_queue	update	betfair
Betfair/stream/tennis_live/tennis_db.py	580	_ORDER_TABLE	tennis_live_order_queue	update	betfair
Betfair/stream/tennis_live/tennis_db.py	604	"tennis_live_orders"	tennis_live_orders	upsert	betfair
Betfair/stream/tennis_live/tennis_db.py	627	"tennis_live_positions"	tennis_live_positions	upsert	betfair
Betfair/stream/tennis_live/tennis_db.py	662	_SERVICE_TABLE	tennis_bot_service_control	select	betfair
Betfair/stream/tennis_live/tennis_db.py	710	_SERVICE_TABLE	tennis_bot_service_control	update	betfair
Betfair/stream/tennis_live/tennis_db.py	764	"tennis_bot_control"	tennis_bot_control	upsert	betfair
Betfair/stream/tennis_live/tennis_db.py	777	"tennis_bot_control"	tennis_bot_control	upsert	betfair
Betfair/stream/tennis_live/tennis_db.py	818	_ORDER_TABLE	tennis_live_order_queue	update	betfair
Betfair/stream/tennis_live/tennis_db.py	831	_ORDER_TABLE	tennis_live_order_queue	update	betfair
Betfair/stream/tennis_live/tennis_db.py	854	"tennis_live_orders"	tennis_live_orders	update	betfair
Betfair/stream/tennis_live/tennis_db.py	863	"tennis_live_positions"	tennis_live_positions	update	betfair
Betfair/stream/tennis_live/tennis_live_order_worker.py	1631	"tennis_live_order_queue"	tennis_live_order_queue	insert	betfair
Betfair/stream/tennis_live/tests/test_modalita_e_guardie_tennis_2026_09_24.py	722	nome	?nome	upsert	test
Betfair/stream/tennis_live/tests/test_r2_tennis_paper_al_nuovo_avvio_2026_09_25.py	195	t	?t	update	test
Betfair/stream/tennis_replay/caricamento.py	75	T_EVENTI	tennis_replay_eventi	upsert	betfair
Betfair/stream/tennis_replay/caricamento.py	79	T_MERCATI	tennis_replay_mercati	upsert	betfair
Betfair/stream/tennis_replay/caricamento.py	97	T_MERCATI	tennis_replay_mercati	select	betfair
Betfair/stream/tennis_replay/caricamento.py	108	T_EVENTI	tennis_replay_eventi	update	betfair
Betfair/stream/tennis_replay/importa.py	78	"tennis_live_follow"	tennis_live_follow	select	betfair
Betfair/stream/tennis_replay/importa.py	82	"tennis_markets"	tennis_markets	select	betfair
Betfair/stream/tests/test_banco_scalper_sniper_2026_09_28.py	121	"live_now"	live_now	select	test
Betfair/stream/tests/test_motore_ordini_2026_09_24.py	668	LOW._TABLE	?LOW._TABLE	update	test
Betfair/stream/tests/test_motore_ordini_2026_09_24.py	973	"betfair_live_audit"	betfair_live_audit	insert	test
Betfair/stream/tests/test_motore_ordini_2026_09_24.py	975	"live_now"	live_now	select	test
Betfair/stream/tests/test_r3_freno_unico_2026_09_25.py	317	t	?t	update	test
Betfair/stream/tests/test_reconcile_worker.py	377	tabella	?tabella	?	test
Betfair/stream/tests/test_replay_scalper_db_isolato_2026_10_06.py	131	"live_alerts"	live_alerts	insert	test
Betfair/stream/tests/test_scalper_residui_e_soldi_veri_2026_10_04.py	277	nome	?nome	insert	test
Betfair/stream/trading/controls.py	393	"live_follow"	live_follow	select	betfair
Betfair/stream/uploader.py	193	"live_follow"	live_follow	select	betfair
Betfair/stream/uploader.py	202	"live_follow"	live_follow	select	betfair
Betfair/stream/watchlist.py	29	"personal_watchlist"	personal_watchlist	select	betfair
Betfair/stream/xhedge_worker.py	95	"betfair_live_orders"	betfair_live_orders	select	betfair
Betfair/stream/xhedge_worker.py	119	"betfair_live_xhedge"	betfair_live_xhedge	upsert	betfair
Betfair/tools/scostamento_fischio_2026_09_13.py	85	"mike_events"	mike_events	select	tool
Betfair/tools/verifica_75_condizioni_2026_09_13.py	96	"mike_events"	mike_events	select	tool
Betfair/tools/verifica_75_condizioni_2026_09_13.py	102	"mike_trades"	mike_trades	select	tool
Betfair/tools/verifica_75_condizioni_2026_09_13.py	111	"mike_activity"	mike_activity	select	tool
Betfair/tools/verifica_margine_2026_09_12.py	92	"omega_trades"	omega_trades	select	tool
Betfair/tools/verifica_pnl_2026_09_12.py	137	table	?table	select	tool
Prediction/analyze_sweet_spot.py	30	"fixture_predictions"	fixture_predictions	select	radice_e_motori
Prediction/analyze_sweet_spot.py	39	"matches"	matches	select	radice_e_motori
Prediction/backfill_historical_analysis.py	38	table	?table	select	radice_e_motori
Prediction/backfill_historical_analysis.py	120	"fixture_predictions"	fixture_predictions	update	radice_e_motori
Prediction/predictions_results_backfill.py	243	"fixture_predictions"	fixture_predictions	select	radice_e_motori
Prediction/predictions_results_backfill.py	383	"matches"	matches	select	radice_e_motori
Prediction/predictions_results_backfill.py	504	"fixture_predictions"	fixture_predictions	update	radice_e_motori
Prediction/predictions_results_backfill.py	584	"fixture_predictions"	fixture_predictions	select	radice_e_motori
Prediction/test_today_predictions_backfill_resilienza.py	2140	"fixture_predictions"	fixture_predictions	upsert	test
Prediction/test_today_predictions_backfill_resilienza.py	2145	"fixture_predictions"	fixture_predictions	upsert	test
Prediction/today_predictions_backfill.py	416	"fixture_predictions"	fixture_predictions	update	radice_e_motori
Prediction/today_predictions_backfill.py	472	table	?table	select	radice_e_motori
Prediction/today_predictions_backfill.py	550	"matches"	matches	select	radice_e_motori
Prediction/today_predictions_backfill.py	576	"fixture_predictions"	fixture_predictions	select	radice_e_motori
Prediction/today_predictions_backfill.py	754	"api_coverage_by_season"	api_coverage_by_season	select	radice_e_motori
Prediction/today_predictions_backfill.py	796	"api_coverage_by_season"	api_coverage_by_season	select	radice_e_motori
Prediction/today_predictions_backfill.py	909	"fixture_predictions"	fixture_predictions	update	radice_e_motori
Prediction/today_predictions_backfill.py	971	"fixture_predictions"	fixture_predictions	update	radice_e_motori
Prediction/today_predictions_backfill.py	991	"fixture_predictions"	fixture_predictions	select	radice_e_motori
Prediction/today_predictions_backfill.py	1040	"fixture_predictions"	fixture_predictions	select	radice_e_motori
Prediction/today_predictions_backfill.py	1898	"fixture_predictions"	fixture_predictions	upsert	radice_e_motori
Prediction/today_predictions_backfill.py	2173	"fixture_predictions"	fixture_predictions	upsert	radice_e_motori
Prediction/today_predictions_backfill.py	2187	"fixture_predictions"	fixture_predictions	upsert	radice_e_motori
Prediction/today_predictions_backfill.py	2219	"fixture_predictions"	fixture_predictions	update	radice_e_motori
Prediction/today_predictions_backfill.py	2238	"fixture_predictions"	fixture_predictions	update	radice_e_motori
Prediction/today_predictions_backfill.py	2285	"fixture_predictions"	fixture_predictions	upsert	radice_e_motori
Prediction/today_predictions_backfill.py	2344	"fixture_predictions"	fixture_predictions	upsert	radice_e_motori
Prediction/today_predictions_backfill.py	2364	"fixture_predictions"	fixture_predictions	upsert	radice_e_motori
_AUDIT_2026_05/dataload.py	44	"matches"	matches	select	audit
_AUDIT_2026_05/dataload.py	66	"match_odds"	match_odds	select	audit
_AUDIT_2026_05/explore_schema.py	38	table	?table	select	audit
_AUDIT_2026_05/load_goals.py	14	"match_events"	match_events	select	audit
_AUDIT_2026_05/load_xg.py	17	"match_team_stats"	match_team_stats	select	audit
_AUDIT_2026_05/probe_data.py	25	"signal_history"	signal_history	select	audit
_AUDIT_2026_05/probe_data.py	82	"model_performance"	model_performance	select	audit
_AUDIT_2026_05/probe_data.py	105	"match_odds"	match_odds	select	audit
_AUDIT_2026_05/probe_data.py	118	"match_team_stats"	match_team_stats	select	audit
_AUDIT_2026_05/probe_depth.py	13	"match_odds"	match_odds	select	audit
_AUDIT_2026_05/probe_depth.py	26	"match_odds"	match_odds	select	audit
_AUDIT_2026_05/probe_depth.py	39	"match_team_stats"	match_team_stats	select	audit
_AUDIT_2026_05/probe_events.py	10	"match_events"	match_events	select	audit
_AUDIT_2026_05/probe_events.py	17	"match_events"	match_events	select	audit
_AUDIT_2026_05/probe_events.py	27	"match_events"	match_events	select	audit
_certify_betfair.py	24	"engine_signals"	engine_signals	select	radice_e_motori
_certify_betfair.py	49	"fixture_predictions"	fixture_predictions	select	radice_e_motori
_certify_betfair_full.py	13	"betfair_market_odds"	betfair_market_odds	select	radice_e_motori
_certify_delay_context.py	45	"matches"	matches	select	radice_e_motori
_certify_direction.py	39	"direction_pagella"	direction_pagella	select	radice_e_motori
_certify_direction.py	112	"fixture_predictions"	fixture_predictions	select	radice_e_motori
_certify_direction.py	174	"analytics_bets"	analytics_bets	select	radice_e_motori
_certify_direction.py	197	"fixture_predictions"	fixture_predictions	select	radice_e_motori
_certify_direction.py	199	"fixture_predictions"	fixture_predictions	select	radice_e_motori
_certify_direction_report.py	85	"analytics_signals"	analytics_signals	select	radice_e_motori
_certify_direction_report.py	103	"engine_signals"	engine_signals	select	radice_e_motori
_certify_direction_report.py	139	"engine_signals"	engine_signals	select	radice_e_motori
_certify_personal_report.py	325	"personal_trades"	personal_trades	delete	radice_e_motori
_league_eval.py	43	"bet_features"	bet_features	select	radice_e_motori
_stack_eval.py	42	"bet_features"	bet_features	select	radice_e_motori
api_quota.py	144	"api_call_log"	api_call_log	select	radice_e_motori
api_quota.py	149	"api_call_log"	api_call_log	select	radice_e_motori
api_quota.py	169	"api_call_log"	api_call_log	select	radice_e_motori
api_quota.py	177	"api_call_log"	api_call_log	select	radice_e_motori
backfill_poisson_calibrated.py	41	"fixture_predictions"	fixture_predictions	select	radice_e_motori
backfill_poisson_calibrated.py	48	"fixture_predictions"	fixture_predictions	select	radice_e_motori
backfill_poisson_calibrated.py	70	"fixture_predictions"	fixture_predictions	select	radice_e_motori
backfill_poisson_calibrated.py	132	"fixture_predictions"	fixture_predictions	update	radice_e_motori
betfair_full_odds.py	73	"betfair_market_odds"	betfair_market_odds	delete	radice_e_motori
betfair_full_odds.py	94	"betfair_market_odds"	betfair_market_odds	insert	radice_e_motori
betfair_full_odds.py	141	"fixture_predictions"	fixture_predictions	select	radice_e_motori
betfair_tennis_odds.py	274	"tennis_markets"	tennis_markets	delete	radice_e_motori
betfair_tennis_odds.py	278	"tennis_markets"	tennis_markets	upsert	radice_e_motori
build_analytics_signals.py	332	"fixture_predictions"	fixture_predictions	select	radice_e_motori
build_analytics_signals.py	353	"matches"	matches	select	radice_e_motori
build_analytics_signals.py	376	"match_events"	match_events	select	radice_e_motori
build_analytics_signals.py	402	"analytics_signals"	analytics_signals	upsert	radice_e_motori
build_direzione.py	79	"bet_features"	bet_features	select	radice_e_motori
build_direzione.py	226	"direction_pagella"	direction_pagella	upsert	radice_e_motori
build_direzione.py	230	"direction_pagella"	direction_pagella	delete	radice_e_motori
build_direzione.py	232	"direction_pagella"	direction_pagella	select	radice_e_motori
build_inplay_intensity.py	71	"matches"	matches	select	radice_e_motori
build_inplay_intensity.py	88	"match_events"	match_events	select	radice_e_motori
calibration_analysis.py	33	"fixture_predictions"	fixture_predictions	select	radice_e_motori
calibration_analysis.py	54	"matches"	matches	select	radice_e_motori
calibration_analysis.py	353	"fixture_predictions"	fixture_predictions	select	radice_e_motori
certify_backtest_strategy.py	72	table	?table	select	radice_e_motori
certify_backtest_strategy.py	103	"analytics_decisions"	analytics_decisions	select	radice_e_motori
certify_backtest_strategy.py	114	"fixture_predictions"	fixture_predictions	select	radice_e_motori
cleanup_models.py	31	"ai_model_registry"	ai_model_registry	delete	radice_e_motori
compute_ml_post_calibration.py	99	"ai_model_registry"	ai_model_registry	select	radice_e_motori
compute_ml_post_calibration.py	123	"ml_post_calibration"	ml_post_calibration	select	radice_e_motori
compute_ml_post_calibration.py	244	"ml_post_calibration"	ml_post_calibration	upsert	radice_e_motori
compute_ml_post_calibration.py	256	"ml_post_calibration"	ml_post_calibration	select	radice_e_motori
compute_ml_post_calibration.py	259	"ml_post_calibration"	ml_post_calibration	delete	radice_e_motori
daily_yesterday_backfill.py	75	"matches"	matches	upsert	radice_e_motori
daily_yesterday_backfill.py	171	table	?table	select	radice_e_motori
direzione.py	24	"bet_features"	bet_features	select	radice_e_motori
enrich_analytics_snapshots.py	250	"matches"	matches	select	radice_e_motori
enrich_analytics_snapshots.py	265	"analytics_signals"	analytics_signals	select	radice_e_motori
enrich_analytics_snapshots.py	293	"analytics_snap_staging"	analytics_snap_staging	upsert	radice_e_motori
enrich_analytics_snapshots.py	336	"analytics_snap_staging"	analytics_snap_staging	delete	radice_e_motori
enrich_analytics_snapshots.py	485	"analytics_signals"	analytics_signals	select	radice_e_motori
fix_storico_prob.py	34	"analytics_signals"	analytics_signals	select	radice_e_motori
fix_storico_prob.py	48	"fixture_predictions"	fixture_predictions	select	radice_e_motori
fix_storico_prob.py	59	"analytics_signals"	analytics_signals	upsert	radice_e_motori
fixtures_backfill.py	135	"matches"	matches	upsert	radice_e_motori
football_data_scraper/backfill.py	67	"matches"	matches	select	radice_e_motori
football_data_scraper/backfill.py	102	"match_odds"	match_odds	select	radice_e_motori
football_data_scraper/backfill.py	147	"match_team_stats"	match_team_stats	select	radice_e_motori
football_data_scraper/backfill.py	342	table	?table	insert	radice_e_motori
football_data_scraper/fix_snapshot_time.py	24	"matches"	matches	select	radice_e_motori
football_data_scraper/fix_snapshot_time.py	45	"match_odds"	match_odds	update	radice_e_motori
football_data_scraper/fixture_matcher.py	106	"matches"	matches	select	radice_e_motori
football_data_scraper/fixture_matcher.py	123	"matches"	matches	select	radice_e_motori
generate_dynamic_cal.py	121	"fixture_predictions"	fixture_predictions	select	radice_e_motori
generate_dynamic_cal.py	156	"matches"	matches	select	radice_e_motori
generate_dynamic_cal.py	459	"poisson_calibration"	poisson_calibration	upsert	radice_e_motori
import_betfair_operations.py	245	"fixture_predictions"	fixture_predictions	select	radice_e_motori
injuries_backfill.py	209	"injuries"	injuries	delete	radice_e_motori
injuries_backfill.py	259	"injuries"	injuries	insert	radice_e_motori
leagues_mapper.py	96	"api_coverage_by_season"	api_coverage_by_season	select	radice_e_motori
leagues_mapper.py	325	"api_coverage_by_season"	api_coverage_by_season	upsert	radice_e_motori
leagues_mapper.py	350	"api_coverage_by_season"	api_coverage_by_season	update	radice_e_motori
load_poisson_calibration_to_db.py	65	"poisson_calibration"	poisson_calibration	upsert	radice_e_motori
logger.py	86	"api_call_log"	api_call_log	insert	radice_e_motori
logger.py	91	"api_call_log"	api_call_log	insert	radice_e_motori
market_intelligence/audit.py	63	"fixture_predictions"	fixture_predictions	select	radice_e_motori
market_intelligence/audit.py	83	"match_team_stats"	match_team_stats	select	radice_e_motori
market_intelligence/backtest.py	137	"fixture_predictions"	fixture_predictions	select	radice_e_motori
market_intelligence/backtest_audit.py	63	"fixture_predictions"	fixture_predictions	select	radice_e_motori
market_intelligence/backtest_audit.py	124	"match_odds"	match_odds	select	radice_e_motori
market_intelligence/backtest_audit.py	138	"match_odds"	match_odds	select	radice_e_motori
market_intelligence/backtest_audit.py	149	"match_odds"	match_odds	select	radice_e_motori
market_intelligence/backtest_audit.py	206	"fixture_predictions"	fixture_predictions	select	radice_e_motori
market_intelligence/backtest_audit.py	228	"fixture_predictions"	fixture_predictions	select	radice_e_motori
market_intelligence/calibration.py	211	"fixture_predictions"	fixture_predictions	select	radice_e_motori
market_intelligence/calibration.py	230	"fixture_predictions"	fixture_predictions	select	radice_e_motori
market_intelligence/edge_scorer.py	457	"fixture_predictions"	fixture_predictions	select	radice_e_motori
market_intelligence/edge_scorer.py	472	"match_team_stats"	match_team_stats	select	radice_e_motori
market_intelligence/pipeline.py	94	"fixture_predictions"	fixture_predictions	select	radice_e_motori
market_intelligence/signals.py	141	"fixture_predictions"	fixture_predictions	select	radice_e_motori
market_intelligence/signals.py	165	"fixture_predictions"	fixture_predictions	select	radice_e_motori
market_intelligence/signals.py	178	"match_team_stats"	match_team_stats	select	radice_e_motori
master_backtest.py	684	"fixture_predictions"	fixture_predictions	select	radice_e_motori
master_backtest.py	728	"matches"	matches	select	radice_e_motori
merge_engine_signals.py	101	"engine_signals"	engine_signals	select	radice_e_motori
merge_engine_signals.py	121	"matches"	matches	select	radice_e_motori
merge_engine_signals.py	215	table	?table	upsert	radice_e_motori
migrations/backfill_engine_signals.py	136	"matches"	matches	select	radice_e_motori
migrations/backfill_engine_signals.py	278	"engine_signals"	engine_signals	upsert	radice_e_motori
missing_fixtures_backfill.py	20	"matches"	matches	select	radice_e_motori
per_fixture_backfill.py	105	"api_coverage_by_season"	api_coverage_by_season	select	radice_e_motori
per_fixture_backfill.py	164	"matches"	matches	select	radice_e_motori
per_fixture_backfill.py	222	table	?table	delete	radice_e_motori
per_fixture_backfill.py	268	table	?table	insert	radice_e_motori
per_fixture_backfill.py	936	table	?table	delete	radice_e_motori
poisson_calibrator.py	100	"poisson_calibration"	poisson_calibration	select	radice_e_motori
reset_ai_models.py	24	"ai_model_registry"	ai_model_registry	select	radice_e_motori
reset_ai_models.py	31	"ai_model_registry"	ai_model_registry	delete	radice_e_motori
retrain_all_leagues.py	125	"season_backfill_state"	season_backfill_state	select	radice_e_motori
retrain_all_leagues.py	146	"matches"	matches	select	radice_e_motori
retrain_all_leagues.py	363	"model_performance"	model_performance	upsert	radice_e_motori
sanity_check.py	27	"matches"	matches	select	radice_e_motori
sanity_check.py	54	"fixture_predictions"	fixture_predictions	select	radice_e_motori
sanity_check.py	86	"matches"	matches	select	radice_e_motori
season_aggregates.py	229	nome	?nome	delete	radice_e_motori
season_aggregates.py	238	nome	?nome	insert	radice_e_motori
season_gaps.py	455	"season_backfill_state"	season_backfill_state	upsert	radice_e_motori
season_gaps.py	466	"season_backfill_state"	season_backfill_state	upsert	radice_e_motori
season_gaps.py	480	"season_backfill_state"	season_backfill_state	select	radice_e_motori
season_gaps.py	489	"season_backfill_state"	season_backfill_state	upsert	radice_e_motori
season_gaps.py	515	"season_backfill_state"	season_backfill_state	select	radice_e_motori
season_gaps.py	547	"api_coverage_by_season"	api_coverage_by_season	select	radice_e_motori
seasons_catchup.py	375	"season_backfill_state"	season_backfill_state	select	radice_e_motori
seasons_catchup.py	382	"season_backfill_state"	season_backfill_state	update	radice_e_motori
sql/_cert_wc_fetch.py	32	"matches"	matches	select	radice_e_motori
standings_backfill.py	239	"standings"	standings	delete	radice_e_motori
standings_backfill.py	289	"standings"	standings	insert	radice_e_motori
tactical_engine/_check_fixpred.py	9	"matches"	matches	select	radice_e_motori
tactical_engine/_check_fixpred.py	16	"fixture_predictions"	fixture_predictions	select	radice_e_motori
tactical_engine/_check_fixpred.py	22	"fixture_predictions"	fixture_predictions	select	radice_e_motori
tactical_engine/_inspect_mismatch.py	5	"matches"	matches	select	radice_e_motori
tactical_engine/_verify_data_worldcup.py	13	"matches"	matches	select	radice_e_motori
tactical_engine/data_loader.py	51	"matches"	matches	select	radice_e_motori
tactical_engine/generate_predictions.py	60	"matches"	matches	select	radice_e_motori
tactical_engine/generate_predictions.py	171	"fixture_predictions"	fixture_predictions	select	radice_e_motori
tactical_engine/generate_predictions.py	179	"fixture_predictions"	fixture_predictions	update	radice_e_motori
tactical_engine/generate_predictions.py	187	"fixture_predictions"	fixture_predictions	insert	radice_e_motori
tactical_engine/serving.py	114	"matches"	matches	select	radice_e_motori
tactical_engine/serving.py	151	"fixture_predictions"	fixture_predictions	select	radice_e_motori
tactical_engine/serving.py	263	"fixture_predictions"	fixture_predictions	update	radice_e_motori
tactical_engine/serving.py	324	"fixture_predictions"	fixture_predictions	select	radice_e_motori
tactical_engine/serving.py	333	"fixture_predictions"	fixture_predictions	select	radice_e_motori
tactical_engine/serving.py	342	"matches"	matches	select	radice_e_motori
tactical_engine/serving.py	358	"fixture_predictions"	fixture_predictions	update	radice_e_motori
tactical_engine/tools/verifica_payload_tacticai.py	118	"fixture_predictions"	fixture_predictions	select	tool
test_actions_pipeline_paginazione.py	438	"analytics_snap_staging"	analytics_snap_staging	upsert	test
test_actions_pipeline_paginazione.py	688	"bet_features"	bet_features	select	test
test_actions_pipeline_paginazione.py	951	"fixture_predictions"	fixture_predictions	select	test
test_actions_pipeline_paginazione.py	1047	table	?table	select	test
test_analytics_market_stats.py	140	"matches"	matches	select	test
test_calibrazione_lettura_db.py	282	"fixture_predictions"	fixture_predictions	select	test
test_calibrazione_lettura_db.py	746	"fixture_predictions"	fixture_predictions	select	test
test_calibrazione_lettura_db.py	879	"matches"	matches	select	test
test_delete_ritentativi_2026_09_25.py	373	nome	?nome	?	test
tools/omega_validate_models.py	48	"matches"	matches	select	tool
tools/omega_validate_models.py	64	"match_events"	match_events	select	tool
tools/omega_watch.py	36	"omega_control"	omega_control	select	tool
tools/omega_watch.py	41	"safe_strategy_status"	safe_strategy_status	select	tool
tools/omega_watch.py	46	"omega_activity"	omega_activity	select	tool
top_assists_backfill.py	235	"top_assists"	top_assists	delete	radice_e_motori
top_assists_backfill.py	285	"top_assists"	top_assists	insert	radice_e_motori
top_cards_backfill.py	244	"top_cards"	top_cards	delete	radice_e_motori
top_cards_backfill.py	294	"top_cards"	top_cards	insert	radice_e_motori
top_scorers_backfill.py	235	"top_scorers"	top_scorers	delete	radice_e_motori
top_scorers_backfill.py	285	"top_scorers"	top_scorers	insert	radice_e_motori
training_planner.py	104	table	?table	select	radice_e_motori
update_poisson_calibration.py	146	"fixture_predictions"	fixture_predictions	select	radice_e_motori
update_poisson_calibration.py	183	"matches"	matches	select	radice_e_motori
value_engine/calibrate.py	37	"match_events"	match_events	select	radice_e_motori
