_exec_retry	Betfair/stream/db.py	44	15	Betfair/stream/tennis_live/tennis_db.py	63	14	0.96
_now_iso	Betfair/mike/db.py	52	2	Betfair/omega/omega_db.py	432	2	1.00
_now_iso	Betfair/mike/db.py	52	2	Betfair/safe_strategy/bot_db.py	55	2	1.00
_now_iso	Betfair/mike/db.py	52	2	Betfair/safe_strategy/db.py	16	2	1.00
_now_iso	Betfair/mike/db.py	52	2	Betfair/stream/db.py	40	2	1.00
_now_iso	Betfair/mike/db.py	52	2	Betfair/stream/tennis_live/tennis_db.py	79	2	1.00
_now_iso	Betfair/omega/omega_db.py	432	2	Betfair/safe_strategy/bot_db.py	55	2	1.00
_now_iso	Betfair/omega/omega_db.py	432	2	Betfair/safe_strategy/db.py	16	2	1.00
_now_iso	Betfair/omega/omega_db.py	432	2	Betfair/stream/db.py	40	2	1.00
_now_iso	Betfair/omega/omega_db.py	432	2	Betfair/stream/tennis_live/tennis_db.py	79	2	1.00
_now_iso	Betfair/safe_strategy/bot_db.py	55	2	Betfair/safe_strategy/db.py	16	2	1.00
_now_iso	Betfair/safe_strategy/bot_db.py	55	2	Betfair/stream/db.py	40	2	1.00
_now_iso	Betfair/safe_strategy/bot_db.py	55	2	Betfair/stream/tennis_live/tennis_db.py	79	2	1.00
_now_iso	Betfair/safe_strategy/db.py	16	2	Betfair/stream/db.py	40	2	1.00
_now_iso	Betfair/safe_strategy/db.py	16	2	Betfair/stream/tennis_live/tennis_db.py	79	2	1.00
_now_iso	Betfair/stream/db.py	40	2	Betfair/stream/tennis_live/tennis_db.py	79	2	1.00
_rpc_assente	Betfair/mike/db.py	386	5	Betfair/safe_strategy/db.py	409	5	0.66
_sb	Betfair/mike/db.py	48	2	Betfair/omega/omega_db.py	42	2	1.00
_sb	Betfair/mike/db.py	48	2	Betfair/safe_strategy/bot_db.py	51	2	1.00
_sb	Betfair/omega/omega_db.py	42	2	Betfair/safe_strategy/bot_db.py	51	2	1.00
aggregate_rows	Betfair/mike/db.py	289	91	Betfair/safe_strategy/bot_db.py	475	16	0.18
aggregates	Betfair/mike/db.py	393	44	Betfair/omega/omega_db.py	777	8	0.21
aggregates	Betfair/mike/db.py	393	44	Betfair/safe_strategy/bot_db.py	315	51	0.43
aggregates	Betfair/omega/omega_db.py	777	8	Betfair/safe_strategy/bot_db.py	315	51	0.17
chiudi_proposta	Betfair/omega/omega_db.py	411	19	Betfair/safe_strategy/bot_db.py	668	19	0.97
closing_trades_for	Betfair/omega/omega_db.py	266	10	Betfair/safe_strategy/bot_db.py	219	8	0.51
delete_trade	Betfair/omega/omega_db.py	91	9	Betfair/safe_strategy/bot_db.py	107	11	0.89
enqueue_live_order	Betfair/mike/db.py	662	4	Betfair/omega/omega_db.py	634	7	1.00
enqueue_live_order	Betfair/mike/db.py	662	4	Betfair/safe_strategy/bot_db.py	1003	4	1.00
enqueue_live_order	Betfair/omega/omega_db.py	634	7	Betfair/safe_strategy/bot_db.py	1003	4	1.00
fail_stale_processing	Betfair/mike/db.py	519	29	Betfair/omega/omega_db.py	314	17	0.24
fail_stale_processing	Betfair/mike/db.py	519	29	Betfair/safe_strategy/bot_db.py	858	12	0.34
fail_stale_processing	Betfair/omega/omega_db.py	314	17	Betfair/safe_strategy/bot_db.py	858	12	0.90
fetch_scan_rows	Betfair/mike/db.py	553	12	Betfair/safe_strategy/bot_db.py	951	16	0.94
fixture_analysis	Betfair/mike/db.py	625	10	Betfair/omega/omega_db.py	756	7	0.40
fixture_analysis	Betfair/mike/db.py	625	10	Betfair/safe_strategy/bot_db.py	937	9	0.88
fixture_analysis	Betfair/omega/omega_db.py	756	7	Betfair/safe_strategy/bot_db.py	937	9	0.50
fixtures_for_window	Betfair/omega/omega_db.py	742	12	Betfair/safe_strategy/bot_db.py	925	10	0.44
get_event	Betfair/mike/db.py	116	3	Betfair/omega/omega_db.py	485	3	0.93
get_event	Betfair/mike/db.py	116	3	Betfair/safe_strategy/bot_db.py	917	6	0.94
get_event	Betfair/omega/omega_db.py	485	3	Betfair/safe_strategy/bot_db.py	917	6	0.97
get_live_order_mirror	Betfair/mike/db.py	690	4	Betfair/omega/omega_db.py	683	9	0.99
get_live_order_mirror	Betfair/mike/db.py	690	4	Betfair/safe_strategy/bot_db.py	1038	7	0.99
get_live_order_mirror	Betfair/omega/omega_db.py	683	9	Betfair/safe_strategy/bot_db.py	1038	7	1.00
get_live_order_request	Betfair/mike/db.py	675	5	Betfair/omega/omega_db.py	655	8	1.00
get_live_order_request	Betfair/mike/db.py	675	5	Betfair/safe_strategy/bot_db.py	1018	7	1.00
get_live_order_request	Betfair/omega/omega_db.py	655	8	Betfair/safe_strategy/bot_db.py	1018	7	1.00
get_live_order_request_by_ref	Betfair/mike/db.py	668	5	Betfair/omega/omega_db.py	643	10	1.00
get_live_order_request_by_ref	Betfair/mike/db.py	668	5	Betfair/safe_strategy/bot_db.py	1009	7	1.00
get_live_order_request_by_ref	Betfair/omega/omega_db.py	643	10	Betfair/safe_strategy/bot_db.py	1009	7	1.00
get_trade	Betfair/mike/db.py	191	3	Betfair/omega/omega_db.py	250	7	0.93
get_trade	Betfair/mike/db.py	191	3	Betfair/safe_strategy/bot_db.py	120	6	0.92
get_trade	Betfair/omega/omega_db.py	250	7	Betfair/safe_strategy/bot_db.py	120	6	0.96
insert_trade	Betfair/mike/db.py	175	6	Betfair/omega/omega_db.py	75	6	0.95
insert_trade	Betfair/mike/db.py	175	6	Betfair/safe_strategy/bot_db.py	91	6	0.89
insert_trade	Betfair/omega/omega_db.py	75	6	Betfair/safe_strategy/bot_db.py	91	6	0.92
list_trades	Betfair/omega/omega_db.py	102	13	Betfair/safe_strategy/bot_db.py	128	5	0.64
live_follow_status	Betfair/mike/db.py	650	4	Betfair/omega/omega_db.py	615	7	0.99
live_follow_status	Betfair/mike/db.py	650	4	Betfair/safe_strategy/bot_db.py	987	6	0.99
live_follow_status	Betfair/omega/omega_db.py	615	7	Betfair/safe_strategy/bot_db.py	987	6	1.00
log	Betfair/mike/db.py	71	10	Betfair/omega/omega_db.py	61	9	0.76
log	Betfair/mike/db.py	71	10	Betfair/safe_strategy/bot_db.py	77	9	0.75
log	Betfair/omega/omega_db.py	61	9	Betfair/safe_strategy/bot_db.py	77	9	0.96
open_trades	Betfair/mike/db.py	196	12	Betfair/omega/omega_db.py	246	2	0.26
open_trades	Betfair/mike/db.py	196	12	Betfair/safe_strategy/bot_db.py	164	15	0.51
open_trades	Betfair/omega/omega_db.py	246	2	Betfair/safe_strategy/bot_db.py	164	15	0.34
pending_requests	Betfair/mike/db.py	462	3	Betfair/safe_strategy/bot_db.py	604	6	0.91
proposta_di_chiusura_viva	Betfair/omega/omega_db.py	366	12	Betfair/safe_strategy/bot_db.py	625	12	0.96
read_control	Betfair/mike/db.py	59	3	Betfair/omega/omega_db.py	49	4	0.90
read_control	Betfair/mike/db.py	59	3	Betfair/safe_strategy/bot_db.py	62	6	0.90
read_control	Betfair/omega/omega_db.py	49	4	Betfair/safe_strategy/bot_db.py	62	6	0.91
revoke_live_order_request	Betfair/mike/db.py	682	6	Betfair/omega/omega_db.py	665	16	0.88
revoke_live_order_request	Betfair/mike/db.py	682	6	Betfair/safe_strategy/bot_db.py	1027	9	0.97
revoke_live_order_request	Betfair/omega/omega_db.py	665	16	Betfair/safe_strategy/bot_db.py	1027	9	0.87
runner_heartbeat	Betfair/mike/db.py	656	4	Betfair/omega/omega_db.py	624	8	0.99
runner_heartbeat	Betfair/mike/db.py	656	4	Betfair/safe_strategy/bot_db.py	995	6	0.99
runner_heartbeat	Betfair/omega/omega_db.py	624	8	Betfair/safe_strategy/bot_db.py	995	6	1.00
scanner_status	Betfair/mike/db.py	567	8	Betfair/safe_strategy/bot_db.py	969	11	0.99
scrivi_proposta_di_chiusura	Betfair/omega/omega_db.py	380	29	Betfair/safe_strategy/bot_db.py	639	27	0.96
set_control	Betfair/mike/db.py	64	5	Betfair/omega/omega_db.py	55	4	0.79
set_control	Betfair/mike/db.py	64	5	Betfair/safe_strategy/bot_db.py	70	5	0.92
set_control	Betfair/omega/omega_db.py	55	4	Betfair/safe_strategy/bot_db.py	70	5	0.82
set_request_status	Betfair/mike/db.py	499	18	Betfair/safe_strategy/bot_db.py	836	20	0.84
trades_for_event	Betfair/mike/db.py	210	3	Betfair/omega/omega_db.py	720	15	0.61
trades_for_event	Betfair/mike/db.py	210	3	Betfair/safe_strategy/bot_db.py	204	13	0.79
trades_for_event	Betfair/omega/omega_db.py	720	15	Betfair/safe_strategy/bot_db.py	204	13	0.59
update_trade	Betfair/mike/db.py	183	6	Betfair/omega/omega_db.py	83	6	0.93
update_trade	Betfair/mike/db.py	183	6	Betfair/safe_strategy/bot_db.py	99	6	0.89
update_trade	Betfair/omega/omega_db.py	83	6	Betfair/safe_strategy/bot_db.py	99	6	0.90
upsert_events	Betfair/mike/db.py	144	21	Betfair/omega/omega_db.py	300	4	0.67
