frontend/src/certification/realClient.ts	146	betfair_live_is_owner	betfair_live_is_owner	rpc	radice_e_motori
frontend/src/lib/analytics.ts	81	get_analytics_filters	get_analytics_filters	rpc	radice_e_motori
frontend/src/lib/analytics.ts	106	get_analytics	get_analytics	rpc	radice_e_motori
frontend/src/lib/analytics.ts	115	get_analytics_rows	get_analytics_rows	rpc	radice_e_motori
frontend/src/lib/analytics.ts	175	get_decisions_filters	get_decisions_filters	rpc	radice_e_motori
frontend/src/lib/analytics.ts	180	get_decisions	get_decisions	rpc	radice_e_motori
frontend/src/lib/analytics.ts	328	backtest_strategy	backtest_strategy	rpc	radice_e_motori
frontend/src/lib/analytics.ts	334	list_strategies	list_strategies	rpc	radice_e_motori
frontend/src/lib/analytics.ts	340	save_strategy	save_strategy	rpc	radice_e_motori
frontend/src/lib/analytics.ts	346	delete_strategy	delete_strategy	rpc	radice_e_motori
frontend/src/lib/analytics.ts	351	run_strategy	run_strategy	rpc	radice_e_motori
frontend/src/lib/analytics.ts	385	run_strategy_rows	run_strategy_rows	rpc	radice_e_motori
frontend/src/lib/analytics.ts	456	request_backtest	request_backtest	rpc	radice_e_motori
frontend/src/lib/analytics.ts	463	list_backtest_runs	list_backtest_runs	rpc	radice_e_motori
frontend/src/lib/analytics.ts	473	list_backtest_results	list_backtest_results	rpc	radice_e_motori
frontend/src/lib/betfair.ts	23	get_betfair_fixtures	get_betfair_fixtures	rpc	radice_e_motori
frontend/src/lib/betfair.ts	32	get_betfair_odds	get_betfair_odds	rpc	radice_e_motori
frontend/src/lib/betfair.ts	44	get_betfair_full_odds	get_betfair_full_odds	rpc	radice_e_motori
frontend/src/lib/betfair.ts	53	get_betfair_direction_odds	get_betfair_direction_odds	rpc	radice_e_motori
frontend/src/lib/betfair.ts	81	request_betfair_refresh	request_betfair_refresh	rpc	radice_e_motori
frontend/src/lib/betfair.ts	90	get_betfair_refresh_request	get_betfair_refresh_request	rpc	radice_e_motori
frontend/src/lib/betfair.ts	167	request_betfair_order	request_betfair_order	rpc	radice_e_motori
frontend/src/lib/betfair.ts	177	get_betfair_order_request	get_betfair_order_request	rpc	radice_e_motori
frontend/src/lib/betfair.ts	238	get_betfair_orders	get_betfair_orders	rpc	radice_e_motori
frontend/src/lib/controlRoomProposte.ts	400	safe_request_approve	safe_request_approve	rpc	radice_e_motori
frontend/src/lib/controlRoomProposte.ts	409	safe_request_ignore	safe_request_ignore	rpc	radice_e_motori
frontend/src/lib/dailyHistory.ts	270	get_omega_daily	get_omega_daily	rpc	radice_e_motori
frontend/src/lib/dailyHistory.ts	293	get_safe_daily	get_safe_daily	rpc	radice_e_motori
frontend/src/lib/dailyHistory.ts	301	get_omega_day_trades	get_omega_day_trades	rpc	radice_e_motori
frontend/src/lib/dailyHistory.ts	339	get_omega_daily	get_omega_daily	rpc	radice_e_motori
frontend/src/lib/dailyHistory.ts	344	get_omega_daily	get_omega_daily	rpc	radice_e_motori
frontend/src/lib/dailyHistory.ts	353	get_omega_day_trades	get_omega_day_trades	rpc	radice_e_motori
frontend/src/lib/dailyHistory.ts	356	get_omega_day_trades	get_omega_day_trades	rpc	radice_e_motori
frontend/src/lib/dailyHistory.ts	371	get_storico_stake	get_storico_stake	rpc	radice_e_motori
frontend/src/lib/dailyHistory.ts	397	get_safe_day_trades	get_safe_day_trades	rpc	radice_e_motori
frontend/src/lib/dailyHistory.ts	412	get_mike_daily	get_mike_daily	rpc	radice_e_motori
frontend/src/lib/dailyHistory.ts	420	get_mike_day_trades	get_mike_day_trades	rpc	radice_e_motori
frontend/src/lib/direzione.ts	50	get_direction	get_direction	rpc	radice_e_motori
frontend/src/lib/direzione.ts	73	get_direction_eta	get_direction_eta	rpc	radice_e_motori
frontend/src/lib/fixtureModels.ts	89	get_poisson_calibration_eta	get_poisson_calibration_eta	rpc	radice_e_motori
frontend/src/lib/live.ts	37	get_live_follows	get_live_follows	rpc	radice_e_motori
frontend/src/lib/live.ts	51	segui_live_apri_partita	segui_live_apri_partita	rpc	radice_e_motori
frontend/src/lib/live.ts	193	list_replays	list_replays	rpc	radice_e_motori
frontend/src/lib/live.ts	339	get_replay	get_replay	rpc	radice_e_motori
frontend/src/lib/live.ts	433	get_replay_meta	get_replay_meta	rpc	radice_e_motori
frontend/src/lib/live.ts	668	get_live_alerts	get_live_alerts	rpc	radice_e_motori
frontend/src/lib/live.ts	691	ack_alert	ack_alert	rpc	radice_e_motori
frontend/src/lib/liveOrders.ts	133	request_betfair_live_order	request_betfair_live_order	rpc	radice_e_motori
frontend/src/lib/liveOrders.ts	143	get_betfair_live_order	get_betfair_live_order	rpc	radice_e_motori
frontend/src/lib/liveOrders.ts	483	request_live_risk_rule	request_live_risk_rule	rpc	radice_e_motori
frontend/src/lib/liveOrders.ts	494	cancel_live_risk_rule	cancel_live_risk_rule	rpc	radice_e_motori
frontend/src/lib/liveOrders.ts	501	get_live_risk_rules	get_live_risk_rules	rpc	radice_e_motori
frontend/src/lib/liveOrders.ts	510	get_live_orders	get_live_orders	rpc	radice_e_motori
frontend/src/lib/liveOrders.ts	518	get_live_positions	get_live_positions	rpc	radice_e_motori
frontend/src/lib/liveOrders.ts	615	get_live_xhedge	get_live_xhedge	rpc	radice_e_motori
frontend/src/lib/liveOrders.ts	676	get_live_settings	get_live_settings	rpc	radice_e_motori
frontend/src/lib/liveOrders.ts	684	set_live_kill_switch	set_live_kill_switch	rpc	radice_e_motori
frontend/src/lib/liveOrders.ts	693	set_live_order_mode	set_live_order_mode	rpc	radice_e_motori
frontend/src/lib/liveOrders.ts	705	set_live_settings	set_live_settings	rpc	radice_e_motori
frontend/src/lib/liveOrders.ts	712	get_live_audit	get_live_audit	rpc	radice_e_motori
frontend/src/lib/liveOrders.ts	769	get_live_settled	get_live_settled	rpc	radice_e_motori
frontend/src/lib/liveOrders.ts	851	get_live_orders_account_open	get_live_orders_account_open	rpc	radice_e_motori
frontend/src/lib/liveOrders.ts	862	get_live_positions_all	get_live_positions_all	rpc	radice_e_motori
frontend/src/lib/liveOrders.ts	869	get_live_positions_event	get_live_positions_event	rpc	radice_e_motori
frontend/src/lib/liveOrders.ts	915	get_live_journal	get_live_journal	rpc	radice_e_motori
frontend/src/lib/liveOrders.ts	932	set_live_journal_note	set_live_journal_note	rpc	radice_e_motori
frontend/src/lib/marketDelays.ts	134	get_market_delays	get_market_delays	rpc	radice_e_motori
frontend/src/lib/marketFrequency.ts	154	get_market_frequency	get_market_frequency	rpc	radice_e_motori
frontend/src/lib/marketFrequency.ts	168	get_league_seasons	get_league_seasons	rpc	radice_e_motori
frontend/src/lib/mediaUnderAttiva.ts	17	scalper_media_attiva_adesso	scalper_media_attiva_adesso	rpc	radice_e_motori
frontend/src/lib/mike.ts	2228	mike_activate	mike_activate	rpc	radice_e_motori
frontend/src/lib/mike.ts	2234	mike_stop	mike_stop	rpc	radice_e_motori
frontend/src/lib/mike.ts	2240	mike_update_params	mike_update_params	rpc	radice_e_motori
frontend/src/lib/mike.ts	2248	get_mike_state	get_mike_state	rpc	radice_e_motori
frontend/src/lib/mike.ts	2268	get_mike_trades	get_mike_trades	rpc	radice_e_motori
frontend/src/lib/mike.ts	2274	mike_request	mike_request	rpc	radice_e_motori
frontend/src/lib/omega.ts	1317	omega_activate	omega_activate	rpc	radice_e_motori
frontend/src/lib/omega.ts	1325	omega_stop	omega_stop	rpc	radice_e_motori
frontend/src/lib/omega.ts	1333	omega_update_params	omega_update_params	rpc	radice_e_motori
frontend/src/lib/omega.ts	1343	get_omega_state	get_omega_state	rpc	radice_e_motori
frontend/src/lib/omega.ts	1362	get_omega_trades	get_omega_trades	rpc	radice_e_motori
frontend/src/lib/omega.ts	1398	omega_eventi_chiusi_dall_utente	omega_eventi_chiusi_dall_utente	rpc	radice_e_motori
frontend/src/lib/omega.ts	1421	omega_evento_riprendi	omega_evento_riprendi	rpc	radice_e_motori
frontend/src/lib/omega.ts	1501	omega_request	omega_request	rpc	radice_e_motori
frontend/src/lib/omega.ts	1507	get_omega_events	get_omega_events	rpc	radice_e_motori
frontend/src/lib/omega.ts	1562	get_omega_market	get_omega_market	rpc	radice_e_motori
frontend/src/lib/omega.ts	1568	get_omega_manual_requests	get_omega_manual_requests	rpc	radice_e_motori
frontend/src/lib/omegaMissions.ts	150	omega_mission_activate	omega_mission_activate	rpc	radice_e_motori
frontend/src/lib/omegaMissions.ts	162	omega_mission_stop	omega_mission_stop	rpc	radice_e_motori
frontend/src/lib/omegaMissions.ts	174	omega_mission_follow	omega_mission_follow	rpc	radice_e_motori
frontend/src/lib/omegaMissions.ts	190	set_follow_record	set_follow_record	rpc	radice_e_motori
frontend/src/lib/omegaMissions.ts	198	get_omega_missions	get_omega_missions	rpc	radice_e_motori
frontend/src/lib/omegaProposte.ts	292	get_omega_proposte	get_omega_proposte	rpc	radice_e_motori
frontend/src/lib/omegaProposte.ts	338	omega_request_approve	omega_request_approve	rpc	radice_e_motori
frontend/src/lib/omegaProposte.ts	348	omega_request_ignore	omega_request_ignore	rpc	radice_e_motori
frontend/src/lib/personalReport.ts	325	add_personal_trade	add_personal_trade	rpc	radice_e_motori
frontend/src/lib/personalReport.ts	333	add_trade_leg	add_trade_leg	rpc	radice_e_motori
frontend/src/lib/personalReport.ts	340	settle_personal_trade	settle_personal_trade	rpc	radice_e_motori
frontend/src/lib/personalReport.ts	370	get_cash_movements	get_cash_movements	rpc	radice_e_motori
frontend/src/lib/personalReport.ts	378	set_trade_time_operative	set_trade_time_operative	rpc	radice_e_motori
frontend/src/lib/personalReport.ts	388	get_personal_report	get_personal_report	rpc	radice_e_motori
frontend/src/lib/personalReport.ts	403	reset_personal_report	reset_personal_report	rpc	radice_e_motori
frontend/src/lib/personalReport.ts	410	get_personal_trades	get_personal_trades	rpc	radice_e_motori
frontend/src/lib/proposteUscite.ts	90	scalper_approva_uscita	scalper_approva_uscita	rpc	radice_e_motori
frontend/src/lib/proposteUscite.ts	91	tennis_bot_approva_uscita	tennis_bot_approva_uscita	rpc	radice_e_motori
frontend/src/lib/replayBot.ts	228	request_backtest	request_backtest	rpc	radice_e_motori
frontend/src/lib/replayBot.ts	236	get_replay_bot_esito	get_replay_bot_esito	rpc	radice_e_motori
frontend/src/lib/replayVerificaBarraDb.test.ts	47	list_replays	list_replays	rpc	test
frontend/src/lib/replayVerificaBarraDb.test.ts	56	get_replay_meta	get_replay_meta	rpc	test
frontend/src/lib/replayVerificaBarraDb.test.ts	62	get_replay_frames	get_replay_frames	rpc	test
frontend/src/lib/replayVerificaBarraDb.test.ts	64	get_replay_frames	get_replay_frames	rpc	test
frontend/src/lib/replayVerificaBarraDb.test.ts	66	altra_rpc	altra_rpc	rpc	test
frontend/src/lib/replayVerificaBarraDb.test.ts	148	segui_live_apri_partita	segui_live_apri_partita	rpc	test
frontend/src/lib/replayVerificaBarraDb.test.ts	149	delete_event	delete_event	rpc	test
frontend/src/lib/replayVerificaBarraDb.test.ts	151	list_replays	list_replays	rpc	test
frontend/src/lib/replayVerificaBarraDb.test.ts	156	apri_partita	apri_partita	rpc	test
frontend/src/lib/replayVerificaBarraDb.ts	56	get_replay_meta	get_replay_meta	rpc	radice_e_motori
frontend/src/lib/reportistiche.ts	140	get_direction_report	get_direction_report	rpc	radice_e_motori
frontend/src/lib/reportistiche.ts	147	get_direction_report_matches	get_direction_report_matches	rpc	radice_e_motori
frontend/src/lib/reportistiche.ts	180	get_direction_report_fixture	get_direction_report_fixture	rpc	radice_e_motori
frontend/src/lib/safeBot.ts	369	get_safe_aggregates	get_safe_aggregates	rpc	radice_e_motori
frontend/src/lib/safeBot.ts	1147	safe_activate	safe_activate	rpc	radice_e_motori
frontend/src/lib/safeBot.ts	1155	safe_stop	safe_stop	rpc	radice_e_motori
frontend/src/lib/safeBot.ts	1161	safe_update_params	safe_update_params	rpc	radice_e_motori
frontend/src/lib/safeBot.ts	1177	get_safe_state	get_safe_state	rpc	radice_e_motori
frontend/src/lib/safeBot.ts	1201	get_safe_activity	get_safe_activity	rpc	radice_e_motori
frontend/src/lib/safeBot.ts	1215	get_safe_trades	get_safe_trades	rpc	radice_e_motori
frontend/src/lib/safeBot.ts	1224	safe_request	safe_request	rpc	radice_e_motori
frontend/src/lib/safeBot.ts	1394	safe_request_approve	safe_request_approve	rpc	radice_e_motori
frontend/src/lib/scalper.ts	148	scalper_activate	scalper_activate	rpc	radice_e_motori
frontend/src/lib/scalper.ts	160	scalper_stop	scalper_stop	rpc	radice_e_motori
frontend/src/lib/scalper.ts	168	get_scalper_state	get_scalper_state	rpc	radice_e_motori
frontend/src/lib/scalperControlRoom.ts	140	get_scalper_control_room	get_scalper_control_room	rpc	radice_e_motori
frontend/src/lib/scalperControlRoom.ts	166	scalper_auto_activate	scalper_auto_activate	rpc	radice_e_motori
frontend/src/lib/scalperControlRoom.ts	177	scalper_auto_stop	scalper_auto_stop	rpc	radice_e_motori
frontend/src/lib/scalperControlRoom.ts	188	scalper_auto_update	scalper_auto_update	rpc	radice_e_motori
frontend/src/lib/scalperControlRoom.ts	298	scalper_stop_sessione	scalper_stop_sessione	rpc	radice_e_motori
frontend/src/lib/scalperControlRoom.ts	313	scalper_uscite_automatiche	scalper_uscite_automatiche	rpc	radice_e_motori
frontend/src/lib/tennis.ts	82	get_tennis_fixtures	get_tennis_fixtures	rpc	radice_e_motori
frontend/src/lib/tennis.ts	108	get_tennis_full_odds	get_tennis_full_odds	rpc	radice_e_motori
frontend/src/lib/tennis.ts	123	request_tennis_refresh	request_tennis_refresh	rpc	radice_e_motori
frontend/src/lib/tennis.ts	129	get_tennis_refresh_request	get_tennis_refresh_request	rpc	radice_e_motori
frontend/src/lib/tennis.ts	168	get_tennis_follows	get_tennis_follows	rpc	radice_e_motori
frontend/src/lib/tennis.ts	180	tennis_follow_event	tennis_follow_event	rpc	radice_e_motori
frontend/src/lib/tennis.ts	198	tennis_set_follow_record	tennis_set_follow_record	rpc	radice_e_motori
frontend/src/lib/tennis.ts	422	request_tennis_live_order	request_tennis_live_order	rpc	radice_e_motori
frontend/src/lib/tennis.ts	437	get_tennis_live_order	get_tennis_live_order	rpc	radice_e_motori
frontend/src/lib/tennis.ts	483	request_tennis_live_order	request_tennis_live_order	rpc	radice_e_motori
frontend/src/lib/tennis.ts	498	get_tennis_live_order	get_tennis_live_order	rpc	radice_e_motori
frontend/src/lib/tennis.ts	506	get_tennis_live_orders	get_tennis_live_orders	rpc	radice_e_motori
frontend/src/lib/tennis.ts	517	get_tennis_live_positions	get_tennis_live_positions	rpc	radice_e_motori
frontend/src/lib/tennis.ts	571	get_tennis_live_positions_all	get_tennis_live_positions_all	rpc	radice_e_motori
frontend/src/lib/tennis.ts	837	get_tennis_bots_state	get_tennis_bots_state	rpc	radice_e_motori
frontend/src/lib/tennis.ts	876	tennis_bot_arm	tennis_bot_arm	rpc	radice_e_motori
frontend/src/lib/tennis.ts	889	tennis_bot_disarm	tennis_bot_disarm	rpc	radice_e_motori
frontend/src/lib/tennis.ts	966	tennis_bot_service_set_uscite	tennis_bot_service_set_uscite	rpc	radice_e_motori
frontend/src/lib/tennis.ts	981	get_tennis_bot_services	get_tennis_bot_services	rpc	radice_e_motori
frontend/src/lib/tennis.ts	997	tennis_bot_service_activate	tennis_bot_service_activate	rpc	radice_e_motori
frontend/src/lib/tennis.ts	1008	tennis_bot_service_stop	tennis_bot_service_stop	rpc	radice_e_motori
frontend/src/lib/tennis.ts	1022	tennis_bot_service_update_params	tennis_bot_service_update_params	rpc	radice_e_motori
frontend/src/lib/tennis.ts	1080	get_tennis_bot_daily	get_tennis_bot_daily	rpc	radice_e_motori
frontend/src/lib/tennis.ts	1124	get_tennis_bot_orders_today	get_tennis_bot_orders_today	rpc	radice_e_motori
frontend/src/lib/tennisReplay.ts	114	list_replays_tennis	list_replays_tennis	rpc	radice_e_motori
frontend/src/lib/tennisReplay.ts	124	get_replay_tennis_meta	get_replay_tennis_meta	rpc	radice_e_motori
frontend/src/lib/watchlist.ts	110	add_to_watchlist	add_to_watchlist	rpc	radice_e_motori
frontend/src/lib/watchlist.ts	117	get_watchlist	get_watchlist	rpc	radice_e_motori
frontend/src/lib/watchlist.ts	126	delete_from_watchlist	delete_from_watchlist	rpc	radice_e_motori
frontend/src/lib/watchlist.ts	134	set_watchlist_follow_live	set_watchlist_follow_live	rpc	radice_e_motori
frontend/src/lib/watchlist.ts	144	set_watchlist_decision	set_watchlist_decision	rpc	radice_e_motori
