analytics_decisions	migrations/analytics_decisions.sql	21
analytics_prob_staging	migrations/analytics_prob_staging.sql	11
analytics_riepilogo_segnali	migrations/analytics_rpc_veloci_2026-09-26.sql	58
analytics_riepilogo_decisioni	migrations/analytics_rpc_veloci_2026-09-26.sql	76
analytics_riepilogo_meta	migrations/analytics_rpc_veloci_2026-09-26.sql	99
analytics_signals	migrations/analytics_signals.sql	33
analytics_snap_staging	migrations/analytics_snap_staging.sql	24
strategies	migrations/analytics_strategies_store.sql	14
book_odds_cache	migrations/analytics_strategy.sql	77
analytics_bets	migrations/analytics_strategy.sql	85
betfair_live_account	migrations/betfair_live_account_heartbeat.sql	22
betfair_live_heartbeat	migrations/betfair_live_account_heartbeat.sql	53
betfair_live_settings	migrations/betfair_live_controls.sql	19
betfair_live_audit	migrations/betfair_live_controls.sql	38
betfair_live_order_requests	migrations/betfair_live_order_queue.sql	33
betfair_live_orders	migrations/betfair_live_order_queue.sql	80
betfair_live_positions	migrations/betfair_live_order_queue.sql	130
betfair_live_settled	migrations/betfair_live_pnl_journal.sql	25
betfair_live_risk_state	migrations/betfair_live_pnl_journal.sql	51
betfair_live_journal	migrations/betfair_live_pnl_journal.sql	89
betfair_live_risk_rules	migrations/betfair_live_risk_rules.sql	28
betfair_live_xhedge	migrations/betfair_live_xhedge.sql	10
betfair_market_odds	migrations/betfair_market_odds.sql	6
betfair_order_requests	migrations/betfair_order_queue.sql	17
betfair_refresh_requests	migrations/betfair_refresh_queue.sql	12
direction_pagella	migrations/direction_pagella.sql	13
engine_signals	migrations/engine_signals.sql	7
hazard_atlas_leghe	migrations/hazard_atlas_2026-09-24.sql	28
hazard_atlas	migrations/hazard_atlas_2026-09-24.sql	41
live_alerts	migrations/live_alerts.sql	22
live_backtest_requests	migrations/live_backtest.sql	25
live_backtest_results	migrations/live_backtest.sql	44
live_ladder	migrations/live_ladder.sql	37
live_signals	migrations/live_signals.sql	27
live_follow	migrations/live_stream.sql	33
live_now	migrations/live_stream.sql	59
live_markets	migrations/live_stream.sql	75
live_market_snapshots	migrations/live_stream.sql	96
live_score_timeline	migrations/live_stream.sql	117
live_run_log	migrations/live_stream.sql	135
mike_control	migrations/mike_bot.sql	24
mike_events	migrations/mike_bot.sql	45
mike_trades	migrations/mike_bot.sql	79
mike_activity	migrations/mike_bot.sql	124
mike_requests	migrations/mike_bot.sql	137
omega_control	migrations/omega_bot.sql	17
omega_trades	migrations/omega_bot.sql	38
omega_activity	migrations/omega_bot.sql	73
omega_daily_goal	migrations/omega_daily_v2.sql	34
omega_ht_ft_transitions	migrations/omega_daily_v2.sql	600
omega_events	migrations/omega_manual.sql	39
omega_market_snapshot	migrations/omega_manual.sql	62
omega_manual_requests	migrations/omega_manual.sql	76
omega_missions	migrations/omega_missions.sql	27
omega_minute_transitions	migrations/omega_models_v3.sql	21
omega_build_jobs	migrations/omega_models_v3.sql	49
omega_minute_league_counts	migrations/omega_models_v3.sql	62
omega_requests	migrations/omega_proposte_uscita_2026-09-16.sql	30
omega_transitions_ledger	migrations/omega_transitions_catchup_2026-09-25.sql	69
omega_minute_transitions_raw	migrations/omega_transitions_catchup_2026-09-25.sql	84
omega_ht_ft_transitions_raw	migrations/omega_transitions_catchup_2026-09-25.sql	99
omega_transitions_league_counts	migrations/omega_transitions_catchup_2026-09-25.sql	112
omega_transitions_state	migrations/omega_transitions_catchup_2026-09-25.sql	123
omega_transitions_runs	migrations/omega_transitions_catchup_2026-09-25.sql	140
omega_minute_transitions_pre_ledger	migrations/omega_transitions_catchup_2026-09-25.sql	695
omega_ht_ft_transitions_pre_ledger	migrations/omega_transitions_catchup_2026-09-25.sql	697
omega_minute_league_counts_pre_ledger	migrations/omega_transitions_catchup_2026-09-25.sql	699
personal_cash_movements	migrations/personal_cash_movements.sql	11
IF	migrations/personal_tracking.sql	14
personal_watchlist	migrations/personal_tracking.sql	20
personal_trades	migrations/personal_tracking.sql	54
personal_trade_legs	migrations/personal_tracking.sql	114
poisson_calibration	migrations/poisson_calibration.sql	21
book_odds_cache_fonte	migrations/refresh_analytics_bets_range_v2_2026-09-24.sql	64
replay_bot_esiti	migrations/replay_applica_bot_2026-10-06.sql	11
tennis_replay_eventi	migrations/replay_tennis_2026-10-07.sql	51
tennis_replay_mercati	migrations/replay_tennis_2026-10-07.sql	76
tennis_replay_snapshots	migrations/replay_tennis_2026-10-07.sql	97
tennis_replay_punteggio	migrations/replay_tennis_2026-10-07.sql	114
safe_strategy_control	migrations/safe_strategy_bot.sql	22
safe_strategy_trades	migrations/safe_strategy_bot.sql	47
safe_strategy_activity	migrations/safe_strategy_bot.sql	95
safe_strategy_requests	migrations/safe_strategy_bot.sql	106
safe_strategy_opportunities	migrations/safe_strategy_bot.sql	122
safe_strategy_scan	migrations/safe_strategy_scan.sql	28
safe_strategy_status	migrations/safe_strategy_scan.sql	40
scalper_service_control	migrations/scalper_auto_mode_2026-09-25.sql	68
scalper_control	migrations/scalper_bot.sql	25
scalper_activity	migrations/scalper_bot.sql	53
fixture_detail_checks	migrations/season_gaps_2026-09-25.sql	62
sicurezza_bk	migrations/sicurezza_db_2026-09-24_BLOCCO_1_zero_rischio.sql	69
sicurezza_bk	migrations/sicurezza_db_2026-09-24_BLOCCO_2_rls_e_policy.sql	61
sicurezza_bk	migrations/sicurezza_db_2026-09-24_BLOCCO_3_revoke_anon.sql	64
signal_history	migrations/signal_history.sql	5
tennis_bot_service_control	migrations/tennis_bot_service_control_2026-09-17.sql	27
tennis_bot_control	migrations/tennis_bots.sql	47
tennis_bot_activity	migrations/tennis_bots.sql	75
tennis_live_follow	migrations/tennis_live.sql	28
tennis_live_now	migrations/tennis_live.sql	56
tennis_live_ladder	migrations/tennis_live.sql	73
tennis_markets	migrations/tennis_markets.sql	32
tennis_refresh_requests	migrations/tennis_markets.sql	66
tennis_live_order_queue	migrations/tennis_orders.sql	49
tennis_live_orders	migrations/tennis_orders.sql	74
tennis_live_positions	migrations/tennis_orders.sql	117
theta_confirm_requests	migrations/theta_confirm.sql	23
