1	120.0	base	512.4	35.3	ordini_specchio=35.3MB, note=0.0MB, stats_finali=0.0MB, sollecitati=0.0MB, stati_visti=0.0MB
2	121.8	paper	512.4	35.3	ordini_specchio=35.3MB, note=0.0MB, stats_finali=0.0MB, sollecitati=0.0MB, stati_visti=0.0MB
3	217.1	senza-missione	1322.7	132.0	ordini_specchio=132.0MB, note=0.0MB, stats_finali=0.0MB, sollecitati=0.0MB, stati_visti=0.0MB
4	217.9	bot-fermo	1322.7	12.1	ordini_specchio=12.1MB, note=0.0MB, stats_finali=0.0MB, sollecitati=0.0MB, stati_visti=0.0MB
5	218.7	kill-switch	1322.7	12.1	ordini_specchio=12.1MB, note=0.0MB, stats_finali=0.0MB, sollecitati=0.0MB, stati_visti=0.0MB
6	342.8	esiti-ignoti	1507.3	35.3	ordini_specchio=35.3MB, note=0.0MB, stats_finali=0.0MB, sollecitati=0.0MB, stati_visti=0.0MB
7	346.0	rifiuti-betfair	1692.1	35.3	ordini_specchio=35.3MB, note=0.0MB, stats_finali=0.0MB, sollecitati=0.0MB, motivi=0.0MB
8	402.7	riavvio	2051.0	70.7	ordini_specchio=69.8MB, violazioni=0.0MB, note=0.0MB, stats_finali=0.0MB, stati_visti=0.0MB
9	530.6	chiusura-abbinata-in-parte	2616.1	108.8	ordini_specchio=108.8MB, note=0.0MB, stats_finali=0.0MB, sollecitati=0.0MB, stati_visti=0.0MB
dopo main	RSS 154.3 MB	picco 2724.9 MB
