1	100.9	base	143.9	0.0	note=0.0MB, stats_finali=0.0MB, sollecitati=0.0MB, stati_visti=0.0MB, motivi=0.0MB
2	104.6	paper	143.9	0.0	note=0.0MB, stats_finali=0.0MB, sollecitati=0.0MB, stati_visti=0.0MB, motivi=0.0MB
3	145.1	senza-missione	143.9	0.0	note=0.0MB, stats_finali=0.0MB, sollecitati=0.0MB, stati_visti=0.0MB, motivi=0.0MB
4	145.1	bot-fermo	143.9	0.0	note=0.0MB, stats_finali=0.0MB, sollecitati=0.0MB, stati_visti=0.0MB, motivi=0.0MB
5	145.1	kill-switch	143.9	0.0	note=0.0MB, stats_finali=0.0MB, sollecitati=0.0MB, stati_visti=0.0MB, motivi=0.0MB
6	199.3	esiti-ignoti	143.9	0.0	note=0.0MB, stats_finali=0.0MB, sollecitati=0.0MB, stati_visti=0.0MB, motivi=0.0MB
7	202.4	rifiuti-betfair	143.9	0.0	note=0.0MB, stats_finali=0.0MB, sollecitati=0.0MB, motivi=0.0MB, stati_visti=0.0MB
8	230.7	riavvio	143.9	0.0	violazioni=0.0MB, note=0.0MB, stats_finali=0.0MB, stati_visti=0.0MB, sollecitati=0.0MB
9	303.4	chiusura-abbinata-in-parte	144.0	0.0	note=0.0MB, stats_finali=0.0MB, sollecitati=0.0MB, stati_visti=0.0MB, motivi=0.0MB
dopo main	RSS 143.9 MB	picco 144.0 MB
