file	riga	tipo	nome
frontend/src/components/controlroom/PannelloBot.tsx	132	localStorage	localStorage
frontend/src/components/controlroom/PannelloBot.tsx	144	localStorage	localStorage
frontend/src/components/controlroom/PannelloBot.tsx	623	intervallo	setInterval(
frontend/src/components/controlroom/RigaCapacitaMercati.tsx	31	canale_locale	calcio
frontend/src/components/controlroom/RigaCapacitaMercati.tsx	46	intervallo	setInterval(
frontend/src/components/controlroom/RigaFreno.tsx	122	canale_locale	calcio
frontend/src/components/controlroom/RigaFreno.tsx	137	intervallo	setInterval(
frontend/src/components/controlroom/RigaFreno.tsx	143	intervallo	setInterval(
frontend/src/components/controlroom/RigaOrdiniReali.tsx	122	canale_locale	calcio
frontend/src/components/controlroom/RigaOrdiniReali.tsx	154	intervallo	setInterval(
frontend/src/components/controlroom/RigaOrdiniReali.tsx	160	intervallo	setInterval(
frontend/src/components/controlroom/SchedaChiusura.tsx	94	intervallo	setInterval(
frontend/src/components/controlroom/SchedaChiusuraOmega.tsx	69	intervallo	setInterval(
frontend/src/components/controlroom/SchedaPropostaOpportunita.tsx	207	intervallo	setInterval(
frontend/src/components/controlroom/testata/FasciaSoldiVeri.tsx	33	localStorage	localStorage
frontend/src/components/controlroom/testata/FasciaSoldiVeri.tsx	36	localStorage	localStorage
frontend/src/components/controlroom/useControlRoom.ts	1498	intervallo	setInterval(
frontend/src/components/controlroom/useControlRoom.ts	1514	canale_locale	scanner
frontend/src/components/controlroom/useControlRoom.ts	1567	canale_locale	scanner
frontend/src/components/controlroom/useControlRoom.ts	1590	canale_locale	bot
frontend/src/components/controlroom/useControlRoom.ts	1724	canale_locale	bot
frontend/src/components/controlroom/useControlRoom.ts	1731	canale_locale	bot
frontend/src/components/controlroom/useControlRoom.ts	1750	canale_locale	tennis_bot
frontend/src/components/controlroom/useControlRoom.ts	1795	canale_locale	scalper
frontend/src/components/controlroom/useControlRoom.ts	1857	canale_locale	sport
frontend/src/components/controlroom/useControlRoom.ts	1902	intervallo	setInterval(
frontend/src/components/controlroom/useControlRoom.ts	1923	canale_locale	calcio
frontend/src/components/controlroom/useControlRoom.ts	1937	canale_locale	s
frontend/src/components/controlroom/useControlRoom.ts	1991	intervallo	setInterval(
frontend/src/components/controlroom/useControlRoom.ts	3276	intervallo	setInterval(
frontend/src/components/controlroom/useControlRoom.ts	3774	intervallo	setInterval(
frontend/src/components/controlroom/useSeguiOrdini.ts	135	intervallo	setInterval(
frontend/src/components/controlroom/useTennisVivo.ts	111	canale_locale	tennis
frontend/src/components/controlroom/useTennisVivo.ts	253	intervallo	setInterval(
frontend/src/components/dashboard/FixtureSelector.tsx	30	tabella	fixture_predictions
frontend/src/components/dashboard/MatchesList.tsx	157	tabella	fixture_predictions
frontend/src/components/landing/AuthSection.tsx	74	tabella	leads
frontend/src/components/live/DepthPanel.tsx	194	intervallo	setInterval(
frontend/src/components/live/DutchingPanel.tsx	125	intervallo	setInterval(
frontend/src/components/live/FlussoStreamBanner.tsx	16	canale_locale	sport
frontend/src/components/live/FlussoStreamBanner.tsx	29	intervallo	setInterval(
frontend/src/components/live/GridView.tsx	121	localStorage	localStorage
frontend/src/components/live/GridView.tsx	201	localStorage	localStorage
frontend/src/components/live/GridView.tsx	289	intervallo	setInterval(
frontend/src/components/live/HabitatCard.tsx	50	intervallo	setInterval(
frontend/src/components/live/LadderView.tsx	1593	intervallo	setInterval(
frontend/src/components/live/LadderView.tsx	1800	intervallo	setInterval(
frontend/src/components/live/LadderView.tsx	2531	finestra	window.open(
frontend/src/components/live/LiveControlsPanel.tsx	132	intervallo	setInterval(
frontend/src/components/live/LiveSignalPanel.tsx	100	intervallo	setInterval(
frontend/src/components/live/LiveTradingPanel.tsx	183	intervallo	setInterval(
frontend/src/components/live/RiskRulesPanel.tsx	267	intervallo	setInterval(
frontend/src/components/live/ScalperPanel.tsx	153	intervallo	setInterval(
frontend/src/components/live/TerminalPositionsRail.tsx	96	intervallo	setInterval(
frontend/src/components/live/XHedgePanel.tsx	176	canale_locale	calcio
frontend/src/components/live/XHedgePanel.tsx	205	intervallo	setInterval(
frontend/src/components/live/XHedgePanel.tsx	321	intervallo	setInterval(
frontend/src/components/mike/useMike.ts	188	intervallo	setInterval(
frontend/src/components/mike/useMike.ts	292	canale_locale	mike
frontend/src/components/mike/useMikeClock.ts	19	intervallo	setInterval(
frontend/src/components/mike/useMikeEventoAlMs.ts	31	canale_locale	mike
frontend/src/components/omega/ManualPanel.tsx	181	intervallo	setInterval(
frontend/src/components/omega/ManualPanel.tsx	210	intervallo	setInterval(
frontend/src/components/omega/MissionCard.tsx	230	intervallo	setInterval(
frontend/src/components/omega/MissionPanel.tsx	299	intervallo	setInterval(
frontend/src/components/omega/MissionPanel.tsx	333	intervallo	setInterval(
frontend/src/components/omega/MissionPanel.tsx	374	intervallo	setInterval(
frontend/src/components/safestrategy/SafeStrategyProvider.tsx	119	localStorage	localStorage
frontend/src/components/safestrategy/SafeStrategyProvider.tsx	153	localStorage	localStorage
frontend/src/components/safestrategy/SafeStrategyProvider.tsx	269	intervallo	setInterval(
frontend/src/components/safestrategy/SafeStrategyProvider.tsx	301	intervallo	setInterval(
frontend/src/components/safestrategy/useSafeBot.ts	251	intervallo	setInterval(
frontend/src/components/safestrategy/useSafeBot.ts	387	canale_locale	safe
frontend/src/components/shell/Sidebar.tsx	76	finestra	window.open(
frontend/src/components/tennis/TennisBotPanel.tsx	511	intervallo	setInterval(
frontend/src/components/tennis/TennisBotPanel.tsx	521	intervallo	setInterval(
frontend/src/components/tennis/TennisMatchStats.tsx	113	intervallo	setInterval(
frontend/src/components/tennis/TennisMatchesList.tsx	46	localStorage	localStorage
frontend/src/components/tennis/TennisMatchesList.tsx	58	localStorage	localStorage
frontend/src/components/trading/SectionFilter.tsx	34	localStorage	localStorage
frontend/src/components/trading/SectionFilter.tsx	45	localStorage	localStorage
frontend/src/components/watchlist/WatchlistPanel.tsx	184	intervallo	setInterval(
frontend/src/lib/analytics.ts	81	rpc	get_analytics_filters
frontend/src/lib/analytics.ts	106	rpc	get_analytics
frontend/src/lib/analytics.ts	115	rpc	get_analytics_rows
frontend/src/lib/analytics.ts	175	rpc	get_decisions_filters
frontend/src/lib/analytics.ts	180	rpc	get_decisions
frontend/src/lib/analytics.ts	328	rpc	backtest_strategy
frontend/src/lib/analytics.ts	334	rpc	list_strategies
frontend/src/lib/analytics.ts	340	rpc	save_strategy
frontend/src/lib/analytics.ts	346	rpc	delete_strategy
frontend/src/lib/analytics.ts	351	rpc	run_strategy
frontend/src/lib/analytics.ts	385	rpc	run_strategy_rows
frontend/src/lib/analytics.ts	456	rpc	request_backtest
frontend/src/lib/analytics.ts	463	rpc	list_backtest_runs
frontend/src/lib/analytics.ts	473	rpc	list_backtest_results
frontend/src/lib/analytics.ts	523	realtime	.channel(
frontend/src/lib/analytics.ts	525	realtime	postgres_changes
frontend/src/lib/betfair.ts	23	rpc	get_betfair_fixtures
frontend/src/lib/betfair.ts	32	rpc	get_betfair_odds
frontend/src/lib/betfair.ts	44	rpc	get_betfair_full_odds
frontend/src/lib/betfair.ts	53	rpc	get_betfair_direction_odds
frontend/src/lib/betfair.ts	81	rpc	request_betfair_refresh
frontend/src/lib/betfair.ts	90	rpc	get_betfair_refresh_request
frontend/src/lib/betfair.ts	167	rpc	request_betfair_order
frontend/src/lib/betfair.ts	177	rpc	get_betfair_order_request
frontend/src/lib/betfair.ts	238	rpc	get_betfair_orders
frontend/src/lib/betfairMedia.ts	52	finestra	window.open(
frontend/src/lib/chiuseGiornata.ts	146	rpc_dinamica	RPC_CHIUSE_GIORNATA as never
frontend/src/lib/controlRoomProposte.ts	371	tabella	safe_strategy_requests
frontend/src/lib/controlRoomProposte.ts	400	rpc	safe_request_approve
frontend/src/lib/controlRoomProposte.ts	409	rpc	safe_request_ignore
frontend/src/lib/controlRoomProposte.ts	418	realtime	.channel(
frontend/src/lib/controlRoomProposte.ts	419	realtime	postgres_changes
frontend/src/lib/dailyHistory.ts	270	rpc	get_omega_daily
frontend/src/lib/dailyHistory.ts	293	rpc	get_safe_daily
frontend/src/lib/dailyHistory.ts	301	rpc	get_omega_day_trades
frontend/src/lib/dailyHistory.ts	339	rpc	get_omega_daily
frontend/src/lib/dailyHistory.ts	344	rpc	get_omega_daily
frontend/src/lib/dailyHistory.ts	353	rpc	get_omega_day_trades
frontend/src/lib/dailyHistory.ts	356	rpc	get_omega_day_trades
frontend/src/lib/dailyHistory.ts	371	rpc	get_storico_stake
frontend/src/lib/dailyHistory.ts	397	rpc	get_safe_day_trades
frontend/src/lib/dailyHistory.ts	412	rpc	get_mike_daily
frontend/src/lib/dailyHistory.ts	420	rpc	get_mike_day_trades
frontend/src/lib/direzione.ts	50	rpc	get_direction
frontend/src/lib/direzione.ts	73	rpc	get_direction_eta
frontend/src/lib/fixtureModels.ts	70	tabella	fixture_predictions
frontend/src/lib/fixtureModels.ts	89	rpc	get_poisson_calibration_eta
frontend/src/lib/fixtureModels.ts	97	tabella	fixture_predictions
frontend/src/lib/live.ts	37	rpc	get_live_follows
frontend/src/lib/live.ts	51	rpc	segui_live_apri_partita
frontend/src/lib/live.ts	77	realtime	.channel(
frontend/src/lib/live.ts	79	realtime	postgres_changes
frontend/src/lib/live.ts	140	tabella	live_now
frontend/src/lib/live.ts	159	realtime	.channel(
frontend/src/lib/live.ts	161	realtime	postgres_changes
frontend/src/lib/live.ts	193	rpc	list_replays
frontend/src/lib/live.ts	339	rpc	get_replay
frontend/src/lib/live.ts	386	rpc_dinamica	rpcFrames
frontend/src/lib/live.ts	433	rpc	get_replay_meta
frontend/src/lib/live.ts	560	tabella	live_signals
frontend/src/lib/live.ts	574	realtime	.channel(
frontend/src/lib/live.ts	576	realtime	postgres_changes
frontend/src/lib/live.ts	621	tabella	live_ladder
frontend/src/lib/live.ts	637	realtime	.channel(
frontend/src/lib/live.ts	639	realtime	postgres_changes
frontend/src/lib/live.ts	668	rpc	get_live_alerts
frontend/src/lib/live.ts	679	realtime	.channel(
frontend/src/lib/live.ts	681	realtime	postgres_changes
frontend/src/lib/live.ts	691	rpc	ack_alert
frontend/src/lib/liveOrders.ts	133	rpc	request_betfair_live_order
frontend/src/lib/liveOrders.ts	143	rpc	get_betfair_live_order
frontend/src/lib/liveOrders.ts	483	rpc	request_live_risk_rule
frontend/src/lib/liveOrders.ts	494	rpc	cancel_live_risk_rule
frontend/src/lib/liveOrders.ts	501	rpc	get_live_risk_rules
frontend/src/lib/liveOrders.ts	510	rpc	get_live_orders
frontend/src/lib/liveOrders.ts	518	rpc	get_live_positions
frontend/src/lib/liveOrders.ts	538	realtime	.channel(
frontend/src/lib/liveOrders.ts	540	realtime	postgres_changes
frontend/src/lib/liveOrders.ts	554	realtime	.channel(
frontend/src/lib/liveOrders.ts	556	realtime	postgres_changes
frontend/src/lib/liveOrders.ts	615	rpc	get_live_xhedge
frontend/src/lib/liveOrders.ts	676	rpc	get_live_settings
frontend/src/lib/liveOrders.ts	684	rpc	set_live_kill_switch
frontend/src/lib/liveOrders.ts	693	rpc	set_live_order_mode
frontend/src/lib/liveOrders.ts	705	rpc	set_live_settings
frontend/src/lib/liveOrders.ts	712	rpc	get_live_audit
frontend/src/lib/liveOrders.ts	769	rpc	get_live_settled
frontend/src/lib/liveOrders.ts	795	tabella	betfair_live_risk_state
frontend/src/lib/liveOrders.ts	806	realtime	.channel(
frontend/src/lib/liveOrders.ts	808	realtime	postgres_changes
frontend/src/lib/liveOrders.ts	851	rpc	get_live_orders_account_open
frontend/src/lib/liveOrders.ts	862	rpc	get_live_positions_all
frontend/src/lib/liveOrders.ts	869	rpc	get_live_positions_event
frontend/src/lib/liveOrders.ts	915	rpc	get_live_journal
frontend/src/lib/liveOrders.ts	932	rpc	set_live_journal_note
frontend/src/lib/liveOrders.ts	981	tabella	betfair_live_account
frontend/src/lib/liveOrders.ts	1007	realtime	.channel(
frontend/src/lib/liveOrders.ts	1009	realtime	postgres_changes
frontend/src/lib/liveOrders.ts	1034	tabella	betfair_live_heartbeat
frontend/src/lib/liveOrders.ts	1044	realtime	.channel(
frontend/src/lib/liveOrders.ts	1046	realtime	postgres_changes
frontend/src/lib/localChannel.ts	84	finestra	alphascoreCanale
frontend/src/lib/localChannel.ts	85	finestra	alphascoreCanale
frontend/src/lib/localChannel.ts	302	canale_locale	sport
frontend/src/lib/localChannel.ts	341	canale_locale	canale
frontend/src/lib/localTransport.ts	84	canale_locale	sport
frontend/src/lib/localTransport.ts	203	canale_locale	sport
frontend/src/lib/localTransport.ts	263	canale_locale	sport
frontend/src/lib/localTransport.ts	381	intervallo	setInterval(
frontend/src/lib/localTransport.ts	572	canale_locale	sport
frontend/src/lib/localTransport.ts	574	canale_locale	sport
frontend/src/lib/marketDelays.ts	134	rpc	get_market_delays
frontend/src/lib/marketFrequency.ts	154	rpc	get_market_frequency
frontend/src/lib/marketFrequency.ts	168	rpc	get_league_seasons
frontend/src/lib/mediaUnderAttiva.ts	17	rpc	scalper_media_attiva_adesso
frontend/src/lib/mike.ts	2228	rpc	mike_activate
frontend/src/lib/mike.ts	2234	rpc	mike_stop
frontend/src/lib/mike.ts	2240	rpc	mike_update_params
frontend/src/lib/mike.ts	2248	rpc	get_mike_state
frontend/src/lib/mike.ts	2268	rpc	get_mike_trades
frontend/src/lib/mike.ts	2274	rpc	mike_request
frontend/src/lib/mike.ts	2301	tabella	mike_requests
frontend/src/lib/mike.ts	2360	realtime	.channel(
frontend/src/lib/mike.ts	2362	realtime	postgres_changes
frontend/src/lib/omega.ts	1317	rpc	omega_activate
frontend/src/lib/omega.ts	1325	rpc	omega_stop
frontend/src/lib/omega.ts	1333	rpc	omega_update_params
frontend/src/lib/omega.ts	1343	rpc	get_omega_state
frontend/src/lib/omega.ts	1362	rpc	get_omega_trades
frontend/src/lib/omega.ts	1370	realtime	.channel(
frontend/src/lib/omega.ts	1371	realtime	postgres_changes
frontend/src/lib/omega.ts	1372	realtime	postgres_changes
frontend/src/lib/omega.ts	1377	realtime	postgres_changes
frontend/src/lib/omega.ts	1398	rpc	omega_eventi_chiusi_dall_utente
frontend/src/lib/omega.ts	1421	rpc	omega_evento_riprendi
frontend/src/lib/omega.ts	1501	rpc	omega_request
frontend/src/lib/omega.ts	1507	rpc	get_omega_events
frontend/src/lib/omega.ts	1562	rpc	get_omega_market
frontend/src/lib/omega.ts	1568	rpc	get_omega_manual_requests
frontend/src/lib/omegaMissions.ts	150	rpc	omega_mission_activate
frontend/src/lib/omegaMissions.ts	162	rpc	omega_mission_stop
frontend/src/lib/omegaMissions.ts	174	rpc	omega_mission_follow
frontend/src/lib/omegaMissions.ts	190	rpc	set_follow_record
frontend/src/lib/omegaMissions.ts	198	rpc	get_omega_missions
frontend/src/lib/omegaMissions.ts	215	realtime	.channel(
frontend/src/lib/omegaMissions.ts	216	realtime	postgres_changes
frontend/src/lib/omegaMissions.ts	217	realtime	postgres_changes
frontend/src/lib/omegaProposte.ts	292	rpc	get_omega_proposte
frontend/src/lib/omegaProposte.ts	338	rpc	omega_request_approve
frontend/src/lib/omegaProposte.ts	348	rpc	omega_request_ignore
frontend/src/lib/omegaProposte.ts	365	realtime	.channel(
frontend/src/lib/omegaProposte.ts	366	realtime	postgres_changes
frontend/src/lib/personalReport.ts	325	rpc	add_personal_trade
frontend/src/lib/personalReport.ts	333	rpc	add_trade_leg
frontend/src/lib/personalReport.ts	340	rpc	settle_personal_trade
frontend/src/lib/personalReport.ts	370	rpc	get_cash_movements
frontend/src/lib/personalReport.ts	378	rpc	set_trade_time_operative
frontend/src/lib/personalReport.ts	388	rpc	get_personal_report
frontend/src/lib/personalReport.ts	403	rpc	reset_personal_report
frontend/src/lib/personalReport.ts	410	rpc	get_personal_trades
frontend/src/lib/proposteUscite.ts	90	rpc	scalper_approva_uscita
frontend/src/lib/proposteUscite.ts	91	rpc	tennis_bot_approva_uscita
frontend/src/lib/replayBot.ts	228	rpc	request_backtest
frontend/src/lib/replayBot.ts	236	rpc	get_replay_bot_esito
frontend/src/lib/replayVerificaBarraDb.ts	56	rpc	get_replay_meta
frontend/src/lib/reportistiche.ts	140	rpc	get_direction_report
frontend/src/lib/reportistiche.ts	147	rpc	get_direction_report_matches
frontend/src/lib/reportistiche.ts	180	rpc	get_direction_report_fixture
frontend/src/lib/safeBot.ts	369	rpc	get_safe_aggregates
frontend/src/lib/safeBot.ts	1147	rpc	safe_activate
frontend/src/lib/safeBot.ts	1155	rpc	safe_stop
frontend/src/lib/safeBot.ts	1161	rpc	safe_update_params
frontend/src/lib/safeBot.ts	1177	rpc	get_safe_state
frontend/src/lib/safeBot.ts	1201	rpc	get_safe_activity
frontend/src/lib/safeBot.ts	1206	tabella	safe_strategy_activity
frontend/src/lib/safeBot.ts	1215	rpc	get_safe_trades
frontend/src/lib/safeBot.ts	1224	rpc	safe_request
frontend/src/lib/safeBot.ts	1394	rpc	safe_request_approve
frontend/src/lib/safeBot.ts	1418	tabella	safe_strategy_requests
frontend/src/lib/safeBot.ts	1467	tabella	safe_strategy_requests
frontend/src/lib/safeBot.ts	1486	tabella	safe_strategy_requests
frontend/src/lib/safeBot.ts	1499	realtime	.channel(
frontend/src/lib/safeBot.ts	1500	realtime	postgres_changes
frontend/src/lib/safeBot.ts	1501	realtime	postgres_changes
frontend/src/lib/safeBot.ts	1502	realtime	postgres_changes
frontend/src/lib/safeBot.ts	1504	realtime	postgres_changes
frontend/src/lib/safeBot.ts	1544	tabella	safe_strategy_opportunities
frontend/src/lib/safeBot.ts	1555	realtime	.channel(
frontend/src/lib/safeBot.ts	1557	realtime	postgres_changes
frontend/src/lib/safeBot.ts	2183	tabella	betfair_live_heartbeat
frontend/src/lib/safeBot.ts	2195	tabella	live_follow
frontend/src/lib/safeStrategyScan.ts	343	tabella	safe_strategy_scan
frontend/src/lib/safeStrategyScan.ts	350	tabella	safe_strategy_status
frontend/src/lib/safeStrategyScan.ts	365	realtime	.channel(
frontend/src/lib/safeStrategyScan.ts	367	realtime	postgres_changes
frontend/src/lib/safeStrategyScan.ts	387	realtime	.channel(
frontend/src/lib/safeStrategyScan.ts	389	realtime	postgres_changes
frontend/src/lib/scalper.ts	148	rpc	scalper_activate
frontend/src/lib/scalper.ts	160	rpc	scalper_stop
frontend/src/lib/scalper.ts	168	rpc	get_scalper_state
frontend/src/lib/scalperControlRoom.ts	140	rpc	get_scalper_control_room
frontend/src/lib/scalperControlRoom.ts	166	rpc	scalper_auto_activate
frontend/src/lib/scalperControlRoom.ts	177	rpc	scalper_auto_stop
frontend/src/lib/scalperControlRoom.ts	188	rpc	scalper_auto_update
frontend/src/lib/scalperControlRoom.ts	298	rpc	scalper_stop_sessione
frontend/src/lib/scalperControlRoom.ts	313	rpc	scalper_uscite_automatiche
frontend/src/lib/tacticalEngine.ts	60	tabella	fixture_predictions
frontend/src/lib/tennis.ts	82	rpc	get_tennis_fixtures
frontend/src/lib/tennis.ts	108	rpc	get_tennis_full_odds
frontend/src/lib/tennis.ts	123	rpc	request_tennis_refresh
frontend/src/lib/tennis.ts	129	rpc	get_tennis_refresh_request
frontend/src/lib/tennis.ts	168	rpc	get_tennis_follows
frontend/src/lib/tennis.ts	180	rpc	tennis_follow_event
frontend/src/lib/tennis.ts	198	rpc	tennis_set_follow_record
frontend/src/lib/tennis.ts	209	tabella	tennis_live_now
frontend/src/lib/tennis.ts	222	realtime	.channel(
frontend/src/lib/tennis.ts	224	realtime	postgres_changes
frontend/src/lib/tennis.ts	240	realtime	.channel(
frontend/src/lib/tennis.ts	242	realtime	postgres_changes
frontend/src/lib/tennis.ts	263	tabella	tennis_live_ladder
frontend/src/lib/tennis.ts	273	realtime	.channel(
frontend/src/lib/tennis.ts	275	realtime	postgres_changes
frontend/src/lib/tennis.ts	422	rpc	request_tennis_live_order
frontend/src/lib/tennis.ts	437	rpc	get_tennis_live_order
frontend/src/lib/tennis.ts	483	rpc	request_tennis_live_order
frontend/src/lib/tennis.ts	498	rpc	get_tennis_live_order
frontend/src/lib/tennis.ts	506	rpc	get_tennis_live_orders
frontend/src/lib/tennis.ts	517	rpc	get_tennis_live_positions
frontend/src/lib/tennis.ts	539	realtime	.channel(
frontend/src/lib/tennis.ts	541	realtime	postgres_changes
frontend/src/lib/tennis.ts	555	realtime	.channel(
frontend/src/lib/tennis.ts	557	realtime	postgres_changes
frontend/src/lib/tennis.ts	571	rpc	get_tennis_live_positions_all
frontend/src/lib/tennis.ts	837	rpc	get_tennis_bots_state
frontend/src/lib/tennis.ts	851	realtime	.channel(
frontend/src/lib/tennis.ts	853	realtime	postgres_changes
frontend/src/lib/tennis.ts	858	realtime	postgres_changes
frontend/src/lib/tennis.ts	876	rpc	tennis_bot_arm
frontend/src/lib/tennis.ts	889	rpc	tennis_bot_disarm
frontend/src/lib/tennis.ts	966	rpc	tennis_bot_service_set_uscite
frontend/src/lib/tennis.ts	981	rpc	get_tennis_bot_services
frontend/src/lib/tennis.ts	997	rpc	tennis_bot_service_activate
frontend/src/lib/tennis.ts	1008	rpc	tennis_bot_service_stop
frontend/src/lib/tennis.ts	1022	rpc	tennis_bot_service_update_params
frontend/src/lib/tennis.ts	1080	rpc	get_tennis_bot_daily
frontend/src/lib/tennis.ts	1124	rpc	get_tennis_bot_orders_today
frontend/src/lib/tennisReplay.ts	114	rpc	list_replays_tennis
frontend/src/lib/tennisReplay.ts	124	rpc	get_replay_tennis_meta
frontend/src/lib/uiShell.ts	29	localStorage	localStorage
frontend/src/lib/uiShell.ts	51	localStorage	localStorage
frontend/src/lib/useApplicaBot.ts	51	intervallo	setInterval(
frontend/src/lib/useOrdiniCanale.ts	27	canale_locale	sport
frontend/src/lib/usePosizioniCanale.ts	33	canale_locale	sport
frontend/src/lib/watchlist.ts	110	rpc	add_to_watchlist
frontend/src/lib/watchlist.ts	117	rpc	get_watchlist
frontend/src/lib/watchlist.ts	126	rpc	delete_from_watchlist
frontend/src/lib/watchlist.ts	134	rpc	set_watchlist_follow_live
frontend/src/lib/watchlist.ts	144	rpc	set_watchlist_decision
frontend/src/pages/Board.tsx	80	intervallo	setInterval(
frontend/src/pages/Board.tsx	85	canale_locale	sport
frontend/src/pages/Dashboard.tsx	50	tabella	fixture_predictions
frontend/src/pages/LivePnl.tsx	238	intervallo	setInterval(
frontend/src/pages/LivePnl.tsx	261	intervallo	setInterval(
frontend/src/pages/LivePnl.tsx	274	intervallo	setInterval(
frontend/src/pages/MarketWatch.tsx	180	intervallo	setInterval(
frontend/src/pages/MarketWatch.tsx	206	canale_locale	calcio
frontend/src/pages/MarketWatch.tsx	226	intervallo	setInterval(
frontend/src/pages/MarketWatch.tsx	287	intervallo	setInterval(
frontend/src/pages/MarketWatch.tsx	311	canale_locale	tennis
frontend/src/pages/MarketWatch.tsx	327	intervallo	setInterval(
frontend/src/pages/MatchReplay.tsx	749	intervallo	setInterval(
frontend/src/pages/Mike.tsx	95	intervallo	setInterval(
frontend/src/pages/Mike.tsx	102	intervallo	setInterval(
frontend/src/pages/Omega.tsx	233	canale_locale	omega
frontend/src/pages/Omega.tsx	274	intervallo	setInterval(
frontend/src/pages/Omega.tsx	292	intervallo	setInterval(
frontend/src/pages/Omega.tsx	301	intervallo	setInterval(
frontend/src/pages/SafeStrategy.tsx	138	intervallo	setInterval(
frontend/src/pages/SafeStrategy.tsx	190	intervallo	setInterval(
frontend/src/pages/SafeStrategy.tsx	607	intervallo	setInterval(
frontend/src/pages/SeguiLive.tsx	101	localStorage	localStorage
frontend/src/pages/SeguiLive.tsx	226	intervallo	setInterval(
frontend/src/pages/SeguiLive.tsx	283	intervallo	setInterval(
frontend/src/pages/SeguiLive.tsx	292	localStorage	localStorage
frontend/src/pages/SeguiLive.tsx	299	intervallo	setInterval(
frontend/src/pages/SeguiLive.tsx	888	intervallo	setInterval(
frontend/src/pages/SeguiLive.tsx	1012	intervallo	setInterval(
frontend/src/pages/StoricoSport.tsx	76	intervallo	setInterval(
frontend/src/pages/TennisReplay.tsx	455	intervallo	setInterval(
frontend/src/pages/TennisTerminal.tsx	96	intervallo	setInterval(
