path	componenti	riga_App.tsx
*	NotFound	296
/storico/tennis	ProtectedRoute,StoricoTennis	289
/storico/calcio	ProtectedRoute,StoricoCalcio	281
/control-room	ProtectedRoute,ControlRoom	270
/mike	ProtectedRoute,Mike	262
/safe-strategy	ProtectedRoute,SafeStrategy	254
/omega	ProtectedRoute,Omega	246
/tennis/replay	ProtectedRoute,TennisReplay	238
/match-replay	ProtectedRoute,MatchReplay	230
/ladder-popout	ProtectedRoute,LadderPopout	222
/multi-ladder	ProtectedRoute,MultiLadder	214
/trade-journal	ProtectedRoute,TradeJournal	206
/live-pnl	ProtectedRoute,LivePnl	198
/market-watch	ProtectedRoute,MarketWatch	190
/board	ProtectedRoute,Board	182
/segui-live	ProtectedRoute,SeguiLive	173
/report-personale	ProtectedRoute,ReportPersonale	165
/watchlist	ProtectedRoute,Watchlist	157
/analytics	ProtectedRoute,Analytics	149
/tennis/terminal	ProtectedRoute,TennisTerminal	141
/tennis	ProtectedRoute,TennisDashboard	133
/dashboard	ProtectedRoute,Dashboard	125
/select-sport	ProtectedRoute,SelectSport	117
/reset-password	ResetPassword	115
/check-email	CheckEmail	114
/	LandingPage	113
*	NotFound	91
/ladder-popout	ProtectedRoute,LadderPopout	84
/select-sport	SelectSport	81
/match-replay	MatchReplay	80
/analytics	Analytics	79
/watchlist	Watchlist	78
/report-personale	ReportPersonale	77
/trade-journal	TradeJournal	76
/tennis/replay	TennisReplay	75
/tennis/terminal	TennisTerminal	74
/tennis	TennisDashboard	73
/storico/tennis	StoricoTennis	72
/storico/calcio	StoricoCalcio	71
/live-pnl	LivePnl	70
/market-watch	MarketWatch	69
/multi-ladder	MultiLadder	68
/segui-live	SeguiLive	67
/mike	Mike	66
/safe-strategy	SafeStrategy	65
/omega	Omega	64
/dashboard	Dashboard	63
/control-room	ControlRoom	62
/board	Board	61
/reset-password	ResetPassword	53
/check-email	CheckEmail	52
/	LandingPage	51
