file	categoria	libreria	riga_prima_importazione
ARCHITETTURA_2026-10/strumenti/sessione_sdk.py	py_script_audit	claude_agent_sdk	36
AUDIT_2026-09-25/e2e_fase2/ascolto_canali.py	py_script_audit	websockets	15
AUDIT_2026-09-25/e2e_fase2/ascolto_leggero.py	py_script_audit	websockets	12
AUDIT_2026-09-25/e2e_fase2/ascolto_scanner.py	py_script_audit	websockets	9
AUDIT_2026-09-25/e2e_fase2/sonda_automode_ascolto.py	py_script_audit	websockets	28
AUDIT_2026-09-25/e2e_fase2/sonda_fase3_canali.py	py_script_audit	websockets	7
AUDIT_2026-09-25/e2e_fase2/sonda_feed_atlante_71_monitor.py	py_script_audit	websockets	49
AUDIT_2026-09-25/e2e_fase2/sonda_feed_atlante_791_feed.py	py_script_audit	websockets	62
AUDIT_2026-09-25/e2e_fase2/sonda_feed_atlante_793_ricalcolo.py	py_script_audit	numpy	28
AUDIT_2026-09-25/e2e_fase2/sonda_libro_a.py	py_script_audit	betfairlightweight	18
AUDIT_2026-09-25/e2e_fase2/sonda_ordini_ascolto.py	py_script_audit	websockets	13
AUDIT_2026-09-25/e2e_fase2_z0/lettore_canali.py	py_script_audit	websockets	10
AUDIT_2026-09-25/e2e_fase2_z0/semantica_A.py	py_script_audit	betfairlightweight	18
AUDIT_2026-09-25/e2e_fase3_sessB/verifica_direzione.py	py_script_audit	requests	16
AUDIT_2026-09-25/e2e_fase3_sessB/verifica_modelli.py	py_script_audit	numpy	21
AUDIT_2026-09-25/e2e_fase3_sessB/verifica_modelli.py	py_script_audit	requests	22
AUDIT_2026-09-25/e2e_fase3_sessB/verifica_modelli.py	py_script_audit	today_predictions_backfill	55
AUDIT_2026-09-25/prova_preflight_atlante.py	py_script_audit	yaml	16
AUDIT_2026-09-25/sonde/costo_v4_collegato.py	py_script_audit	numpy	23
AUDIT_2026-09-25/sonde/d5_copertura_sola_lettura.py	py_script_audit	dotenv	7
AUDIT_2026-09-25/sonde/d5_copertura_sola_lettura.py	py_script_audit	supabase	10
AUDIT_2026-09-25/sonde/d5_forma_quote_sola_lettura.py	py_script_audit	dotenv	7
AUDIT_2026-09-25/sonde/d5_forma_quote_sola_lettura.py	py_script_audit	supabase	10
AUDIT_2026-09-25/sonde/d5_misura_super_favorito.py	py_script_audit	dotenv	105
AUDIT_2026-09-25/sonde/d5_misura_super_favorito.py	py_script_audit	supabase	108
AUDIT_2026-09-25/sonde/d5_round_finali_sola_lettura.py	py_script_audit	dotenv	7
AUDIT_2026-09-25/sonde/d5_round_finali_sola_lettura.py	py_script_audit	supabase	10
AUDIT_2026-09-25/sonde/d5_schema_sola_lettura.py	py_script_audit	dotenv	6
AUDIT_2026-09-25/sonde/d5_schema_sola_lettura.py	py_script_audit	supabase	9
AUDIT_2026-09-25/sonde/esempi_note_forza.py	py_script_audit	numpy	18
AUDIT_2026-09-25/sonde/p4_margine_medio_log.py	py_script_audit	supabase	14
AUDIT_2026-09-25/sonde/p4_sonda_get.py	py_script_audit	requests	8
AUDIT_2026-09-25/validazione_hazard/per_lega.py	py_script_audit	numpy	6
AUDIT_2026-09-25/validazione_hazard/sonde/costo_modulo.py	py_script_audit	numpy	5
AUDIT_2026-09-25/validazione_hazard/sonde/diagnosi_85_90.py	py_script_audit	numpy	4
AUDIT_2026-09-25/validazione_hazard/sonde/prova_stati.py	py_script_audit	numpy	5
AUDIT_2026-09-28/genera_fixture_auto_follow.py	py_script_audit	test_frammenti_mercato_2026_09_28	17
AUDIT_2026-09-28/sonda_stream_runner.py	py_script_audit	betfairlightweight	15
AUDIT_2026-09-28/sonda_stream_runner.py	py_script_audit	flumine	17
AUDIT_2026-09-30/app_tabellone/sonda_board_canale.py	py_script_audit	websockets	4
AUDIT_2026-09-30/app_tabellone/sonda_board_confronto.py	py_script_audit	betfairlightweight	8
AUDIT_2026-09-30/app_tabellone/sonda_board_confronto.py	py_script_audit	websockets	7
AUDIT_2026-09-30/app_tabellone/sonda_board_flumine.py	py_script_audit	betfairlightweight	9
AUDIT_2026-09-30/app_tabellone/sonda_board_flumine.py	py_script_audit	flumine	8
AUDIT_2026-09-30/app_tabellone/sonda_board_rest.py	py_script_audit	betfairlightweight	5
AUDIT_2026-09-30/sonda_arretrati_prova.py	py_script_audit	dotenv	11
AUDIT_2026-10-01/REDESIGN/confronto2/strumenti/affianca.py	py_script_audit	PIL	6
AUDIT_2026-10-01/REDESIGN/confronto2/strumenti/confronta_png.py	py_script_audit	PIL	4
AUDIT_2026-10-02/sonda_calcoli_runner_minimi.py	py_script_audit	flumine	6
AUDIT_2026-10-06/strumenti/mutazioni_media_under_giro3.py	py_script_audit	mutazioni_media_under	23
AUDIT_2026-10-06/strumenti/mutazioni_media_under_giro4.py	py_script_audit	mutazioni_media_under	24
AUDIT_2026-10-07/conformita_calcio/strumenti/diag_safe3.py	py_script_audit	flumine	65
Ai Engine/ai_engine/analysis/advanced.py	py_codice_cartelle_radice	boruta	77
Ai Engine/ai_engine/analysis/advanced.py	py_codice_cartelle_radice	numpy	3
Ai Engine/ai_engine/analysis/advanced.py	py_codice_cartelle_radice	pandas	4
Ai Engine/ai_engine/analysis/advanced.py	py_codice_cartelle_radice	sklearn	70
Ai Engine/ai_engine/analysis/summary.py	py_codice_cartelle_radice	pandas	6
Ai Engine/ai_engine/analysis/tools.py	py_codice_cartelle_radice	numpy	5
Ai Engine/ai_engine/analysis/tools.py	py_codice_cartelle_radice	pandas	6
Ai Engine/ai_engine/analysis/tools.py	py_codice_cartelle_radice	sklearn	7
Ai Engine/ai_engine/audit_nulls.py	py_codice_cartelle_radice	pandas	7
Ai Engine/ai_engine/backtest.py	py_codice_cartelle_radice	numpy	17
Ai Engine/ai_engine/backtest.py	py_codice_cartelle_radice	pandas	18
Ai Engine/ai_engine/backtest.py	py_codice_cartelle_radice	sklearn	19
Ai Engine/ai_engine/coverage.py	py_codice_cartelle_radice	pandas	5
Ai Engine/ai_engine/elo_ratings.py	py_codice_cartelle_radice	pandas	15
Ai Engine/ai_engine/ensemble_trainer.py	py_codice_cartelle_radice	imblearn	55
Ai Engine/ai_engine/ensemble_trainer.py	py_codice_cartelle_radice	keras	896
Ai Engine/ai_engine/ensemble_trainer.py	py_codice_cartelle_radice	lightgbm	41
Ai Engine/ai_engine/ensemble_trainer.py	py_codice_cartelle_radice	numpy	23
Ai Engine/ai_engine/ensemble_trainer.py	py_codice_cartelle_radice	optuna	171
Ai Engine/ai_engine/ensemble_trainer.py	py_codice_cartelle_radice	pandas	24
Ai Engine/ai_engine/ensemble_trainer.py	py_codice_cartelle_radice	scipy	717
Ai Engine/ai_engine/ensemble_trainer.py	py_codice_cartelle_radice	sklearn	25
Ai Engine/ai_engine/ensemble_trainer.py	py_codice_cartelle_radice	tensorflow	48
Ai Engine/ai_engine/ensemble_trainer.py	py_codice_cartelle_radice	xgboost	34
Ai Engine/ai_engine/evaluate_holdout.py	py_codice_cartelle_radice	numpy	13
Ai Engine/ai_engine/evaluate_holdout.py	py_codice_cartelle_radice	pandas	14
Ai Engine/ai_engine/evaluate_holdout.py	py_codice_cartelle_radice	sklearn	15
Ai Engine/ai_engine/feature_pipeline.py	py_codice_cartelle_radice	pandas	7
Ai Engine/ai_engine/generate_fixture_report.py	py_codice_cartelle_radice	pandas	16
Ai Engine/ai_engine/metrics/balance.py	py_codice_cartelle_radice	numpy	3
Ai Engine/ai_engine/model_suite.py	py_codice_cartelle_radice	numpy	6
Ai Engine/ai_engine/model_suite.py	py_codice_cartelle_radice	pandas	7
Ai Engine/ai_engine/model_suite.py	py_codice_cartelle_radice	sklearn	10
Ai Engine/ai_engine/models/trainer.py	py_codice_cartelle_radice	numpy	5
Ai Engine/ai_engine/models/trainer.py	py_codice_cartelle_radice	pandas	6
Ai Engine/ai_engine/models/trainer.py	py_codice_cartelle_radice	sklearn	7
Ai Engine/ai_engine/models/voting.py	py_codice_cartelle_radice	numpy	6
Ai Engine/ai_engine/predict_fixture.py	py_codice_cartelle_radice	numpy	40
Ai Engine/ai_engine/predict_fixture.py	py_codice_cartelle_radice	pandas	41
Ai Engine/ai_engine/preprocessing/dataset.py	py_codice_cartelle_radice	imblearn	11
Ai Engine/ai_engine/preprocessing/dataset.py	py_codice_cartelle_radice	numpy	5
Ai Engine/ai_engine/preprocessing/dataset.py	py_codice_cartelle_radice	pandas	6
Ai Engine/ai_engine/preprocessing/dataset.py	py_codice_cartelle_radice	sklearn	7
Ai Engine/ai_engine/preprocessing/selection.py	py_codice_cartelle_radice	numpy	9
Ai Engine/ai_engine/preprocessing/selection.py	py_codice_cartelle_radice	pandas	10
Ai Engine/ai_engine/preprocessing/selection.py	py_codice_cartelle_radice	sklearn	11
Ai Engine/ai_engine/preprocessing/statistics.py	py_codice_cartelle_radice	pandas	5
Ai Engine/ai_engine/preprocessing/temporal_split.py	py_codice_cartelle_radice	numpy	12
Ai Engine/ai_engine/preprocessing/temporal_split.py	py_codice_cartelle_radice	pandas	13
Ai Engine/ai_engine/report.py	py_codice_cartelle_radice	pandas	6
Ai Engine/ai_engine/seriea_model_export.py	py_codice_cartelle_radice	numpy	21
Ai Engine/ai_engine/seriea_model_export.py	py_codice_cartelle_radice	pandas	22
Ai Engine/ai_engine/targets.py	py_codice_cartelle_radice	pandas	5
Ai Engine/ai_engine/test_dataset_fixed.py	py_test	pandas	2
Ai Engine/ai_engine/tests/test_core.py	py_test	numpy	7
Ai Engine/ai_engine/tests/test_core.py	py_test	pandas	8
Ai Engine/ai_engine/tests/test_core.py	py_test	pytest	9
Ai Engine/ai_engine/tests/test_db_adapter_letture_2026_09_21.py	py_test	postgrest	47
Ai Engine/ai_engine/tests/test_db_adapter_letture_2026_09_21.py	py_test	pytest	30
Ai Engine/ai_engine/tests/test_standings_fanout.py	py_test	numpy	19
Ai Engine/ai_engine/tests/test_standings_fanout.py	py_test	pandas	20
Ai Engine/ai_engine/tests/test_standings_fanout.py	py_test	pytest	21
Ai Engine/ai_engine/tests/test_standings_fanout.py	py_test	sklearn	365
Ai Engine/ai_engine/training_dataset.py	py_codice_cartelle_radice	pandas	5
Ai Engine/ai_engine/validation.py	py_codice_cartelle_radice	pandas	5
Ai Engine/backtest_ml.py	py_codice_cartelle_radice	numpy	24
Ai Engine/backtest_ml.py	py_codice_cartelle_radice	pandas	25
Betfair/betfair_match.py	py_codice_Betfair	thefuzz	38
Betfair/betfair_report_manager.py	py_codice_Betfair	gspread	2
Betfair/betfair_report_manager.py	py_codice_Betfair	pytz	10
Betfair/betfair_report_manager.py	py_codice_Betfair	thefuzz	11
Betfair/cleanup_reset.py	py_codice_Betfair	gspread	8
Betfair/client.py	py_codice_Betfair	requests	10
Betfair/conftest.py	py_test	dotenv	200
Betfair/conftest.py	py_test	flumine	67
Betfair/conftest.py	py_test	pytest	16
Betfair/mike/service.py	py_codice_Betfair	websockets	6814
Betfair/mike/tests/conftest.py	py_test	pytest	17
Betfair/mike/tests/test_mike_aperture_ferme_d1quater_2026_09_29.py	py_test	pytest	24
Betfair/mike/tests/test_mike_audit_2026_09_11.py	py_test	pytest	15
Betfair/mike/tests/test_mike_audit_2026_09_12.py	py_test	pytest	13
Betfair/mike/tests/test_mike_avvio_app_2026_09_16.py	py_test	pytest	14
Betfair/mike/tests/test_mike_banco_e2_2026_09_30.py	py_test	pytest	27
Betfair/mike/tests/test_mike_banco_ondata2_2026_09_30.py	py_test	pytest	33
Betfair/mike/tests/test_mike_canale_f3_2026_09_18.py	py_test	pytest	19
Betfair/mike/tests/test_mike_canale_locale_2026_09_14.py	py_test	pytest	18
Betfair/mike/tests/test_mike_certificazione_2026_09_13.py	py_test	pytest	13
Betfair/mike/tests/test_mike_certificazione_ui_2026_09_11.py	py_test	pytest	26
Betfair/mike/tests/test_mike_chiave_approvazione_b17_2026_09_25.py	py_test	pytest	18
Betfair/mike/tests/test_mike_chiudi_per_bot_2026_09_24.py	py_test	pytest	25
Betfair/mike/tests/test_mike_chiusura_copertura_2026_10_01.py	py_test	pytest	35
Betfair/mike/tests/test_mike_chiusura_integrata_2026_10_02.py	py_test	pytest	26
Betfair/mike/tests/test_mike_conto_dal_canale_2026_09_30.py	py_test	betfairlightweight	88
Betfair/mike/tests/test_mike_conto_dal_canale_2026_09_30.py	py_test	flumine	348
Betfair/mike/tests/test_mike_conto_dal_canale_2026_09_30.py	py_test	pytest	30
Betfair/mike/tests/test_mike_conto_e_sovracopertura_2026_09_16.py	py_test	pytest	37
Betfair/mike/tests/test_mike_contratto_db_2026_09_14.py	py_test	pytest	32
Betfair/mike/tests/test_mike_contratto_ordini_2026_09_15.py	py_test	pytest	27
Betfair/mike/tests/test_mike_copertura_canale_2026_09_23.py	py_test	pytest	24
Betfair/mike/tests/test_mike_d1_aggregati_per_modalita_2026_09_28.py	py_test	pytest	19
Betfair/mike/tests/test_mike_d1_paper_sul_runner_2026_09_29.py	py_test	pytest	22
Betfair/mike/tests/test_mike_d1_regolazione_al_riavvio_2026_09_28.py	py_test	pytest	19
Betfair/mike/tests/test_mike_d1_riserva_orfana_2026_09_28.py	py_test	httpx	30
Betfair/mike/tests/test_mike_d1_riserva_orfana_2026_09_28.py	py_test	pytest	31
Betfair/mike/tests/test_mike_d1bis_freno_coperture_runner_2026_09_28.py	py_test	pytest	25
Betfair/mike/tests/test_mike_d1ter_esito_ignoto_runner_2026_09_28.py	py_test	pytest	24
Betfair/mike/tests/test_mike_d1ter_submin_fok_parita_2026_09_28.py	py_test	pytest	26
Betfair/mike/tests/test_mike_dossier.py	py_test	pytest	4
Betfair/mike/tests/test_mike_engine.py	py_test	pytest	7
Betfair/mike/tests/test_mike_engine_cert_2026_09_12.py	py_test	pytest	11
Betfair/mike/tests/test_mike_esito_e_riconciliazione_2026_09_15.py	py_test	pytest	40
Betfair/mike/tests/test_mike_feed_stantio_loop_2026_10_02.py	py_test	pytest	28
Betfair/mike/tests/test_mike_flusso_fischio_2026_09_13.py	py_test	pytest	34
Betfair/mike/tests/test_mike_freno_copertura_2026_09_17.py	py_test	pytest	35
Betfair/mike/tests/test_mike_kill_switch_resting_o1_2026_09_24.py	py_test	pytest	16
Betfair/mike/tests/test_mike_ko_green_3_minuti_2026_09_30.py	py_test	pytest	38
Betfair/mike/tests/test_mike_ko_green_appoggiata_2026_09_16.py	py_test	pytest	30
Betfair/mike/tests/test_mike_legge_canale_2026_09_23.py	py_test	pytest	26
Betfair/mike/tests/test_mike_loop_chiusure_2026_09_15.py	py_test	pytest	45
Betfair/mike/tests/test_mike_loop_taker_2026_09_16.py	py_test	pytest	43
Betfair/mike/tests/test_mike_mercato_sospeso_2026_09_15.py	py_test	pytest	35
Betfair/mike/tests/test_mike_ondata2_2026_09_30.py	py_test	pytest	25
Betfair/mike/tests/test_mike_p1_cancello_uscite_2026_09_29.py	py_test	pytest	27
Betfair/mike/tests/test_mike_p2_prepartita_2026_09_29.py	py_test	pytest	27
Betfair/mike/tests/test_mike_p2bis_2026_09_29.py	py_test	pytest	17
Betfair/mike/tests/test_mike_p3_rientro_2026_09_29.py	py_test	pytest	13
Betfair/mike/tests/test_mike_p4_blocco4_2026_09_29.py	py_test	pytest	14
Betfair/mike/tests/test_mike_p4_conti_dati_2026_09_29.py	py_test	pytest	21
Betfair/mike/tests/test_mike_p4_dati_assenti_2026_09_29.py	py_test	pytest	18
Betfair/mike/tests/test_mike_p4_ordini_2026_09_29.py	py_test	pytest	25
Betfair/mike/tests/test_mike_p5_4b_2026_09_29.py	py_test	pytest	18
Betfair/mike/tests/test_mike_p5_compensazione_mercato_2026_09_29.py	py_test	pytest	21
Betfair/mike/tests/test_mike_p5_copertura_banca_2026_09_29.py	py_test	pytest	19
Betfair/mike/tests/test_mike_p5_gemelli_banca_2026_09_29.py	py_test	pytest	11
Betfair/mike/tests/test_mike_paper_fill_al_best_2026_09_26.py	py_test	pytest	21
Betfair/mike/tests/test_mike_paper_vs_live_2026_09_13.py	py_test	pytest	22
Betfair/mike/tests/test_mike_pnl_reale_del_conto_2026_09_30.py	py_test	pytest	42
Betfair/mike/tests/test_mike_punte_multiplo_050_2026_10_04.py	py_test	pytest	33
Betfair/mike/tests/test_mike_regolamento_centesimi_2026_09_30.py	py_test	flumine	87
Betfair/mike/tests/test_mike_regolamento_centesimi_2026_09_30.py	py_test	pytest	21
Betfair/mike/tests/test_mike_respiro_db_2026_09_13.py	py_test	pytest	29
Betfair/mike/tests/test_mike_respiro_scritture_2026_09_13.py	py_test	pytest	44
Betfair/mike/tests/test_mike_resting_live_2026_09_14.py	py_test	pytest	26
Betfair/mike/tests/test_mike_review_2026_09_11.py	py_test	pytest	11
Betfair/mike/tests/test_mike_riga_assente_e_arresto_2026_10_02.py	py_test	pytest	27
Betfair/mike/tests/test_mike_service.py	py_test	pytest	9
Betfair/mike/tests/test_mike_ultimo_ingresso_2026_09_30.py	py_test	pytest	27
Betfair/mike/tests/test_mike_uscite_automatiche_2026_09_25.py	py_test	pytest	35
Betfair/mike/tests/test_mike_uscite_manuali_al_riavvio_2026_09_28.py	py_test	pytest	11
Betfair/mike/tests/test_mike_veto_p_under35_2026_09_25.py	py_test	pytest	23
Betfair/mike/tools/replay_registrazioni.py	py_strumenti	betfairlightweight	1229
Betfair/mike/tools/replay_registrazioni.py	py_strumenti	flumine	486
Betfair/money_management.py	py_codice_Betfair	gspread	26
Betfair/money_management.py	py_codice_Betfair	gspread_formatting	30
Betfair/omega/conftest.py	py_test	pytest	26
Betfair/omega/omega_market.py	py_codice_Betfair	requests	508
Betfair/omega/test_gate_heartbeat_modalita_servite_2026_09_16.py	py_test	pytest	21
Betfair/omega/test_m2_pesi_2026_09_17.py	py_test	pytest	19
Betfair/omega/test_misure_m4m5m6_2026_09_17.py	py_test	pytest	19
Betfair/omega/test_omega_audit_2026_09_11.py	py_test	pytest	13
Betfair/omega/test_omega_avvio_app_2026_09_16.py	py_test	pytest	18
Betfair/omega/test_omega_cache_pura_2026_09_16.py	py_test	pytest	25
Betfair/omega/test_omega_cashout_feed_fermo_2026_09_11.py	py_test	pytest	25
Betfair/omega/test_omega_certificazione_2026_09_11.py	py_test	pytest	25
Betfair/omega/test_omega_certificazione_2026_09_12.py	py_test	pytest	13
Betfair/omega/test_omega_chaos_2026_09_11.py	py_test	pytest	15
Betfair/omega/test_omega_chiudi_per_bot_2026_09_24.py	py_test	pytest	22
Betfair/omega/test_omega_chiuso_dall_utente_2026_09_16.py	py_test	pytest	25
Betfair/omega/test_omega_consapevolezza_2026_09_16.py	py_test	pytest	32
Betfair/omega/test_omega_engine.py	py_test	pytest	6
Betfair/omega/test_omega_flumine_live.py	py_test	pytest	14
Betfair/omega/test_omega_flumine_paper.py	py_test	pytest	11
Betfair/omega/test_omega_giornata_gambe_2026_09_11.py	py_test	pytest	22
Betfair/omega/test_omega_greenup_2026_09_10.py	py_test	pytest	21
Betfair/omega/test_omega_matematica_2026_09_12.py	py_test	pytest	15
Betfair/omega/test_omega_modello_definitivo_2026_09_11.py	py_test	pytest	22
Betfair/omega/test_omega_proposte_2026_09_17.py	py_test	pytest	27
Betfair/omega/test_omega_replay_2026_09_16.py	py_test	pytest	30
Betfair/omega/test_omega_respiro_db_2026_09_13.py	py_test	pytest	37
Betfair/omega/test_omega_service.py	py_test	pytest	10
Betfair/omega/test_omega_ui_contratto_2026_09_11.py	py_test	pytest	20
Betfair/omega/test_omega_uscite_manuali_al_riavvio_2026_09_28.py	py_test	pytest	9
Betfair/omega/test_omega_v2_2026_09_09.py	py_test	pytest	18
Betfair/omega/test_omega_v3_2026_09_16.py	py_test	pytest	16
Betfair/omega/test_omega_v3_certificazione_2026_09_16.py	py_test	pytest	19
Betfair/omega/test_place_and_trim_2026_09_13.py	py_test	pytest	24
Betfair/omega/tests/test_annullo_abbinato_ignoto_2026_09_23.py	py_test	pytest	18
Betfair/omega/tests/test_cantiere_c_parita_paper_live_2026_09_28.py	py_test	httpx	34
Betfair/omega/tests/test_cantiere_c_parita_paper_live_2026_09_28.py	py_test	postgrest	570
Betfair/omega/tests/test_cantiere_c_parita_paper_live_2026_09_28.py	py_test	pytest	35
Betfair/omega/tests/test_coordinatore_aggregati_modalita_2026_09_28.py	py_test	pytest	19
Betfair/omega/tests/test_esiti_ordini_canale_2026_09_23.py	py_test	pytest	27
Betfair/omega/tests/test_esiti_ordini_canale_2026_09_23.py	py_test	websockets	218
Betfair/omega/tests/test_ingresso_passivo_2026_09_17.py	py_test	flumine	143
Betfair/omega/tests/test_ingresso_passivo_2026_09_17.py	py_test	pytest	29
Betfair/omega/tests/test_o1_quote_prima_2026_09_25.py	py_test	pytest	25
Betfair/omega/tests/test_o5_rossi_v3_2026_09_25.py	py_test	pytest	38
Betfair/omega/tests/test_omega_canale_f3_2026_09_18.py	py_test	pytest	14
Betfair/omega/tests/test_omega_client_scan_condiviso_2026_09_24.py	py_test	pytest	38
Betfair/omega/tests/test_omega_freno_non_consuma_tentativi_2026_09_26.py	py_test	pytest	23
Betfair/omega/tests/test_omega_kill_switch_rest_o1_2026_09_24.py	py_test	pytest	17
Betfair/omega/tests/test_omega_legge_canale_2026_09_23.py	py_test	pytest	36
Betfair/omega/tests/test_omega_soldi_veri_catena_2026_10_04.py	py_test	pytest	21
Betfair/omega/tests/test_omega_sveglia_posizioni_vive_2026_09_23.py	py_test	pytest	24
Betfair/omega/tests/test_omega_uscite_protezione_2026_09_24.py	py_test	pytest	33
Betfair/omega/tests/test_politica_v4_2026_09_17.py	py_test	flumine	87
Betfair/omega/tests/test_politica_v4_2026_09_17.py	py_test	pytest	29
Betfair/omega/tests/test_porta_ordini_omega_f6_2026_09_24.py	py_test	pytest	30
Betfair/omega/tests/test_punte_multiple_050_omega_2026_10_04.py	py_test	pytest	13
Betfair/omega/tests/test_quota_viva_bias_fascia_2026_09_17.py	py_test	pytest	27
Betfair/omega/tests/test_raccordo_v3_2026_09_17.py	py_test	pytest	38
Betfair/omega/tests/test_ref_strategia_per_attore_r1_2026_09_24.py	py_test	pytest	16
Betfair/omega/tests/test_riconciliazione_tradotti_omega_2026_10_02.py	py_test	pytest	23
Betfair/omega/tests/test_riserva_errore_non_duplicato_2026_09_23.py	py_test	postgrest	20
Betfair/omega/tests/test_stop_perdita_stats_2026_09_30.py	py_test	pytest	15
Betfair/omega/tests/test_v3_any_other_2026_10_07.py	py_test	pytest	37
Betfair/omega/tests/test_v3_any_other_2026_10_07.py	py_test	scipy	38
Betfair/omega/tools/banco_modelli.py	py_strumenti	scipy	282
Betfair/omega/tools/falsifica_canale_scan_2026_09_23.py	py_strumenti	pytest	92
Betfair/omega/tools/m2_pesi.py	py_strumenti	scipy	773
Betfair/omega/tools/misura_ingresso_passivo.py	py_strumenti	flumine	146
Betfair/omega/tools/replay_registrazioni.py	py_strumenti	flumine	1211
Betfair/safe_strategy/canale_scan.py	py_codice_Betfair	websockets	407
Betfair/safe_strategy/porta_ordini.py	py_codice_Betfair	websockets	535
Betfair/safe_strategy/proposte_opportunita.py	py_codice_Betfair	flumine	679
Betfair/safe_strategy/selezione.py	py_codice_Betfair	thefuzz	380
Betfair/safe_strategy/service.py	py_codice_Betfair	betfairlightweight	633
Betfair/safe_strategy/stream.py	py_codice_Betfair	betfairlightweight	149
Betfair/safe_strategy/tests/conftest.py	py_test	pytest	17
Betfair/safe_strategy/tests/test_anomaly.py	py_test	pytest	4
Betfair/safe_strategy/tests/test_arresto_bot_safe_omega_2026_10_02.py	py_test	pytest	19
Betfair/safe_strategy/tests/test_atlante_collegato_2026_09_24.py	py_test	pytest	30
Betfair/safe_strategy/tests/test_audit_2026_09_11.py	py_test	pytest	11
Betfair/safe_strategy/tests/test_avvio_app_2026_09_16.py	py_test	pytest	19
Betfair/safe_strategy/tests/test_b25_lascia_e_avvisa_2026_09_24.py	py_test	pytest	35
Betfair/safe_strategy/tests/test_b25_pulsanti_gamba_manuale_2026_09_24.py	py_test	pytest	29
Betfair/safe_strategy/tests/test_backtest_opportunity.py	py_test	pytest	9
Betfair/safe_strategy/tests/test_base_secondo_tempo_2026_10_07.py	py_test	pytest	18
Betfair/safe_strategy/tests/test_bot_mai_ciechi_2026_10_01.py	py_test	pytest	24
Betfair/safe_strategy/tests/test_bot_service.py	py_test	pytest	10
Betfair/safe_strategy/tests/test_calibration.py	py_test	pytest	7
Betfair/safe_strategy/tests/test_canale_scan_f4_2026_09_18.py	py_test	pytest	28
Betfair/safe_strategy/tests/test_canale_scanner_al_ms_2026_09_18.py	py_test	betfairlightweight	45
Betfair/safe_strategy/tests/test_canale_scanner_al_ms_2026_09_18.py	py_test	pytest	43
Betfair/safe_strategy/tests/test_canale_scanner_al_ms_2026_09_18.py	py_test	websockets	613
Betfair/safe_strategy/tests/test_cashout_event_ids_b17_2026_09_25.py	py_test	pytest	13
Betfair/safe_strategy/tests/test_cert_2026_09_13.py	py_test	pytest	15
Betfair/safe_strategy/tests/test_cert_safe_2026_09_11.py	py_test	pytest	18
Betfair/safe_strategy/tests/test_certificazione_c3_2026_09_16.py	py_test	pytest	24
Betfair/safe_strategy/tests/test_chiudi_per_bot_2026_09_24.py	py_test	pytest	22
Betfair/safe_strategy/tests/test_chiusura_dell_utente_2026_09_16.py	py_test	pytest	25
Betfair/safe_strategy/tests/test_combos.py	py_test	pytest	4
Betfair/safe_strategy/tests/test_d1_enqueue_ignoto_paper_live_2026_09_28.py	py_test	httpx	22
Betfair/safe_strategy/tests/test_d1_enqueue_ignoto_paper_live_2026_09_28.py	py_test	pytest	23
Betfair/safe_strategy/tests/test_d1_proposte_uscita_2026_09_28.py	py_test	pytest	25
Betfair/safe_strategy/tests/test_d1_regolazione_al_riavvio_2026_09_28.py	py_test	pytest	24
Betfair/safe_strategy/tests/test_d1_rischio_per_modalita_2026_09_28.py	py_test	pytest	16
Betfair/safe_strategy/tests/test_engine.py	py_test	pytest	19
Betfair/safe_strategy/tests/test_esatto_secondo_tempo_2026_10_07.py	py_test	pytest	26
Betfair/safe_strategy/tests/test_esecuzione_a_mercato_d7_2026_09_25.py	py_test	pytest	27
Betfair/safe_strategy/tests/test_execution.py	py_test	pytest	11
Betfair/safe_strategy/tests/test_exits.py	py_test	pytest	7
Betfair/safe_strategy/tests/test_firma_stesso_motivo_2026_09_29.py	py_test	pytest	21
Betfair/safe_strategy/tests/test_flusso_interrotto_cantiere_j_2026_09_28.py	py_test	betfairlightweight	26
Betfair/safe_strategy/tests/test_flusso_interrotto_cantiere_j_2026_09_28.py	py_test	pytest	25
Betfair/safe_strategy/tests/test_flusso_interrotto_cantiere_j_bis_2026_09_28.py	py_test	pytest	25
Betfair/safe_strategy/tests/test_flusso_su_master_cantiere_j2_2026_09_28.py	py_test	pytest	24
Betfair/safe_strategy/tests/test_giro_veloce_c6a_2026_09_23.py	py_test	pytest	29
Betfair/safe_strategy/tests/test_incidente_quote_2026_09_17.py	py_test	betfairlightweight	35
Betfair/safe_strategy/tests/test_incidente_quote_2026_09_17.py	py_test	pytest	33
Betfair/safe_strategy/tests/test_modalita_model_manual_2026_09_24.py	py_test	pytest	45
Betfair/safe_strategy/tests/test_opportunity.py	py_test	pytest	9
Betfair/safe_strategy/tests/test_p_blocco3_2026_09_28.py	py_test	pytest	25
Betfair/safe_strategy/tests/test_p_nessun_fill_di_casa_2026_09_28.py	py_test	pytest	34
Betfair/safe_strategy/tests/test_paper_fill_al_best_2026_09_26.py	py_test	pytest	23
Betfair/safe_strategy/tests/test_pnl_netto_commissione_2026_09_30.py	py_test	pytest	32
Betfair/safe_strategy/tests/test_porta_ordini_f5_2026_09_24.py	py_test	pytest	40
Betfair/safe_strategy/tests/test_pressure.py	py_test	pytest	4
Betfair/safe_strategy/tests/test_prezzo_fuori_tolleranza_2026_09_18.py	py_test	pytest	20
Betfair/safe_strategy/tests/test_prezzo_segnale_b17_2026_09_25.py	py_test	pytest	26
Betfair/safe_strategy/tests/test_punte_multiple_050_2026_10_04.py	py_test	pytest	20
Betfair/safe_strategy/tests/test_reperto1_adozione_canale_safe_2026_10_02.py	py_test	pytest	24
Betfair/safe_strategy/tests/test_replay_tennis_2026_09_16.py	py_test	pytest	24
Betfair/safe_strategy/tests/test_resilienza_rete_fix_c_2026_09_26.py	py_test	betfairlightweight	38
Betfair/safe_strategy/tests/test_resilienza_rete_fix_c_2026_09_26.py	py_test	pytest	36
Betfair/safe_strategy/tests/test_resilienza_rete_fix_c_2026_09_26.py	py_test	requests	37
Betfair/safe_strategy/tests/test_resilienza_rete_fix_c_insieme_2026_09_26.py	py_test	betfairlightweight	24
Betfair/safe_strategy/tests/test_resilienza_rete_fix_c_insieme_2026_09_26.py	py_test	pytest	22
Betfair/safe_strategy/tests/test_resilienza_rete_fix_c_insieme_2026_09_26.py	py_test	requests	23
Betfair/safe_strategy/tests/test_riconciliazione_tradotti_safe_2026_10_02.py	py_test	pytest	28
Betfair/safe_strategy/tests/test_safe_canale_f3_2026_09_18.py	py_test	pytest	17
Betfair/safe_strategy/tests/test_safe_d5_2026_09_25.py	py_test	pytest	34
Betfair/safe_strategy/tests/test_safe_kill_switch_rest_o1_2026_09_24.py	py_test	pytest	18
Betfair/safe_strategy/tests/test_safe_lambda_quote_prima_2026_09_25.py	py_test	pytest	20
Betfair/safe_strategy/tests/test_safe_q1_q4_q5_2026_09_25.py	py_test	pytest	21
Betfair/safe_strategy/tests/test_safe_q7_q12_2026_09_25.py	py_test	pytest	21
Betfair/safe_strategy/tests/test_scanner_mai_cieco_2026_10_02.py	py_test	postgrest	555
Betfair/safe_strategy/tests/test_scanner_mai_cieco_2026_10_02.py	py_test	pytest	28
Betfair/safe_strategy/tests/test_scanner_mike_followed_c1.py	py_test	pytest	7
Betfair/safe_strategy/tests/test_scheda_al_ms_2026_09_24.py	py_test	pytest	46
Betfair/safe_strategy/tests/test_selezione_esatto_2026_09_16.py	py_test	pytest	27
Betfair/safe_strategy/tests/test_soldi_veri_catena_2026_10_04.py	py_test	pytest	26
Betfair/safe_strategy/tests/test_soldi_veri_catena_aggancio_2026_10_04.py	py_test	pytest	29
Betfair/safe_strategy/tests/test_svuota_le_cache_d2_2026_09_24.py	py_test	pytest	22
Betfair/safe_strategy/tests/test_tennis_opportunity.py	py_test	pytest	7
Betfair/safe_strategy/tests/test_uscite_automatiche_2026_09_25.py	py_test	pytest	27
Betfair/safe_strategy/tests/test_uscite_manuali_al_riavvio_2026_09_28.py	py_test	pytest	9
Betfair/safe_strategy/tools/conta_operazioni_live.py	py_strumenti	dotenv	28
Betfair/safe_strategy/tools/replay_registrazioni.py	py_strumenti	flumine	941
Betfair/safe_strategy/tools/replay_tennis.py	py_strumenti	betfairlightweight	1437
Betfair/safe_strategy/tools/replay_tennis.py	py_strumenti	flumine	1438
Betfair/safe_strategy/tools/sonda_canale_scan_2026_09_18.py	py_strumenti	websockets	170
Betfair/safe_strategy/tools/storia_operazioni.py	py_strumenti	dotenv	25
Betfair/stream/auth.py	py_codice_Betfair	betfairlightweight	13
Betfair/stream/auth.py	py_codice_Betfair	requests	14
Betfair/stream/backtest/banco_comune.py	py_codice_Betfair	betfairlightweight	1910
Betfair/stream/backtest/banco_comune.py	py_codice_Betfair	flumine	1492
Betfair/stream/backtest/banco_comune.py	py_codice_Betfair	smart_open	1909
Betfair/stream/backtest/certifica.py	py_codice_Betfair	betfairlightweight	235
Betfair/stream/backtest/certifica.py	py_codice_Betfair	flumine	236
Betfair/stream/backtest/certifica.py	py_codice_Betfair	psutil	542
Betfair/stream/backtest/chiusura_parziale.py	py_codice_Betfair	flumine	441
Betfair/stream/backtest/minimi_banco.py	py_codice_Betfair	flumine	172
Betfair/stream/backtest/porta_banco.py	py_codice_Betfair	flumine	701
Betfair/stream/backtest/run_backtest.py	py_codice_Betfair	flumine	39
Betfair/stream/backtest/sim_strategy.py	py_codice_Betfair	flumine	34
Betfair/stream/backtest/tools/misura_punto8/comune.py	py_strumenti	numpy	24
Betfair/stream/backtest/tools/misura_punto8/test_misura_punto8.py	py_strumenti	pytest	16
Betfair/stream/backtest/trasporto_rapido.py	py_codice_Betfair	flumine	1362
Betfair/stream/board_worker.py	py_codice_Betfair	betfairlightweight	59
Betfair/stream/client_paper_affiancato.py	py_codice_Betfair	flumine	13
Betfair/stream/config_stream.py	py_codice_Betfair	dotenv	16
Betfair/stream/db.py	py_codice_Betfair	postgrest	19
Betfair/stream/engine/live_trading_strategy.py	py_codice_Betfair	flumine	33
Betfair/stream/esiti_ordini_canale.py	py_codice_Betfair	websockets	229
Betfair/stream/frammenti_mercato.py	py_codice_Betfair	flumine	72
Betfair/stream/live_order_build.py	py_codice_Betfair	flumine	39
Betfair/stream/local_channel.py	py_codice_Betfair	websockets	292
Betfair/stream/raw_listener.py	py_codice_Betfair	betfairlightweight	21
Betfair/stream/raw_listener.py	py_codice_Betfair	flumine	22
Betfair/stream/reconcile_worker.py	py_codice_Betfair	betfairlightweight	493
Betfair/stream/recorder.py	py_codice_Betfair	betfairlightweight	21
Betfair/stream/recorder.py	py_codice_Betfair	flumine	22
Betfair/stream/runner.py	py_codice_Betfair	betfairlightweight	29
Betfair/stream/runner.py	py_codice_Betfair	flumine	31
Betfair/stream/runner_lifecycle.py	py_codice_Betfair	httpx	248
Betfair/stream/runner_lifecycle.py	py_codice_Betfair	postgrest	279
Betfair/stream/runner_lifecycle.py	py_codice_Betfair	requests	242
Betfair/stream/saldo_evento.py	py_codice_Betfair	flumine	238
Betfair/stream/scalper/atlante_v4.py	py_codice_Betfair	numpy	56
Betfair/stream/scalper/certificazione.py	py_codice_Betfair	flumine	1496
Betfair/stream/scalper/habitat_scan.py	py_codice_Betfair	betfairlightweight	45
Betfair/stream/scalper/media_under_bot.py	py_codice_Betfair	flumine	86
Betfair/stream/scalper/run_scalper.py	py_codice_Betfair	flumine	20
Betfair/stream/scalper/run_scalper_live.py	py_codice_Betfair	betfairlightweight	84
Betfair/stream/scalper/run_scalper_live.py	py_codice_Betfair	flumine	206
Betfair/stream/scalper/run_theta.py	py_codice_Betfair	flumine	33
Betfair/stream/scalper/scalper_bot.py	py_codice_Betfair	flumine	55
Betfair/stream/scalper/scalper_session.py	py_codice_Betfair	betfairlightweight	1326
Betfair/stream/scalper/scalper_session.py	py_codice_Betfair	flumine	1325
Betfair/stream/scalper/sniper_bot.py	py_codice_Betfair	flumine	34
Betfair/stream/scalper/theta_bot.py	py_codice_Betfair	flumine	55
Betfair/stream/scalper/tools/replay_registrazioni.py	py_strumenti	betfairlightweight	1501
Betfair/stream/scalper/tools/replay_registrazioni.py	py_strumenti	flumine	1686
Betfair/stream/scalper/validazione_hazard/banco.py	py_codice_Betfair	lightgbm	442
Betfair/stream/scalper/validazione_hazard/banco.py	py_codice_Betfair	numpy	30
Betfair/stream/scalper/validazione_hazard/candidati.py	py_codice_Betfair	numpy	32
Betfair/stream/scalper/validazione_hazard/candidati.py	py_codice_Betfair	scipy	39
Betfair/stream/scalper/validazione_hazard/metriche.py	py_codice_Betfair	numpy	11
Betfair/stream/scalper/validazione_hazard/modello_b1.py	py_codice_Betfair	lightgbm	49
Betfair/stream/scalper/validazione_hazard/modello_b1.py	py_codice_Betfair	numpy	18
Betfair/stream/scalper/validazione_hazard/produzione.py	py_codice_Betfair	numpy	14
Betfair/stream/scalper/validazione_hazard/stati.py	py_codice_Betfair	numpy	26
Betfair/stream/scalper/validazione_hazard/taratura_b1.py	py_codice_Betfair	numpy	19
Betfair/stream/scores/betfair_inplay.py	py_codice_Betfair	betfairlightweight	16
Betfair/stream/sottoscrizione_a_caldo.py	py_codice_Betfair	betfairlightweight	67
Betfair/stream/sottoscrizione_a_caldo.py	py_codice_Betfair	flumine	52
Betfair/stream/sveglia_canale.py	py_codice_Betfair	websockets	250
Betfair/stream/tennis_live/canale_bot_tennis.py	py_codice_Betfair	websockets	107
Betfair/stream/tennis_live/certificazione_bot.py	py_codice_Betfair	flumine	871
Betfair/stream/tennis_live/guardie_tennis.py	py_codice_Betfair	flumine	57
Betfair/stream/tennis_live/iscrizione_a_caldo.py	py_codice_Betfair	flumine	263
Betfair/stream/tennis_live/mercati_registrati.py	py_codice_Betfair	betfairlightweight	45
Betfair/stream/tennis_live/paper_execution.py	py_codice_Betfair	flumine	38
Betfair/stream/tennis_live/paper_execution.py	py_codice_Betfair	requests	36
Betfair/stream/tennis_live/tennis_db.py	py_codice_Betfair	supabase	22
Betfair/stream/tennis_live/tennis_live_order_worker.py	py_codice_Betfair	flumine	224
Betfair/stream/tennis_live/tennis_recorder.py	py_codice_Betfair	betfairlightweight	43
Betfair/stream/tennis_live/tennis_recorder.py	py_codice_Betfair	flumine	44
Betfair/stream/tennis_live/tennis_runner.py	py_codice_Betfair	betfairlightweight	45
Betfair/stream/tennis_live/tennis_runner.py	py_codice_Betfair	flumine	49
Betfair/stream/tennis_live/tests/test_cantiere_d2_chiusure_esatte_2026_09_28.py	py_test	betfairlightweight	170
Betfair/stream/tennis_live/tests/test_cantiere_d2_chiusure_esatte_2026_09_28.py	py_test	flumine	48
Betfair/stream/tennis_live/tests/test_cantiere_d2_chiusure_esatte_2026_09_28.py	py_test	pytest	24
Betfair/stream/tennis_live/tests/test_cantiere_d2_chiusure_via_bot_2026_09_28.py	py_test	pytest	21
Betfair/stream/tennis_live/tests/test_cantiere_d2_minimo_e_specchio_2026_09_28.py	py_test	betfairlightweight	211
Betfair/stream/tennis_live/tests/test_cantiere_d2_minimo_e_specchio_2026_09_28.py	py_test	pytest	31
Betfair/stream/tennis_live/tests/test_cantiere_t_pro_residuo_2026_09_28.py	py_test	flumine	45
Betfair/stream/tennis_live/tests/test_cantiere_t_pro_residuo_2026_09_28.py	py_test	pytest	21
Betfair/stream/tennis_live/tests/test_cantiere_t_scalper_sequenze_2026_09_28.py	py_test	pytest	20
Betfair/stream/tennis_live/tests/test_certificazione_pro_scalper_2026_10_04.py	py_test	flumine	26
Betfair/stream/tennis_live/tests/test_certificazione_pro_scalper_2026_10_04.py	py_test	pytest	25
Betfair/stream/tennis_live/tests/test_chiudi_ora_bot_tennis_2026_09_24.py	py_test	betfairlightweight	48
Betfair/stream/tennis_live/tests/test_chiudi_ora_bot_tennis_2026_09_24.py	py_test	flumine	51
Betfair/stream/tennis_live/tests/test_chiudi_ora_bot_tennis_2026_09_24.py	py_test	pytest	49
Betfair/stream/tennis_live/tests/test_falsificazione_bot_tennis_2026_09_17.py	py_test	flumine	38
Betfair/stream/tennis_live/tests/test_falsificazione_bot_tennis_2026_09_17.py	py_test	pytest	31
Betfair/stream/tennis_live/tests/test_fine_evento_tennis_2026_09_28.py	py_test	pytest	34
Betfair/stream/tennis_live/tests/test_ladder_modo_effettivo_tennis_2026_10_04.py	py_test	pytest	18
Betfair/stream/tennis_live/tests/test_modalita_e_guardie_tennis_2026_09_24.py	py_test	betfairlightweight	31
Betfair/stream/tennis_live/tests/test_modalita_e_guardie_tennis_2026_09_24.py	py_test	flumine	34
Betfair/stream/tennis_live/tests/test_modalita_e_guardie_tennis_2026_09_24.py	py_test	pytest	32
Betfair/stream/tennis_live/tests/test_modo_effettivo_tennis_2026_10_04.py	py_test	flumine	27
Betfair/stream/tennis_live/tests/test_modo_effettivo_tennis_2026_10_04.py	py_test	pytest	26
Betfair/stream/tennis_live/tests/test_motore_ordini_tennis_2026_09_25.py	py_test	flumine	97
Betfair/stream/tennis_live/tests/test_motore_ordini_tennis_2026_09_25.py	py_test	pytest	31
Betfair/stream/tennis_live/tests/test_paper_execution_gap5.py	py_test	flumine	24
Betfair/stream/tennis_live/tests/test_paper_execution_gap5.py	py_test	pytest	22
Betfair/stream/tennis_live/tests/test_paper_live_separati_tennis_2026_10_04.py	py_test	betfairlightweight	24
Betfair/stream/tennis_live/tests/test_paper_live_separati_tennis_2026_10_04.py	py_test	flumine	25
Betfair/stream/tennis_live/tests/test_paper_live_separati_tennis_2026_10_04.py	py_test	pytest	23
Betfair/stream/tennis_live/tests/test_ponte_interruttori_2026_09_17.py	py_test	pytest	23
Betfair/stream/tennis_live/tests/test_pro_fade_dopo_break_2026_10_07.py	py_test	betfairlightweight	20
Betfair/stream/tennis_live/tests/test_pro_nome_ips_troncato_2026_10_07.py	py_test	betfairlightweight	8
Betfair/stream/tennis_live/tests/test_pro_prezzo_vivo_2026_10_07.py	py_test	betfairlightweight	16
Betfair/stream/tennis_live/tests/test_r2_tennis_paper_al_nuovo_avvio_2026_09_25.py	py_test	pytest	32
Betfair/stream/tennis_live/tests/test_rec_tutti_i_mercati_2026_10_07.py	py_test	betfairlightweight	24
Betfair/stream/tennis_live/tests/test_rec_tutti_i_mercati_2026_10_07.py	py_test	pytest	23
Betfair/stream/tennis_live/tests/test_residui_flb_swing_2026_10_04.py	py_test	pytest	17
Betfair/stream/tennis_live/tests/test_residui_ricordati_2026_10_04.py	py_test	flumine	22
Betfair/stream/tennis_live/tests/test_residui_ricordati_2026_10_04.py	py_test	pytest	21
Betfair/stream/tennis_live/tests/test_scalper_tennis_cp4_parcheggio_2026_10_07.py	py_test	flumine	30
Betfair/stream/tennis_live/tests/test_scalper_tennis_cp4_parcheggio_2026_10_07.py	py_test	pytest	29
Betfair/stream/tennis_live/tests/test_soldi_veri_bot_tennis_2026_10_04.py	py_test	betfairlightweight	77
Betfair/stream/tennis_live/tests/test_soldi_veri_bot_tennis_2026_10_04.py	py_test	pytest	26
Betfair/stream/tennis_live/tests/test_specchio_pnl_ref_2026_09_17.py	py_test	flumine	26
Betfair/stream/tennis_live/tests/test_specchio_pnl_ref_2026_09_17.py	py_test	pytest	25
Betfair/stream/tennis_live/tests/test_tennis_audit_runner.py	py_test	flumine	282
Betfair/stream/tennis_live/tests/test_tennis_audit_runner.py	py_test	pytest	20
Betfair/stream/tennis_live/tests/test_tennis_auto_mode_2026_09_25.py	py_test	betfairlightweight	749
Betfair/stream/tennis_live/tests/test_tennis_auto_mode_2026_09_25.py	py_test	pytest	20
Betfair/stream/tennis_live/tests/test_tennis_bot_canale_f3_2026_09_18.py	py_test	pytest	27
Betfair/stream/tennis_live/tests/test_tennis_bot_canale_posizioni_2026_09_24.py	py_test	pytest	34
Betfair/stream/tennis_live/tests/test_tennis_bot_params.py	py_test	betfairlightweight	13
Betfair/stream/tennis_live/tests/test_tennis_bot_service_lock.py	py_test	pytest	11
Betfair/stream/tennis_live/tests/test_tennis_cashout_amount_2026_09_10.py	py_test	pytest	12
Betfair/stream/tennis_live/tests/test_tennis_chiusura_2026_09_26.py	py_test	betfairlightweight	29
Betfair/stream/tennis_live/tests/test_tennis_chiusura_2026_09_26.py	py_test	flumine	32
Betfair/stream/tennis_live/tests/test_tennis_chiusura_2026_09_26.py	py_test	pytest	30
Betfair/stream/tennis_live/tests/test_tennis_hardening.py	py_test	betfairlightweight	19
Betfair/stream/tennis_live/tests/test_tennis_hardening.py	py_test	flumine	38
Betfair/stream/tennis_live/tests/test_tennis_hardening.py	py_test	pytest	18
Betfair/stream/tennis_live/tests/test_tennis_iscrizione_a_caldo_2026_09_25.py	py_test	betfairlightweight	27
Betfair/stream/tennis_live/tests/test_tennis_iscrizione_a_caldo_2026_09_25.py	py_test	flumine	31
Betfair/stream/tennis_live/tests/test_tennis_iscrizione_a_caldo_2026_09_25.py	py_test	pytest	28
Betfair/stream/tennis_live/tests/test_tennis_order_payload.py	py_test	pytest	3
Betfair/stream/tennis_live/tests/test_tennis_pro_superficie_runner_2026_09_25.py	py_test	betfairlightweight	23
Betfair/stream/tennis_live/tests/test_tennis_pro_superficie_runner_2026_09_25.py	py_test	pytest	22
Betfair/stream/tennis_live/tests/test_tennis_recorder.py	py_test	pytest	22
Betfair/stream/tennis_live/tests/test_tennis_single_stream_2026_09_09.py	py_test	betfairlightweight	14
Betfair/stream/tennis_live/tests/test_tennis_single_stream_2026_09_09.py	py_test	flumine	34
Betfair/stream/tennis_live/tests/test_worker_minimi_tennis_2026_10_04.py	py_test	flumine	22
Betfair/stream/tennis_live/tests/test_worker_minimi_tennis_2026_10_04.py	py_test	pytest	21
Betfair/stream/tennis_live/tools/replay_bot.py	py_strumenti	betfairlightweight	511
Betfair/stream/tennis_live/tools/replay_bot.py	py_strumenti	flumine	512
Betfair/stream/tennis_replay/convertitore.py	py_codice_Betfair	betfairlightweight	40
Betfair/stream/tennis_replay/tests/test_caricamento_importa_2026_10_07.py	py_test	pytest	15
Betfair/stream/tennis_replay/tests/test_convertitore_2026_10_07.py	py_test	flumine	129
Betfair/stream/tennis_replay/tests/test_convertitore_2026_10_07.py	py_test	pytest	18
Betfair/stream/tennis_replay/tests/test_fine_partita_runner_2026_10_07.py	py_test	pytest	16
Betfair/stream/tennis_scalper/backtest_pro.py	py_codice_Betfair	betfairlightweight	24
Betfair/stream/tennis_scalper/backtest_pro.py	py_codice_Betfair	flumine	22
Betfair/stream/tennis_scalper/condotta_ordini.py	py_codice_Betfair	flumine	234
Betfair/stream/tennis_scalper/flb_backtest.py	py_codice_Betfair	flumine	23
Betfair/stream/tennis_scalper/record_multi.py	py_codice_Betfair	betfairlightweight	30
Betfair/stream/tennis_scalper/record_multi.py	py_codice_Betfair	flumine	31
Betfair/stream/tennis_scalper/record_tennis.py	py_codice_Betfair	betfairlightweight	21
Betfair/stream/tennis_scalper/record_tennis.py	py_codice_Betfair	flumine	20
Betfair/stream/tennis_scalper/research_data.py	py_codice_Betfair	betfairlightweight	14
Betfair/stream/tennis_scalper/run_tennis_pro.py	py_codice_Betfair	betfairlightweight	22
Betfair/stream/tennis_scalper/run_tennis_pro.py	py_codice_Betfair	flumine	20
Betfair/stream/tennis_scalper/run_tennis_scalper.py	py_codice_Betfair	betfairlightweight	28
Betfair/stream/tennis_scalper/run_tennis_scalper.py	py_codice_Betfair	flumine	26
Betfair/stream/tennis_scalper/tennis_flb_bot.py	py_codice_Betfair	flumine	31
Betfair/stream/tennis_scalper/tennis_pro_bot.py	py_codice_Betfair	flumine	37
Betfair/stream/tennis_scalper/tennis_scalper_bot.py	py_codice_Betfair	flumine	55
Betfair/stream/tennis_scalper/tennis_swing_bot.py	py_codice_Betfair	flumine	16
Betfair/stream/tennis_scalper/tests/test_cantiere_u_proposte_a_zero_2026_09_29.py	py_test	flumine	30
Betfair/stream/tennis_scalper/tests/test_cantiere_u_proposte_a_zero_2026_09_29.py	py_test	pytest	29
Betfair/stream/tennis_scalper/tests/test_condotta_ordini_2026_09_17.py	py_test	flumine	29
Betfair/stream/tennis_scalper/tests/test_condotta_ordini_2026_09_17.py	py_test	pytest	28
Betfair/stream/tennis_scalper/tests/test_reperti_money_critical_2026_09_17.py	py_test	flumine	26
Betfair/stream/tennis_scalper/tests/test_reperti_money_critical_2026_09_17.py	py_test	pytest	25
Betfair/stream/tennis_scalper/tests/test_tennis_audit_fixes.py	py_test	betfairlightweight	21
Betfair/stream/tennis_scalper/tests/test_tennis_audit_fixes.py	py_test	flumine	22
Betfair/stream/tennis_scalper/tests/test_tennis_audit_fixes.py	py_test	pytest	20
Betfair/stream/tennis_scalper/tests/test_tennis_config.py	py_test	betfairlightweight	5
Betfair/stream/tennis_scalper/tests/test_tennis_config.py	py_test	pytest	3
Betfair/stream/tennis_scalper/tests/test_tennis_flb.py	py_test	betfairlightweight	4
Betfair/stream/tennis_scalper/tests/test_tennis_flb.py	py_test	pytest	3
Betfair/stream/tennis_scalper/tests/test_tennis_flb_hybrid.py	py_test	betfairlightweight	7
Betfair/stream/tennis_scalper/tests/test_tennis_greenup.py	py_test	pytest	3
Betfair/stream/tennis_scalper/tests/test_tennis_mission.py	py_test	betfairlightweight	7
Betfair/stream/tennis_scalper/tests/test_tennis_mission.py	py_test	flumine	8
Betfair/stream/tennis_scalper/tests/test_tennis_mission.py	py_test	pytest	6
Betfair/stream/tennis_scalper/tests/test_tennis_pro.py	py_test	betfairlightweight	4
Betfair/stream/tennis_scalper/tests/test_tennis_pro.py	py_test	pytest	3
Betfair/stream/tennis_scalper/tests/test_tennis_pro_staged.py	py_test	betfairlightweight	11
Betfair/stream/tennis_scalper/tests/test_tennis_pro_staged.py	py_test	flumine	12
Betfair/stream/tennis_scalper/tests/test_tennis_pro_superficie_2026_09_25.py	py_test	betfairlightweight	14
Betfair/stream/tennis_scalper/tests/test_tennis_pro_superficie_2026_09_25.py	py_test	pytest	13
Betfair/stream/tennis_scalper/tests/test_tennis_swing.py	py_test	betfairlightweight	14
Betfair/stream/tennis_scalper/tests/test_tennis_timeouts.py	py_test	betfairlightweight	12
Betfair/stream/tennis_scalper/tests/test_uscite_manuali_bot_tennis_2026_09_25.py	py_test	pytest	23
Betfair/stream/tennis_scalper/tests/test_uscite_proposte_bot_tennis_2026_09_28.py	py_test	pytest	20
Betfair/stream/tennis_scalper/tune_tennis.py	py_codice_Betfair	flumine	22
Betfair/stream/tests/banco_media_under.py	py_test	betfairlightweight	24
Betfair/stream/tests/banco_media_under.py	py_test	flumine	27
Betfair/stream/tests/conftest.py	py_test	pytest	47
Betfair/stream/tests/test_annuncio_modo_2026_09_26.py	py_test	pytest	14
Betfair/stream/tests/test_applica_bot_2026_10_06.py	py_test	pytest	12
Betfair/stream/tests/test_applica_bot_cartelle_tennis_2026_10_08.py	py_test	pytest	25
Betfair/stream/tests/test_applica_bot_tutti_2026_10_07.py	py_test	flumine	256
Betfair/stream/tests/test_applica_bot_tutti_2026_10_07.py	py_test	pytest	32
Betfair/stream/tests/test_arresto_ordinato_comportamento_2026_09_28.py	py_test	pytest	53
Betfair/stream/tests/test_atlante_a_domanda_2026_09_25.py	py_test	pytest	22
Betfair/stream/tests/test_atlante_v4_2026_09_25.py	py_test	numpy	10
Betfair/stream/tests/test_atlante_v4_2026_09_25.py	py_test	pytest	11
Betfair/stream/tests/test_atlante_v4_collegato_2026_09_25.py	py_test	numpy	29
Betfair/stream/tests/test_atlante_v4_collegato_2026_09_25.py	py_test	pytest	30
Betfair/stream/tests/test_atlante_v4_forza_id_squadra_2026_09_25.py	py_test	numpy	29
Betfair/stream/tests/test_atlante_v4_forza_id_squadra_2026_09_25.py	py_test	pytest	30
Betfair/stream/tests/test_atlante_v4_stagione_rif_per_lega_2026_09_26.py	py_test	pytest	16
Betfair/stream/tests/test_audit_fixes_2026_07.py	py_test	flumine	353
Betfair/stream/tests/test_audit_fixes_2026_07.py	py_test	pytest	28
Betfair/stream/tests/test_auto_follow_2026_09_25.py	py_test	betfairlightweight	394
Betfair/stream/tests/test_auto_follow_2026_09_25.py	py_test	flumine	395
Betfair/stream/tests/test_auto_follow_2026_09_25.py	py_test	pytest	41
Betfair/stream/tests/test_avvio_app_2026_09_16.py	py_test	pytest	21
Betfair/stream/tests/test_backtest.py	py_test	pytest	22
Betfair/stream/tests/test_backtest_coverage_2026_07_17.py	py_test	pytest	15
Betfair/stream/tests/test_banco_ambiente_dichiarato_2026_10_02.py	py_test	dotenv	94
Betfair/stream/tests/test_banco_ambiente_dichiarato_2026_10_02.py	py_test	pytest	28
Betfair/stream/tests/test_banco_annullo_confermato_2026_09_30.py	py_test	flumine	102
Betfair/stream/tests/test_banco_annullo_confermato_2026_09_30.py	py_test	pytest	42
Betfair/stream/tests/test_banco_attraversa_2026_10_08.py	py_test	betfairlightweight	36
Betfair/stream/tests/test_banco_attraversa_2026_10_08.py	py_test	flumine	58
Betfair/stream/tests/test_banco_attraversa_2026_10_08.py	py_test	pytest	20
Betfair/stream/tests/test_banco_comune_2026_09_16.py	py_test	flumine	366
Betfair/stream/tests/test_banco_comune_2026_09_16.py	py_test	pytest	28
Betfair/stream/tests/test_banco_identita_2026_09_16.py	py_test	flumine	529
Betfair/stream/tests/test_banco_identita_2026_09_16.py	py_test	pytest	30
Betfair/stream/tests/test_banco_mike_ondata2_2026_09_30.py	py_test	betfairlightweight	51
Betfair/stream/tests/test_banco_mike_ondata2_2026_09_30.py	py_test	flumine	98
Betfair/stream/tests/test_banco_mike_ondata2_2026_09_30.py	py_test	pytest	23
Betfair/stream/tests/test_banco_minimi_it_2026_10_02.py	py_test	pytest	21
Betfair/stream/tests/test_banco_prestazioni_2026_09_30.py	py_test	betfairlightweight	30
Betfair/stream/tests/test_banco_prestazioni_2026_09_30.py	py_test	flumine	28
Betfair/stream/tests/test_banco_prestazioni_2026_09_30.py	py_test	pytest	29
Betfair/stream/tests/test_banco_replay_veloce_2026_10_02.py	py_test	betfairlightweight	43
Betfair/stream/tests/test_banco_replay_veloce_2026_10_02.py	py_test	flumine	184
Betfair/stream/tests/test_banco_replay_veloce_2026_10_02.py	py_test	pytest	19
Betfair/stream/tests/test_banco_rifiuto_sul_canale_2026_09_30.py	py_test	flumine	39
Betfair/stream/tests/test_banco_rifiuto_sul_canale_2026_09_30.py	py_test	pytest	37
Betfair/stream/tests/test_banco_scalper_sniper_2026_09_28.py	py_test	pytest	17
Betfair/stream/tests/test_banco_uscite_dichiarate_n3_2026_09_28.py	py_test	flumine	64
Betfair/stream/tests/test_banco_uscite_dichiarate_n3_2026_09_28.py	py_test	pytest	17
Betfair/stream/tests/test_banco_uscite_manuali_n3_2026_09_28.py	py_test	pytest	18
Betfair/stream/tests/test_bias_resolver.py	py_test	pytest	8
Betfair/stream/tests/test_board_quote_flumine_2026_09_30.py	py_test	betfairlightweight	16
Betfair/stream/tests/test_board_quote_flumine_2026_09_30.py	py_test	flumine	65
Betfair/stream/tests/test_board_quote_flumine_2026_09_30.py	py_test	pytest	15
Betfair/stream/tests/test_build_order_client.py	py_test	pytest	21
Betfair/stream/tests/test_canale_bot_cancellazione_c6c_2026_09_23.py	py_test	pytest	17
Betfair/stream/tests/test_canale_bot_f3_2026_09_18.py	py_test	pytest	27
Betfair/stream/tests/test_canale_origine_token_c1_2026_09_24.py	py_test	pytest	21
Betfair/stream/tests/test_canale_origine_token_c1_2026_09_24.py	py_test	websockets	56
Betfair/stream/tests/test_cantiere_s3_uf2_attribuzione_2026_09_29.py	py_test	pytest	21
Betfair/stream/tests/test_cantiere_s_bis_sniper_2026_09_29.py	py_test	betfairlightweight	29
Betfair/stream/tests/test_cantiere_s_bis_sniper_2026_09_29.py	py_test	flumine	33
Betfair/stream/tests/test_cantiere_s_bis_sniper_2026_09_29.py	py_test	pytest	30
Betfair/stream/tests/test_cantiere_s_scalper_ko_2026_09_29.py	py_test	betfairlightweight	26
Betfair/stream/tests/test_cantiere_s_scalper_ko_2026_09_29.py	py_test	flumine	30
Betfair/stream/tests/test_cantiere_s_scalper_ko_2026_09_29.py	py_test	pytest	27
Betfair/stream/tests/test_cantiere_v2_replay_veloce_2026_09_29.py	py_test	pytest	22
Betfair/stream/tests/test_cantiere_v_replay_veloce_2026_09_29.py	py_test	pytest	22
Betfair/stream/tests/test_cashout_complete_ft.py	py_test	pytest	18
Betfair/stream/tests/test_cashout_pro_2026_09_10.py	py_test	flumine	20
Betfair/stream/tests/test_cashout_pro_2026_09_10.py	py_test	pytest	19
Betfair/stream/tests/test_cert_banco_2026_09_16.py	py_test	pytest	19
Betfair/stream/tests/test_certifica_freni_ambiente_d1quater_2026_09_29.py	py_test	pytest	20
Betfair/stream/tests/test_chiusura_parziale_2026_09_23.py	py_test	flumine	124
Betfair/stream/tests/test_chiusura_parziale_2026_09_23.py	py_test	pytest	30
Betfair/stream/tests/test_conto_ordini_canale_2026_09_30.py	py_test	betfairlightweight	52
Betfair/stream/tests/test_conto_ordini_canale_2026_09_30.py	py_test	flumine	61
Betfair/stream/tests/test_conto_ordini_canale_2026_09_30.py	py_test	pytest	29
Betfair/stream/tests/test_conto_ordini_canale_2026_09_30.py	py_test	websockets	235
Betfair/stream/tests/test_contratto_strada_unica_2026_09_25.py	py_test	pytest	67
Betfair/stream/tests/test_controls.py	py_test	flumine	18
Betfair/stream/tests/test_controls.py	py_test	pytest	16
Betfair/stream/tests/test_cp1_campi_non_scritti_2026_09_23.py	py_test	pytest	23
Betfair/stream/tests/test_daily_pnl.py	py_test	pytest	14
Betfair/stream/tests/test_daily_stop_worker.py	py_test	pytest	15
Betfair/stream/tests/test_db_client_timeout_bot_2026_09_28.py	py_test	httpx	18
Betfair/stream/tests/test_db_client_timeout_bot_2026_09_28.py	py_test	pytest	19
Betfair/stream/tests/test_db_delete_event_rows.py	py_test	pytest	16
Betfair/stream/tests/test_db_insert_resilient.py	py_test	pytest	14
Betfair/stream/tests/test_db_live_ladder.py	py_test	pytest	17
Betfair/stream/tests/test_db_live_order.py	py_test	pytest	25
Betfair/stream/tests/test_db_upsert_live_account_manual_pnl.py	py_test	pytest	15
Betfair/stream/tests/test_dutching.py	py_test	pytest	4
Betfair/stream/tests/test_event_exposure_control.py	py_test	flumine	22
Betfair/stream/tests/test_event_exposure_control.py	py_test	pytest	21
Betfair/stream/tests/test_fine_evento_2026_09_28.py	py_test	betfairlightweight	41
Betfair/stream/tests/test_fine_evento_2026_09_28.py	py_test	flumine	44
Betfair/stream/tests/test_fine_evento_2026_09_28.py	py_test	pytest	42
Betfair/stream/tests/test_flumine_paper_fidelity_2026_07_16.py	py_test	betfairlightweight	108
Betfair/stream/tests/test_flumine_paper_fidelity_2026_07_16.py	py_test	flumine	107
Betfair/stream/tests/test_flumine_paper_fidelity_2026_07_16.py	py_test	pytest	105
Betfair/stream/tests/test_frammenti_fine_evento_2026_09_28.py	py_test	pytest	25
Betfair/stream/tests/test_frammenti_mercato_2026_09_28.py	py_test	betfairlightweight	37
Betfair/stream/tests/test_frammenti_mercato_2026_09_28.py	py_test	flumine	40
Betfair/stream/tests/test_frammenti_mercato_2026_09_28.py	py_test	pytest	36
Betfair/stream/tests/test_frammenti_tcp_2026_09_28.py	py_test	betfairlightweight	46
Betfair/stream/tests/test_frammenti_tcp_2026_09_28.py	py_test	cryptography	75
Betfair/stream/tests/test_frammenti_tcp_2026_09_28.py	py_test	flumine	47
Betfair/stream/tests/test_frammenti_tcp_2026_09_28.py	py_test	pytest	45
Betfair/stream/tests/test_genera_atlante_2026_09_24.py	py_test	pytest	15
Betfair/stream/tests/test_genera_atlante_scrittura_ritentativi_2026_09_28.py	py_test	pytest	28
Betfair/stream/tests/test_greenup.py	py_test	pytest	13
Betfair/stream/tests/test_ladder_canale_2026_09_23.py	py_test	betfairlightweight	23
Betfair/stream/tests/test_ladder_canale_2026_09_23.py	py_test	pytest	22
Betfair/stream/tests/test_ladder_worker.py	py_test	pytest	16
Betfair/stream/tests/test_live_journal.py	py_test	pytest	16
Betfair/stream/tests/test_live_order_build.py	py_test	flumine	13
Betfair/stream/tests/test_live_order_build.py	py_test	pytest	12
Betfair/stream/tests/test_live_order_controls.py	py_test	pytest	9
Betfair/stream/tests/test_live_order_dutch_cashout.py	py_test	flumine	9
Betfair/stream/tests/test_live_order_dutch_cashout.py	py_test	pytest	8
Betfair/stream/tests/test_live_order_greenup.py	py_test	flumine	18
Betfair/stream/tests/test_live_order_greenup.py	py_test	pytest	17
Betfair/stream/tests/test_live_order_queue_authz.py	py_test	pytest	13
Betfair/stream/tests/test_live_order_worker.py	py_test	flumine	24
Betfair/stream/tests/test_live_order_worker.py	py_test	pytest	23
Betfair/stream/tests/test_live_orders_account_open_2026_09_30.py	py_test	pytest	17
Betfair/stream/tests/test_live_trading_strategy.py	py_test	pytest	25
Betfair/stream/tests/test_local_channel.py	py_test	pytest	15
Betfair/stream/tests/test_local_channel.py	py_test	websockets	34
Betfair/stream/tests/test_minimi_banco_2026_10_02.py	py_test	flumine	74
Betfair/stream/tests/test_minimi_banco_2026_10_02.py	py_test	pytest	20
Betfair/stream/tests/test_minimi_punte_050_2026_10_04.py	py_test	flumine	36
Betfair/stream/tests/test_minimi_punte_050_2026_10_04.py	py_test	pytest	35
Betfair/stream/tests/test_modo_ordini_ui_2026_09_24.py	py_test	pytest	28
Betfair/stream/tests/test_motore_ordini_2026_09_24.py	py_test	flumine	37
Betfair/stream/tests/test_motore_ordini_2026_09_24.py	py_test	pytest	36
Betfair/stream/tests/test_motore_ordini_mercato_due_esiti_2026_09_29.py	py_test	betfairlightweight	19
Betfair/stream/tests/test_motore_ordini_mercato_due_esiti_2026_09_29.py	py_test	pytest	18
Betfair/stream/tests/test_motore_ordini_riavvio2_2026_09_26.py	py_test	pytest	36
Betfair/stream/tests/test_motore_probabilistico_2026_09_12.py	py_test	pytest	15
Betfair/stream/tests/test_motore_ritiro_pendente_d1ter_2026_09_28.py	py_test	flumine	22
Betfair/stream/tests/test_motore_ritiro_pendente_d1ter_2026_09_28.py	py_test	pytest	21
Betfair/stream/tests/test_motore_submin_fok_caso_b_d1ter_2026_09_28.py	py_test	flumine	19
Betfair/stream/tests/test_net_retry.py	py_test	pytest	13
Betfair/stream/tests/test_paper_live_stesso_processo_2026_09_16.py	py_test	flumine	30
Betfair/stream/tests/test_paper_live_stesso_processo_2026_09_16.py	py_test	pytest	29
Betfair/stream/tests/test_pnl_betfair_reale_2026_09_24.py	py_test	pytest	28
Betfair/stream/tests/test_pnl_unico_conto_2026_10_04.py	py_test	pytest	25
Betfair/stream/tests/test_porta_banco_f4_2026_09_24.py	py_test	flumine	24
Betfair/stream/tests/test_porta_banco_f4_2026_09_24.py	py_test	pytest	23
Betfair/stream/tests/test_proposta_sempre_coi_numeri_2026_09_29.py	py_test	pytest	24
Betfair/stream/tests/test_proposte_modello_2026_09_23.py	py_test	pytest	24
Betfair/stream/tests/test_punteggi_canale_2026_09_23.py	py_test	betfairlightweight	39
Betfair/stream/tests/test_punteggi_canale_2026_09_23.py	py_test	pytest	37
Betfair/stream/tests/test_punto6_b_stato_bot_e_battito_tennis_2026_09_25.py	py_test	pytest	20
Betfair/stream/tests/test_punto6_battito_modo_ordini_2026_09_25.py	py_test	pytest	25
Betfair/stream/tests/test_r3_freno_unico_2026_09_25.py	py_test	pytest	40
Betfair/stream/tests/test_reconcile_worker.py	py_test	betfairlightweight	1258
Betfair/stream/tests/test_reconcile_worker.py	py_test	pytest	25
Betfair/stream/tests/test_registro_bot_2026_09_16.py	py_test	pytest	25
Betfair/stream/tests/test_registro_impronta_2026_09_30.py	py_test	pytest	26
Betfair/stream/tests/test_replay_professionale_2026_10_07.py	py_test	flumine	97
Betfair/stream/tests/test_replay_professionale_2026_10_07.py	py_test	pytest	27
Betfair/stream/tests/test_replay_scalper_attiva_adesso_2026_10_07.py	py_test	flumine	21
Betfair/stream/tests/test_replay_scalper_attiva_adesso_2026_10_07.py	py_test	pytest	20
Betfair/stream/tests/test_replay_scalper_db_isolato_2026_10_06.py	py_test	pytest	24
Betfair/stream/tests/test_resilienza_rete_fix_c_scalper_2026_09_26.py	py_test	betfairlightweight	25
Betfair/stream/tests/test_resilienza_rete_fix_c_scalper_2026_09_26.py	py_test	requests	24
Betfair/stream/tests/test_resume_db_helpers.py	py_test	pytest	15
Betfair/stream/tests/test_rete_gateway_html_2026_10_01.py	py_test	httpx	80
Betfair/stream/tests/test_rete_gateway_html_2026_10_01.py	py_test	postgrest	15
Betfair/stream/tests/test_rete_gateway_html_2026_10_01.py	py_test	pydantic	91
Betfair/stream/tests/test_rete_gateway_html_2026_10_01.py	py_test	pytest	14
Betfair/stream/tests/test_review_finale_2026_07_17.py	py_test	betfairlightweight	20
Betfair/stream/tests/test_riconciliazione_tradotti_2026_10_02.py	py_test	pytest	13
Betfair/stream/tests/test_riserva_runner_cantiere_j2_2026_09_28.py	py_test	pytest	22
Betfair/stream/tests/test_risk_engine.py	py_test	pytest	10
Betfair/stream/tests/test_risk_engine_worker.py	py_test	pytest	17
Betfair/stream/tests/test_runner_guardia_canale_locale_2026_09_23.py	py_test	pytest	21
Betfair/stream/tests/test_runner_lifecycle.py	py_test	pytest	12
Betfair/stream/tests/test_runner_live_strategy.py	py_test	betfairlightweight	21
Betfair/stream/tests/test_runner_live_strategy.py	py_test	flumine	23
Betfair/stream/tests/test_runner_live_strategy.py	py_test	pytest	20
Betfair/stream/tests/test_runner_minimi_chiusure_2026_10_01.py	py_test	flumine	43
Betfair/stream/tests/test_runner_minimi_chiusure_2026_10_01.py	py_test	pytest	42
Betfair/stream/tests/test_runner_minimi_correzioni_2026_10_02.py	py_test	pytest	33
Betfair/stream/tests/test_runner_modo_e_guardia_2026_09_23.py	py_test	pytest	29
Betfair/stream/tests/test_saldo_evento_2026_09_23.py	py_test	betfairlightweight	26
Betfair/stream/tests/test_saldo_evento_2026_09_23.py	py_test	flumine	27
Betfair/stream/tests/test_saldo_evento_2026_09_23.py	py_test	pytest	25
Betfair/stream/tests/test_scalper_arresto_ordinato_2026_10_02.py	py_test	flumine	23
Betfair/stream/tests/test_scalper_arresto_ordinato_2026_10_02.py	py_test	pytest	22
Betfair/stream/tests/test_scalper_audit_2026_07_09.py	py_test	pytest	20
Betfair/stream/tests/test_scalper_auto_mode_2026_09_25.py	py_test	pytest	33
Betfair/stream/tests/test_scalper_bot.py	py_test	pytest	4
Betfair/stream/tests/test_scalper_certificazione_2026_09_24.py	py_test	flumine	660
Betfair/stream/tests/test_scalper_certificazione_2026_09_24.py	py_test	pytest	35
Betfair/stream/tests/test_scalper_chiusura_al_centesimo_2026_10_07.py	py_test	flumine	30
Betfair/stream/tests/test_scalper_chiusura_al_centesimo_2026_10_07.py	py_test	pytest	29
Betfair/stream/tests/test_scalper_control_room_2026_09_24.py	py_test	pytest	31
Betfair/stream/tests/test_scalper_freno_origine_2026_09_26.py	py_test	pytest	25
Betfair/stream/tests/test_scalper_live_cli_guardia_2026_09_24.py	py_test	pytest	23
Betfair/stream/tests/test_scalper_media_under_2026_10_05.py	py_test	flumine	858
Betfair/stream/tests/test_scalper_media_under_2026_10_05.py	py_test	pytest	28
Betfair/stream/tests/test_scalper_media_under_attiva_adesso_2026_10_07.py	py_test	pytest	31
Betfair/stream/tests/test_scalper_media_under_banca_spostata_2026_10_07.py	py_test	flumine	409
Betfair/stream/tests/test_scalper_media_under_banca_spostata_2026_10_07.py	py_test	pytest	37
Betfair/stream/tests/test_scalper_media_under_giro2_2026_10_05.py	py_test	pytest	14
Betfair/stream/tests/test_scalper_media_under_giro3_2026_10_06.py	py_test	pytest	20
Betfair/stream/tests/test_scalper_media_under_giro4_2026_10_06.py	py_test	betfairlightweight	284
Betfair/stream/tests/test_scalper_media_under_giro4_2026_10_06.py	py_test	flumine	310
Betfair/stream/tests/test_scalper_media_under_giro4_2026_10_06.py	py_test	pytest	18
Betfair/stream/tests/test_scalper_mission_2026_07_10.py	py_test	flumine	21
Betfair/stream/tests/test_scalper_mission_2026_07_10.py	py_test	pytest	20
Betfair/stream/tests/test_scalper_pnl_settled_2026_07_16.py	py_test	pytest	13
Betfair/stream/tests/test_scalper_presize_2026_07_11.py	py_test	flumine	16
Betfair/stream/tests/test_scalper_presize_2026_07_11.py	py_test	pytest	15
Betfair/stream/tests/test_scalper_residui_e_soldi_veri_2026_10_04.py	py_test	pytest	24
Betfair/stream/tests/test_scalper_residuo_c3_e_tetto_2026_10_07.py	py_test	flumine	23
Betfair/stream/tests/test_scalper_residuo_c3_e_tetto_2026_10_07.py	py_test	pytest	22
Betfair/stream/tests/test_scalper_uscite_automatiche_2026_09_25.py	py_test	pytest	25
Betfair/stream/tests/test_scalper_uscite_manuali_al_riavvio_2026_09_28.py	py_test	pytest	12
Betfair/stream/tests/test_segui_live_aggancio_a_caldo_2026_10_06.py	py_test	pytest	27
Betfair/stream/tests/test_sniper_bot_2026_07_10.py	py_test	flumine	19
Betfair/stream/tests/test_sniper_bot_2026_07_10.py	py_test	pytest	18
Betfair/stream/tests/test_sniper_uscite_automatiche_2026_09_28.py	py_test	pytest	23
Betfair/stream/tests/test_sottoscrizione_a_caldo_unica_2026_09_25.py	py_test	betfairlightweight	24
Betfair/stream/tests/test_sottoscrizione_a_caldo_unica_2026_09_25.py	py_test	flumine	25
Betfair/stream/tests/test_sottoscrizione_a_caldo_unica_2026_09_25.py	py_test	pytest	23
Betfair/stream/tests/test_spegnimento_ordinato_2026_09_28.py	py_test	pytest	21
Betfair/stream/tests/test_stato_mercato_freno_2026_09_24.py	py_test	betfairlightweight	25
Betfair/stream/tests/test_stato_mercato_freno_2026_09_24.py	py_test	pytest	24
Betfair/stream/tests/test_stop_framework.py	py_test	flumine	14
Betfair/stream/tests/test_strada_unica_banco_2026_09_25.py	py_test	flumine	36
Betfair/stream/tests/test_strada_unica_banco_2026_09_25.py	py_test	pytest	35
Betfair/stream/tests/test_stream_muto_cablato_cantiere_j2_2026_09_28.py	py_test	pytest	27
Betfair/stream/tests/test_stream_muto_cantiere_j_2026_09_28.py	py_test	betfairlightweight	16
Betfair/stream/tests/test_stream_stallo_2026_09_26.py	py_test	httpx	96
Betfair/stream/tests/test_stream_stallo_2026_09_26.py	py_test	pytest	24
Betfair/stream/tests/test_stream_stallo_2026_09_26.py	py_test	requests	97
Betfair/stream/tests/test_submin.py	py_test	flumine	20
Betfair/stream/tests/test_submin.py	py_test	pytest	19
Betfair/stream/tests/test_submin_contratto_chiamanti_2026_09_17.py	py_test	pytest	21
Betfair/stream/tests/test_submin_nucleo_2026_09_17.py	py_test	pytest	14
Betfair/stream/tests/test_sveglia_bot_f5_f6_2026_09_18.py	py_test	pytest	16
Betfair/stream/tests/test_sveglia_canale_f5_f6_2026_09_18.py	py_test	pytest	29
Betfair/stream/tests/test_tempi_ordine_f0_2026_09_25.py	py_test	betfairlightweight	31
Betfair/stream/tests/test_tempi_ordine_f0_2026_09_25.py	py_test	flumine	33
Betfair/stream/tests/test_tempi_ordine_f0_2026_09_25.py	py_test	pytest	30
Betfair/stream/tests/test_theta_bot_2026_07_15.py	py_test	flumine	26
Betfair/stream/tests/test_theta_bot_2026_07_15.py	py_test	pytest	25
Betfair/stream/tests/test_theta_cecchino_2026_07_16.py	py_test	flumine	19
Betfair/stream/tests/test_theta_cecchino_2026_07_16.py	py_test	pytest	18
Betfair/stream/tests/test_trasporto_parita_mode_d1ter_2026_09_28.py	py_test	pytest	17
Betfair/stream/tests/test_uscite_manuali_al_nuovo_avvio_2026_09_28.py	py_test	pytest	22
Betfair/stream/tests/test_validate_recordings.py	py_test	pytest	15
Betfair/stream/tests/test_validate_recordings_2026_07_17.py	py_test	pytest	14
Betfair/stream/tests/test_validazione_hazard_2026_09_25.py	py_test	numpy	14
Betfair/stream/tests/test_validazione_hazard_2026_09_25.py	py_test	pytest	15
Betfair/stream/tests/test_validazione_hazard_2026_09_25.py	py_test	sklearn	225
Betfair/stream/tests/test_valuta_k1_2026_09_26.py	py_test	betfairlightweight	49
Betfair/stream/tests/test_valuta_k1_2026_09_26.py	py_test	flumine	145
Betfair/stream/tests/test_valuta_k1_2026_09_26.py	py_test	pytest	24
Betfair/stream/tests/test_xhedge.py	py_test	pytest	5
Betfair/stream/tests/test_xhedge_worker.py	py_test	pytest	8
Betfair/stream/trading/controls.py	py_codice_Betfair	flumine	40
Betfair/stream/trading/dutching.py	py_codice_Betfair	flumine	25
Betfair/stream/trading/greenup.py	py_codice_Betfair	flumine	49
Betfair/stream/trading/risk_engine.py	py_codice_Betfair	flumine	36
Betfair/stream/valuta.py	py_codice_Betfair	betfairlightweight	83
Betfair/stream/valuta.py	py_codice_Betfair	flumine	316
Betfair/test_realtime_contratto_2026_09_12.py	py_test	pytest	23
Betfair/tests/test_consapevolezza_ordine_2026_09_16.py	py_test	pytest	32
Betfair/tests/test_contratto_activate_params_2026_09_16.py	py_test	pytest	33
Betfair/tools/scostamento_fischio_2026_09_13.py	py_strumenti	supabase	65
Betfair/tools/test_verifica_margine_2026_09_12.py	py_strumenti	pytest	13
Betfair/tools/verifica_75_condizioni_2026_09_13.py	py_strumenti	supabase	53
Betfair/tools/verifica_margine_2026_09_12.py	py_strumenti	supabase	63
Betfair/tools/verifica_pnl_2026_09_12.py	py_strumenti	supabase	123
Prediction/analyze_sweet_spot.py	py_codice_cartelle_radice	pandas	7
Prediction/test_predictions_results_backfill.py	py_test	postgrest	34
Prediction/test_predictions_results_backfill.py	py_test	pytest	33
Prediction/test_today_predictions_backfill_resilienza.py	py_test	httpx	1631
Prediction/test_today_predictions_backfill_resilienza.py	py_test	postgrest	28
Prediction/test_today_predictions_backfill_resilienza.py	py_test	pytest	27
Prediction/today_predictions_backfill.py	py_codice_cartelle_radice	numpy	17
Prediction/today_predictions_backfill.py	py_codice_cartelle_radice	scipy	18
_AUDIT_2026_05/backtest.py	py_script_audit	numpy	18
_AUDIT_2026_05/backtest.py	py_script_audit	pandas	19
_AUDIT_2026_05/backtest.py	py_script_audit	sklearn	20
_AUDIT_2026_05/compare_xg.py	py_script_audit	numpy	3
_AUDIT_2026_05/compare_xg.py	py_script_audit	pandas	3
_AUDIT_2026_05/dataload.py	py_script_audit	pandas	13
_AUDIT_2026_05/dc_model.py	py_script_audit	numpy	15
_AUDIT_2026_05/dc_model.py	py_script_audit	pandas	16
_AUDIT_2026_05/dc_model.py	py_script_audit	sklearn	17
_AUDIT_2026_05/devig.py	py_script_audit	numpy	3
_AUDIT_2026_05/devig.py	py_script_audit	scipy	4
_AUDIT_2026_05/dump.py	py_script_audit	numpy	15
_AUDIT_2026_05/dump.py	py_script_audit	pandas	16
_AUDIT_2026_05/dump.py	py_script_audit	sklearn	17
_AUDIT_2026_05/dump_xg.py	py_script_audit	numpy	9
_AUDIT_2026_05/dump_xg.py	py_script_audit	pandas	9
_AUDIT_2026_05/dump_xg.py	py_script_audit	sklearn	10
_AUDIT_2026_05/exchange_signal.py	py_script_audit	numpy	7
_AUDIT_2026_05/exchange_signal.py	py_script_audit	pandas	7
_AUDIT_2026_05/experiment.py	py_script_audit	pandas	10
_AUDIT_2026_05/explore_schema.py	py_script_audit	requests	13
_AUDIT_2026_05/inplay_under.py	py_script_audit	numpy	9
_AUDIT_2026_05/inplay_under.py	py_script_audit	pandas	9
_AUDIT_2026_05/inplay_under.py	py_script_audit	scipy	10
_AUDIT_2026_05/load_goals.py	py_script_audit	pandas	4
_AUDIT_2026_05/load_xg.py	py_script_audit	pandas	4
_AUDIT_2026_05/strategy.py	py_script_audit	numpy	10
_AUDIT_2026_05/strategy.py	py_script_audit	pandas	11
_AUDIT_2026_05/strategy2.py	py_script_audit	numpy	3
_AUDIT_2026_05/strategy2.py	py_script_audit	pandas	3
_AUDIT_2026_05/strategy3.py	py_script_audit	numpy	3
_AUDIT_2026_05/strategy3.py	py_script_audit	pandas	3
_AUDIT_2026_05/strategy4_final.py	py_script_audit	numpy	6
_AUDIT_2026_05/strategy4_final.py	py_script_audit	pandas	6
_league_eval.py	py_codice_radice	numpy	16
_league_eval.py	py_codice_radice	pandas	16
_stack_eval.py	py_codice_radice	numpy	16
_stack_eval.py	py_codice_radice	pandas	16
_stack_eval.py	py_codice_radice	sklearn	17
admin_reset_password.py	py_codice_radice	requests	17
aggiorna_mm_sheets.py	py_codice_radice	gspread	16
aggiorna_solo_fogli.py	py_codice_radice	gspread	18
analyze_recovery.py	py_codice_radice	matplotlib	2
analyze_threshold.py	py_codice_radice	matplotlib	3
analyze_threshold.py	py_codice_radice	numpy	7
api_client.py	py_codice_radice	requests	3
api_quota.py	py_codice_radice	requests	40
build_analytics_signals.py	py_codice_radice	httpx	34
build_direzione.py	py_codice_radice	httpx	16
build_direzione.py	py_codice_radice	numpy	17
build_direzione.py	py_codice_radice	pandas	17
cloud_retrain_shard.py	py_codice_radice	tensorflow	221
config.py	py_codice_radice	dotenv	2
db_client.py	py_codice_radice	httpx	52
db_client.py	py_codice_radice	supabase	6
enrich_analytics_snapshots.py	py_codice_radice	httpx	76
football_data_scraper/backfill.py	py_codice_cartelle_radice	pandas	31
football_data_scraper/csv_downloader.py	py_codice_cartelle_radice	pandas	8
football_data_scraper/fix_snapshot_time.py	py_codice_cartelle_radice	supabase	12
football_data_scraper/fixture_matcher.py	py_codice_cartelle_radice	pandas	20
generate_dc_rho.py	py_codice_radice	scipy	40
laboratorio/scalper_lab/bt_lab.py	py_codice_cartelle_radice	flumine	31
laboratorio/scalper_lab/bt_theta.py	py_codice_cartelle_radice	flumine	23
laboratorio/scalper_lab/grid_strategy.py	py_codice_cartelle_radice	flumine	36
laboratorio/scalper_lab/scalper_bot_base.py	py_codice_cartelle_radice	flumine	55
laboratorio/scalper_lab/theta_strategy.py	py_codice_cartelle_radice	flumine	32
laboratorio/tennis_lab/lab_grid.py	py_codice_cartelle_radice	flumine	24
laboratorio/tennis_lab/lab_grid_score.py	py_codice_cartelle_radice	betfairlightweight	100
laboratorio/tennis_lab/lab_grid_score.py	py_codice_cartelle_radice	flumine	21
laboratorio/tennis_lab/tennis_lab.py	py_codice_cartelle_radice	flumine	27
laboratorio/tennis_lab/tennis_lab_score.py	py_codice_cartelle_radice	flumine	31
laboratorio/tennis_lab/tests/test_harness_golden.py	py_test	flumine	15
laboratorio/tennis_lab/tests/test_harness_golden.py	py_test	pytest	16
laboratorio/tennis_lab/validate.py	py_codice_cartelle_radice	flumine	24
leagues_mapper.py	py_codice_radice	httpx	10
master_backtest.py	py_codice_radice	numpy	40
merge_engine_signals.py	py_codice_radice	httpx	28
refresh_analytics_bets.py	py_codice_radice	httpx	67
refresh_dashboard.py	py_codice_radice	gspread	7
seasons_catchup.py	py_codice_radice	requests	151
simulate_recovery_forward.py	py_codice_radice	matplotlib	3
simulate_recovery_forward.py	py_codice_radice	numpy	6
sql/_build_wc_xlsx_2013.py	py_codice_cartelle_radice	openpyxl	20
tactical_engine/dixon_coles.py	py_codice_cartelle_radice	numpy	14
tactical_engine/dixon_coles.py	py_codice_cartelle_radice	scipy	15
tactical_engine/model.py	py_codice_cartelle_radice	numpy	22
tactical_engine/model.py	py_codice_cartelle_radice	scipy	23
tactical_engine/run_worldcup.py	py_codice_cartelle_radice	numpy	12
tactical_engine/tests/test_math.py	py_test	numpy	14
tactical_engine/tests/test_rho_ammissibile.py	py_test	numpy	24
tactical_engine/tests/test_rho_ammissibile.py	py_test	pytest	25
tactical_engine/tests/test_serving.py	py_test	pytest	30
tactical_engine/tests/test_serving_esito_reale_2026_09_26.py	py_test	pytest	23
tactical_engine/tests/test_verifica_payload.py	py_test	pytest	17
test.py	py_codice_radice	gspread	1
test_actions_fail_rumoroso_2026_09_25.py	py_test	pytest	26
test_actions_pipeline_paginazione.py	py_test	httpx	34
test_actions_pipeline_paginazione.py	py_test	postgrest	36
test_actions_pipeline_paginazione.py	py_test	pytest	35
test_backfill_automatico_2026_09_25.py	py_test	pytest	28
test_calibrazione_lettura_db.py	py_test	postgrest	44
test_calibrazione_lettura_db.py	py_test	pytest	43
test_catchup_57014_2026_09_28.py	py_test	pytest	31
test_catchup_p4_2026_09_25.py	py_test	pytest	23
test_delete_ritentativi_2026_09_25.py	py_test	pytest	32
test_leagues_mapper_ritentativi_2026_10_04.py	py_test	httpx	10
test_leagues_mapper_ritentativi_2026_10_04.py	py_test	postgrest	12
test_leagues_mapper_ritentativi_2026_10_04.py	py_test	pytest	11
test_omega_transizioni_notturne_2026_09_25.py	py_test	pytest	27
test_orchestratore_niente_refresh_mv_2026_09_25.py	py_test	pytest	21
test_refresh_analytics_bets_v2_2026_09_24.py	py_test	httpx	22
test_refresh_analytics_bets_v2_2026_09_24.py	py_test	pytest	23
tmp_smoke_ml_fixes.py	py_codice_radice	numpy	21
tmp_smoke_ml_fixes.py	py_codice_radice	pandas	22
tmp_smoke_stack.py	py_codice_radice	numpy	16
tmp_smoke_stack.py	py_codice_radice	pandas	17
tmp_today_predictions.py	py_codice_radice	gspread	20
tmp_validate_predict.py	py_codice_radice	numpy	16
tmp_validate_predict.py	py_codice_radice	pandas	17
tools/replay_barra_fixture.py	py_strumenti	betfairlightweight	152
tools/test_replay_barra_fixture.py	py_strumenti	pytest	25
update_dashboard_only.py	py_codice_radice	gspread	8
valida_motore_poisson.py	py_codice_radice	dotenv	21
validate_walkforward.py	py_codice_radice	numpy	15
validate_walkforward.py	py_codice_radice	pandas	15
validate_walkforward.py	py_codice_radice	sklearn	22
ventaglio_segnali.py	py_codice_radice	dotenv	31
