kind	nome	n_create	n_drop	prima_definizione	fonti_origine
function	_analytics_filters_live	1	0	migrations/analytics_rpc_veloci_2026-09-26.sql:138	migrations
function	_decisions_filters_live	1	0	migrations/analytics_rpc_veloci_2026-09-26.sql:170	migrations
function	_feat_expr	1	0	migrations/analytics_features.sql:46	migrations
function	_prob_bucket	1	0	migrations/get_direction_rpc.sql:24	migrations
function	_tennis_bot_control_json	1	0	migrations/tennis_bots.sql:93	migrations
function	ack_alert	1	0	migrations/live_backtest_rpc.sql:169	migrations
function	add_personal_trade	2	0	migrations/personal_tracking_manual_entry.sql:163	migrations
function	add_to_watchlist	1	0	migrations/personal_tracking_rpc.sql:18	migrations
function	add_trade_leg	1	0	migrations/personal_tracking_rpc.sql:505	migrations
function	analyze_by_league	1	0	migrations/analytics_features.sql:97	migrations
function	analyze_feature	1	0	migrations/analytics_features.sql:66	migrations
function	backtest_strategy	1	0	migrations/analytics_strategy_rpc.sql:19	migrations
function	backtest_strategy_rows	1	0	migrations/analytics_strategy_rpc.sql:171	migrations
function	betfair_live_is_owner	1	0	migrations/betfair_live_order_queue.sql:176	migrations
function	block_non_owner_signup	1	0	migrations/security_lockdown.sql:38	migrations
function	book_odds	1	0	migrations/analytics_strategy.sql:23	migrations
function	bulk_update_prediction_results	1	0	migrations/predictions_results_bulk_update_rpc.sql:30	migrations
function	cancel_live_risk_rule	1	0	migrations/betfair_live_risk_rules.sql:152	migrations
function	delete_from_watchlist	1	0	migrations/personal_tracking_rpc.sql:890	migrations
function	delete_strategy	1	0	migrations/analytics_strategies_store.sql:60	migrations
function	flush_analytics_prob_staging	1	0	migrations/analytics_prob_staging.sql:22	migrations
function	flush_analytics_snap_staging	1	0	migrations/analytics_snap_staging.sql:58	migrations
function	get_analytics	2	1	migrations/analytics_rpc.sql:32	migrations
function	get_analytics_filters	2	0	migrations/analytics_rpc.sql:317	migrations
function	get_analytics_rows	2	1	migrations/analytics_rpc.sql:187	migrations
function	get_betfair_direction_odds	1	0	migrations/betfair_full_odds_rpc.sql:28	migrations
function	get_betfair_fixtures	1	0	migrations/betfair_fixtures_rpc.sql:10	migrations
function	get_betfair_full_odds	1	0	migrations/betfair_full_odds_rpc.sql:6	migrations
function	get_betfair_live_order	1	0	migrations/betfair_live_order_queue.sql:311	migrations
function	get_betfair_odds	1	0	migrations/betfair_fixtures_rpc.sql:42	migrations
function	get_betfair_order_request	1	0	migrations/betfair_order_queue.sql:120	migrations
function	get_betfair_orders	1	0	migrations/betfair_orders_read.sql:13	migrations
function	get_betfair_refresh_request	1	0	migrations/betfair_refresh_queue.sql:72	migrations
function	get_cash_movements	1	0	migrations/personal_cash_movements.sql:68	migrations
function	get_decisions	2	0	migrations/analytics_decisions_rpc.sql:16	migrations
function	get_decisions_filters	2	0	migrations/analytics_decisions_rpc.sql:99	migrations
function	get_direction	1	0	migrations/get_direction_rpc.sql:38	migrations
function	get_direction_eta	1	0	migrations/get_direction_eta_2026-09-25.sql:38	migrations
function	get_direction_report	1	2	migrations/direction_report_rpc.sql:61	migrations
function	get_direction_report_fixture	1	1	migrations/direction_report_rpc.sql:520	migrations
function	get_direction_report_matches	1	3	migrations/direction_report_rpc.sql:379	migrations
function	get_league_seasons	1	0	sql/market_frequency_rpc.sql:286	sql
function	get_live_alerts	1	0	migrations/live_backtest_rpc.sql:133	migrations
function	get_live_audit	1	0	migrations/betfair_live_controls.sql:147	migrations
function	get_live_follows	4	0	migrations/live_follow_origine_2026-09-25.sql:51	migrations
function	get_live_journal	1	0	migrations/betfair_live_pnl_journal.sql:164	migrations
function	get_live_orders	1	0	migrations/betfair_live_order_queue.sql:349	migrations
function	get_live_orders_account_open	1	0	migrations/live_orders_account_open_2026-09-30.sql:58	migrations
function	get_live_positions	1	0	migrations/betfair_live_order_queue.sql:385	migrations
function	get_live_positions_all	2	0	migrations/betfair_live_pnl_journal.sql:238	migrations
function	get_live_positions_event	1	0	migrations/betfair_live_pnl_journal.sql:258	migrations
function	get_live_risk_rules	1	0	migrations/betfair_live_risk_rules.sql:185	migrations
function	get_live_settings	1	0	migrations/betfair_live_controls.sql:63	migrations
function	get_live_settled	1	0	migrations/betfair_live_pnl_journal.sql:131	migrations
function	get_live_xhedge	1	0	migrations/betfair_live_xhedge.sql:24	migrations
function	get_market_delays	3	0	migrations/analytics_rpc_veloci_2026-09-26.sql:808	migrations,sql
function	get_market_frequency	1	0	sql/market_frequency_rpc.sql:40	sql
function	get_mike_aggregates	2	1	migrations/mike_aggregati_per_modalita_2026-09-13.sql:145	migrations
function	get_mike_daily	5	1	migrations/giornata_di_riferimento_giorno_partita_2026-10-01.sql:768	migrations
function	get_mike_day_trades	6	1	migrations/giornata_di_riferimento_giorno_partita_2026-10-01.sql:818	migrations
function	get_mike_state	3	0	migrations/mike_bot.sql:247	migrations
function	get_mike_trades	1	0	migrations/mike_bot.sql:286	migrations
function	get_omega_aggregates	2	0	migrations/omega_chiuso_dall_utente_2026-09-16.sql:255	migrations
function	get_omega_aggregates_modalita	1	0	migrations/omega_aggregati_servizio_per_modalita_2026-09-28.sql:31	migrations
function	get_omega_daily	5	1	migrations/daily_history.sql:291	migrations
function	get_omega_day_trades	4	1	migrations/daily_history.sql:318	migrations
function	get_omega_events	2	0	migrations/omega_manual.sql:144	migrations
function	get_omega_ht_ft	2	0	migrations/omega_daily_v2.sql:649	migrations
function	get_omega_manual_requests	2	0	migrations/omega_manual.sql:183	migrations
function	get_omega_market	1	0	migrations/omega_manual.sql:164	migrations
function	get_omega_minute_ft	2	0	migrations/omega_models_v3.sql:260	migrations
function	get_omega_missions	4	0	migrations/live_follow_record.sql:127	migrations
function	get_omega_proposte	2	0	migrations/omega_proposte_coda_unica_2026-09-17.sql:273	migrations
function	get_omega_state	5	0	migrations/omega_bot.sql:209	migrations
function	get_omega_trades	1	0	migrations/omega_bot.sql:257	migrations
function	get_personal_report	1	0	migrations/personal_tracking_rpc.sql:594	migrations
function	get_personal_trades	1	0	migrations/personal_tracking_rpc.sql:841	migrations
function	get_poisson_calibration_eta	1	0	migrations/get_direction_eta_2026-09-25.sql:76	migrations
function	get_posizioni_chiuse_giornata	2	0	migrations/giornata_di_riferimento_giorno_partita_2026-10-01.sql:1100	migrations
function	get_replay	2	2	migrations/live_stream_rpc.sql:116	migrations
function	get_replay_bot_esito	1	0	migrations/replay_applica_bot_2026-10-06.sql:23	migrations
function	get_replay_frames	1	0	migrations/live_stream_rpc_chunked.sql:129	migrations
function	get_replay_meta	1	0	migrations/live_stream_rpc_chunked.sql:35	migrations
function	get_replay_tennis_frames	1	0	migrations/replay_tennis_2026-10-07.sql:294	migrations
function	get_replay_tennis_meta	1	0	migrations/replay_tennis_2026-10-07.sql:201	migrations
function	get_safe_activity	1	0	migrations/safe_strategy_bot_v2.sql:266	migrations
function	get_safe_aggregates	2	1	migrations/safe_strategy_bot_v2.sql:194	migrations
function	get_safe_daily	5	1	migrations/daily_history.sql:336	migrations
function	get_safe_day_trades	5	1	migrations/daily_history.sql:369	migrations
function	get_safe_state	3	1	migrations/safe_strategy_bot.sql:257	migrations
function	get_safe_trades	2	1	migrations/safe_strategy_bot.sql:301	migrations
function	get_scalper_control_room	2	0	migrations/scalper_auto_mode_2026-09-25.sql:345	migrations
function	get_scalper_state	1	0	migrations/scalper_bot.sql:165	migrations
function	get_storico_stake	2	0	migrations/giornata_di_riferimento_giorno_partita_2026-10-01.sql:860	migrations
function	get_tennis_bot_daily	3	0	migrations/pnl_betfair_reale_2026-09-24.sql:118	migrations
function	get_tennis_bot_day_trades	1	0	migrations/tennis_bot_pnl_2026-09-17.sql:129	migrations
function	get_tennis_bot_orders_today	1	0	migrations/tennis_bot_service_control_2026-09-17.sql:171	migrations
function	get_tennis_bot_services	1	0	migrations/tennis_bot_service_control_2026-09-17.sql:97	migrations
function	get_tennis_bots_state	1	0	migrations/tennis_bots.sql:211	migrations
function	get_tennis_fixtures	1	0	migrations/tennis_markets.sql:92	migrations
function	get_tennis_follows	2	0	migrations/tennis_follow_record.sql:84	migrations
function	get_tennis_full_odds	1	0	migrations/tennis_markets.sql:124	migrations
function	get_tennis_live_order	1	0	migrations/tennis_orders.sql:224	migrations
function	get_tennis_live_orders	1	0	migrations/tennis_orders.sql:262	migrations
function	get_tennis_live_positions	1	0	migrations/tennis_orders.sql:293	migrations
function	get_tennis_live_positions_all	1	0	migrations/tennis_live_positions_all_rpc.sql:10	migrations
function	get_tennis_refresh_request	1	0	migrations/tennis_markets.sql:186	migrations
function	get_theta_confirm_requests	1	0	migrations/theta_confirm.sql:112	migrations
function	get_watchlist	1	0	migrations/personal_tracking_rpc.sql:179	migrations
function	hazard_atlas_salva_versione	1	0	migrations/hazard_atlas_rpc_scrittura_2026-09-28.sql:52	migrations
function	inizio_partita_evento	1	0	migrations/giornata_di_riferimento_giorno_partita_2026-10-01.sql:167	migrations
function	inizio_partita_sql	1	0	migrations/giornata_di_riferimento_giorno_partita_2026-10-01.sql:191	migrations
function	leagues_needing_retrain	1	0	sql/leagues_needing_retrain_rpc.sql:27	sql
function	list_backtest_results	1	0	migrations/live_backtest_rpc.sql:87	migrations
function	list_backtest_runs	1	0	migrations/live_backtest_rpc.sql:53	migrations
function	list_bot_exposures	1	0	migrations/scanner_list_bot_exposures_2026-10-02.sql:36	migrations
function	list_replays	1	0	migrations/live_stream_rpc.sql:65	migrations
function	list_replays_tennis	2	0	migrations/replay_tennis_2026-10-07.sql:156	migrations
function	list_strategies	1	0	migrations/analytics_strategies_store.sql:48	migrations
function	live_order_mode_avvio	1	0	migrations/live_order_mode_control_2026-09-24.sql:109	migrations
function	mike_activate	1	0	migrations/mike_bot.sql:183	migrations
function	mike_aggregates_sql	2	1	migrations/mike_aggregati_per_modalita_2026-09-13.sql:45	migrations
function	mike_request	2	0	migrations/mike_bot.sql:304	migrations
function	mike_stop	1	0	migrations/mike_bot.sql:205	migrations
function	mike_update_params	1	0	migrations/mike_bot.sql:224	migrations
function	omega_activate	3	0	migrations/omega_activate_conserva_params_2026-09-16.sql:40	migrations
function	omega_aggregates_sql	8	0	migrations/omega_chiuso_dall_utente_2026-09-16.sql:138	migrations
function	omega_build_ht_ft_transitions	2	0	migrations/omega_daily_v2.sql:611	migrations
function	omega_build_minute_transitions_reset	2	0	migrations/omega_models_v3.sql:69	migrations
function	omega_build_minute_transitions_run	3	0	migrations/omega_models_v3.sql:209	migrations
function	omega_build_minute_transitions_schedule	2	0	migrations/omega_models_v3.sql:239	migrations
function	omega_build_minute_transitions_step	3	0	migrations/omega_models_v3.sql:81	migrations
function	omega_eventi_chiusi_dall_utente	1	0	migrations/omega_chiuso_dall_utente_2026-09-16.sql:104	migrations
function	omega_evento_riprendi	1	0	migrations/omega_chiuso_dall_utente_2026-09-16.sql:70	migrations
function	omega_mission_activate	1	0	migrations/omega_missions.sql:78	migrations
function	omega_mission_follow	2	0	migrations/live_follow_record.sql:84	migrations
function	omega_mission_stop	1	0	migrations/omega_missions.sql:143	migrations
function	omega_request	2	0	migrations/omega_cashout.sql:95	migrations
function	omega_request_approve	3	2	migrations/omega_proposte_coda_unica_2026-09-17.sql:186	migrations
function	omega_request_ignore	2	0	migrations/omega_proposte_coda_unica_2026-09-17.sql:234	migrations
function	omega_snapshot_daily_goal	1	0	migrations/omega_daily_v2.sql:42	migrations
function	omega_stop	1	0	migrations/omega_bot.sql:155	migrations
function	omega_transitions_compare	1	0	migrations/omega_transitions_catchup_2026-09-25.sql:805	migrations
function	omega_transitions_ledger_counts	1	0	migrations/omega_transitions_catchup_2026-09-25.sql:783	migrations
function	omega_transitions_nightly	1	0	migrations/omega_transitions_catchup_2026-09-25.sql:446	migrations
function	omega_transitions_publish	1	0	migrations/omega_transitions_catchup_2026-09-25.sql:665	migrations
function	omega_transitions_schedule	1	0	migrations/omega_transitions_catchup_2026-09-25.sql:993	migrations
function	omega_transitions_status	1	0	migrations/omega_transitions_catchup_2026-09-25.sql:889	migrations
function	omega_transitions_step	1	0	migrations/omega_transitions_catchup_2026-09-25.sql:178	migrations
function	omega_transitions_unpublish	1	0	migrations/omega_transitions_catchup_2026-09-25.sql:747	migrations
function	omega_update_params	2	0	migrations/omega_bot.sql:178	migrations
function	posizioni_chiuse_tabella	1	0	migrations/posizioni_chiuse_giornata_2026-09-24.sql:83	migrations
function	posizioni_chiuse_tabella_partita	1	0	migrations/giornata_di_riferimento_giorno_partita_2026-10-01.sql:1009	migrations
function	recompute_personal_trade	2	0	migrations/personal_tracking_manual_entry.sql:57	migrations
function	record_fixture_detail_checks	1	0	migrations/season_gaps_2026-09-25.sql:96	migrations
function	refresh_analytics_bets	1	0	migrations/analytics_strategy.sql:268	migrations
function	refresh_analytics_bets_range	2	0	migrations/analytics_strategy.sql:145	migrations
function	refresh_analytics_bets_range_diag	1	0	migrations/refresh_analytics_bets_range_v2_2026-09-24.sql:76	migrations
function	refresh_analytics_riepilogo	1	0	migrations/analytics_rpc_veloci_2026-09-26.sql:196	migrations
function	request_backtest	1	0	migrations/live_backtest_rpc.sql:23	migrations
function	request_betfair_live_order	5	0	migrations/betfair_live_cashout_event_v2.sql:33	migrations
function	request_betfair_order	1	0	migrations/betfair_order_queue.sql:50	migrations
function	request_betfair_refresh	1	0	migrations/betfair_refresh_queue.sql:37	migrations
function	request_live_risk_rule	4	0	migrations/betfair_live_risk_rules.sql:70	migrations
function	request_tennis_live_order	2	0	migrations/tennis_chiudi_bot_2026-09-24.sql:28	migrations
function	request_tennis_refresh	1	0	migrations/tennis_markets.sql:145	migrations
function	reset_personal_report	1	0	migrations/personal_tracking_rpc.sql:934	migrations
function	run_strategy	1	0	migrations/analytics_strategies_store.sql:70	migrations
function	run_strategy_rows	1	0	migrations/analytics_strategies_store.sql:115	migrations
function	safe_activate	1	0	migrations/safe_strategy_bot.sql:171	migrations
function	safe_aggregates_sql	2	1	migrations/safe_strategy_bot_v2.sql:85	migrations
function	safe_request	5	0	migrations/safe_cash_out_globale_e_cap_automatico_2026-09-16.sql:63	migrations
function	safe_request_approve	3	4	migrations/safe_request_approve_contesto_2026-09-24.sql:28	migrations
function	safe_request_ignore	1	0	migrations/safe_strategy_proposed_2026-09-14.sql:90	migrations
function	safe_set_mode	1	0	migrations/safe_strategy_paper_live_2026-09-13.sql:683	migrations
function	safe_stop	2	0	migrations/safe_strategy_bot.sql:204	migrations
function	safe_update_params	1	0	migrations/safe_strategy_bot.sql:227	migrations
function	save_strategy	1	0	migrations/analytics_strategies_store.sql:27	migrations
function	scalper_activate	2	0	migrations/scalper_auto_mode_2026-09-25.sql:277	migrations
function	scalper_approva_uscita	1	0	migrations/uscite_approva_bot_flusso_2026-09-28.sql:73	migrations
function	scalper_auto_activate	1	0	migrations/scalper_auto_mode_2026-09-25.sql:99	migrations
function	scalper_auto_stop	1	0	migrations/scalper_auto_mode_2026-09-25.sql:162	migrations
function	scalper_auto_update	1	0	migrations/scalper_auto_mode_2026-09-25.sql:199	migrations
function	scalper_media_attiva_adesso	1	0	migrations/media_under_attiva_adesso_2026-10-07.sql:27	migrations
function	scalper_stop	1	0	migrations/scalper_bot.sql:135	migrations
function	scalper_stop_sessione	1	0	migrations/scalper_control_room_2026-09-24.sql:145	migrations
function	scalper_uscite_automatiche	2	0	migrations/scalper_auto_mode_2026-09-25.sql:239	migrations
function	season_aggregates_summary	1	0	migrations/season_aggregates_2026-09-25.sql:29	migrations
function	season_detail_gaps	2	0	migrations/season_gaps_2026-09-25.sql:136	migrations
function	season_gaps_summary	1	0	migrations/season_gaps_2026-09-25.sql:198	migrations
function	segui_live_apri_partita	1	0	migrations/segui_live_apri_partita_2026-10-06.sql:17	migrations
function	set_follow_record	1	0	migrations/live_follow_record.sql:45	migrations
function	set_live_journal_note	1	0	migrations/betfair_live_pnl_journal.sql:201	migrations
function	set_live_kill_switch	1	0	migrations/betfair_live_controls.sql:85	migrations
function	set_live_order_mode	1	0	migrations/live_order_mode_control_2026-09-24.sql:68	migrations
function	set_live_settings	2	0	migrations/betfair_live_controls.sql:113	migrations
function	set_trade_time_operative	1	0	migrations/personal_tracking_import.sql:157	migrations
function	set_watchlist_decision	1	0	migrations/personal_tracking_rpc.sql:213	migrations
function	set_watchlist_follow_live	1	0	migrations/watchlist_follow_live.sql:28	migrations
function	settle_personal_trade	1	0	migrations/personal_tracking_rpc.sql:552	migrations
function	sicurezza_bk	12	0	migrations/sicurezza_db_2026-09-24_BLOCCO_1_zero_rischio.sql:91	migrations
function	tennis_bot_approva_uscita	1	0	migrations/uscite_approva_bot_flusso_2026-09-28.sql:31	migrations
function	tennis_bot_arm	3	0	migrations/tennis_bot_control_mode_2026-09-24.sql:56	migrations
function	tennis_bot_disarm	1	0	migrations/tennis_bots.sql:179	migrations
function	tennis_bot_service_activate	1	0	migrations/tennis_bot_service_control_2026-09-17.sql:49	migrations
function	tennis_bot_service_set_uscite	1	0	migrations/tennis_uscite_manuali_2026-09-25.sql:84	migrations
function	tennis_bot_service_stop	1	0	migrations/tennis_bot_service_control_2026-09-17.sql:78	migrations
function	tennis_bot_service_update_params	1	0	migrations/tennis_bot_service_control_2026-09-17.sql:131	migrations
function	tennis_follow_event	2	0	migrations/tennis_live.sql:189	migrations
function	tennis_is_owner	2	0	migrations/tennis_bots.sql:28	migrations
function	tennis_set_follow_record	1	0	migrations/tennis_follow_record.sql:34	migrations
function	theta_confirm_decide	1	0	migrations/theta_confirm.sql:74	migrations
function	trading_daily_history	7	3	migrations/daily_history.sql:48	migrations
function	trading_day_trades	5	3	migrations/daily_history.sql:235	migrations
function	update_updated_at_column	3	0	migrations/engine_signals.sql:81	migrations
function	upsert_cash_movement	1	0	migrations/personal_cash_movements.sql:32	migrations
function	upsert_imported_trade	1	0	migrations/personal_tracking_import.sql:44	migrations
table	analytics_bets	1	0	migrations/analytics_strategy.sql:85	migrations
table	analytics_decisions	1	0	migrations/analytics_decisions.sql:21	migrations
table	analytics_prob_staging	1	0	migrations/analytics_prob_staging.sql:11	migrations
table	analytics_riepilogo_decisioni	1	0	migrations/analytics_rpc_veloci_2026-09-26.sql:76	migrations
table	analytics_riepilogo_meta	1	0	migrations/analytics_rpc_veloci_2026-09-26.sql:99	migrations
table	analytics_riepilogo_segnali	1	0	migrations/analytics_rpc_veloci_2026-09-26.sql:58	migrations
table	analytics_signals	1	0	migrations/analytics_signals.sql:33	migrations
table	analytics_snap_staging	1	0	migrations/analytics_snap_staging.sql:24	migrations
table	betfair_live_account	1	0	migrations/betfair_live_account_heartbeat.sql:22	migrations
table	betfair_live_audit	1	0	migrations/betfair_live_controls.sql:38	migrations
table	betfair_live_heartbeat	1	0	migrations/betfair_live_account_heartbeat.sql:53	migrations
table	betfair_live_journal	1	0	migrations/betfair_live_pnl_journal.sql:89	migrations
table	betfair_live_order_requests	1	0	migrations/betfair_live_order_queue.sql:33	migrations
table	betfair_live_orders	1	0	migrations/betfair_live_order_queue.sql:80	migrations
table	betfair_live_positions	1	0	migrations/betfair_live_order_queue.sql:130	migrations
table	betfair_live_risk_rules	1	0	migrations/betfair_live_risk_rules.sql:28	migrations
table	betfair_live_risk_state	1	0	migrations/betfair_live_pnl_journal.sql:51	migrations
table	betfair_live_settings	1	0	migrations/betfair_live_controls.sql:19	migrations
table	betfair_live_settled	1	0	migrations/betfair_live_pnl_journal.sql:25	migrations
table	betfair_live_xhedge	1	0	migrations/betfair_live_xhedge.sql:10	migrations
table	betfair_market_odds	1	0	migrations/betfair_market_odds.sql:6	migrations
table	betfair_order_requests	1	0	migrations/betfair_order_queue.sql:17	migrations
table	betfair_refresh_requests	1	0	migrations/betfair_refresh_queue.sql:12	migrations
table	book_odds_cache	1	0	migrations/analytics_strategy.sql:77	migrations
table	book_odds_cache_fonte	1	0	migrations/refresh_analytics_bets_range_v2_2026-09-24.sql:64	migrations
table	direction_pagella	1	0	migrations/direction_pagella.sql:13	migrations
table	engine_signals	1	0	migrations/engine_signals.sql:7	migrations
table	fixture_detail_checks	1	0	migrations/season_gaps_2026-09-25.sql:62	migrations
table	hazard_atlas	1	0	migrations/hazard_atlas_2026-09-24.sql:41	migrations
table	hazard_atlas_leghe	1	0	migrations/hazard_atlas_2026-09-24.sql:28	migrations
table	live_alerts	1	0	migrations/live_alerts.sql:22	migrations
table	live_backtest_requests	1	0	migrations/live_backtest.sql:25	migrations
table	live_backtest_results	1	0	migrations/live_backtest.sql:44	migrations
table	live_follow	1	0	migrations/live_stream.sql:33	migrations
table	live_ladder	1	0	migrations/live_ladder.sql:37	migrations
table	live_market_snapshots	1	0	migrations/live_stream.sql:96	migrations
table	live_markets	1	0	migrations/live_stream.sql:75	migrations
table	live_now	1	0	migrations/live_stream.sql:59	migrations
table	live_run_log	1	0	migrations/live_stream.sql:135	migrations
table	live_score_timeline	1	0	migrations/live_stream.sql:117	migrations
table	live_signals	1	0	migrations/live_signals.sql:27	migrations
table	mike_activity	1	0	migrations/mike_bot.sql:124	migrations
table	mike_control	1	0	migrations/mike_bot.sql:24	migrations
table	mike_events	1	0	migrations/mike_bot.sql:45	migrations
table	mike_requests	1	0	migrations/mike_bot.sql:137	migrations
table	mike_trades	1	0	migrations/mike_bot.sql:79	migrations
table	omega_activity	1	0	migrations/omega_bot.sql:73	migrations
table	omega_build_jobs	1	0	migrations/omega_models_v3.sql:49	migrations
table	omega_control	1	0	migrations/omega_bot.sql:17	migrations
table	omega_daily_goal	1	0	migrations/omega_daily_v2.sql:34	migrations
table	omega_events	1	0	migrations/omega_manual.sql:39	migrations
table	omega_ht_ft_transitions	1	0	migrations/omega_daily_v2.sql:600	migrations
table	omega_ht_ft_transitions_pre_ledger	1	0	migrations/omega_transitions_catchup_2026-09-25.sql:697	migrations
table	omega_ht_ft_transitions_raw	1	0	migrations/omega_transitions_catchup_2026-09-25.sql:99	migrations
table	omega_manual_requests	1	0	migrations/omega_manual.sql:76	migrations
table	omega_market_snapshot	1	0	migrations/omega_manual.sql:62	migrations
table	omega_minute_league_counts	1	0	migrations/omega_models_v3.sql:62	migrations
table	omega_minute_league_counts_pre_ledger	1	0	migrations/omega_transitions_catchup_2026-09-25.sql:699	migrations
table	omega_minute_transitions	1	0	migrations/omega_models_v3.sql:21	migrations
table	omega_minute_transitions_pre_ledger	1	0	migrations/omega_transitions_catchup_2026-09-25.sql:695	migrations
table	omega_minute_transitions_raw	1	0	migrations/omega_transitions_catchup_2026-09-25.sql:84	migrations
table	omega_missions	1	0	migrations/omega_missions.sql:27	migrations
table	omega_requests	1	1	migrations/omega_proposte_uscita_2026-09-16.sql:30	migrations
table	omega_trades	1	0	migrations/omega_bot.sql:38	migrations
table	omega_transitions_league_counts	1	0	migrations/omega_transitions_catchup_2026-09-25.sql:112	migrations
table	omega_transitions_ledger	1	0	migrations/omega_transitions_catchup_2026-09-25.sql:69	migrations
table	omega_transitions_runs	1	0	migrations/omega_transitions_catchup_2026-09-25.sql:140	migrations
table	omega_transitions_state	1	0	migrations/omega_transitions_catchup_2026-09-25.sql:123	migrations
table	personal_cash_movements	1	0	migrations/personal_cash_movements.sql:11	migrations
table	personal_trade_legs	1	0	migrations/personal_tracking.sql:114	migrations
table	personal_trades	1	0	migrations/personal_tracking.sql:54	migrations
table	personal_watchlist	1	0	migrations/personal_tracking.sql:20	migrations
table	poisson_calibration	1	0	migrations/poisson_calibration.sql:21	migrations
table	replay_bot_esiti	1	0	migrations/replay_applica_bot_2026-10-06.sql:11	migrations
table	safe_strategy_activity	1	0	migrations/safe_strategy_bot.sql:95	migrations
table	safe_strategy_control	1	0	migrations/safe_strategy_bot.sql:22	migrations
table	safe_strategy_opportunities	1	0	migrations/safe_strategy_bot.sql:122	migrations
table	safe_strategy_requests	1	0	migrations/safe_strategy_bot.sql:106	migrations
table	safe_strategy_scan	1	0	migrations/safe_strategy_scan.sql:28	migrations
table	safe_strategy_status	1	0	migrations/safe_strategy_scan.sql:40	migrations
table	safe_strategy_trades	1	0	migrations/safe_strategy_bot.sql:47	migrations
table	scalper_activity	1	0	migrations/scalper_bot.sql:53	migrations
table	scalper_control	1	0	migrations/scalper_bot.sql:25	migrations
table	scalper_service_control	1	0	migrations/scalper_auto_mode_2026-09-25.sql:68	migrations
table	sicurezza_bk	3	0	migrations/sicurezza_db_2026-09-24_BLOCCO_1_zero_rischio.sql:69	migrations
table	signal_history	1	0	migrations/signal_history.sql:5	migrations
table	strategies	1	0	migrations/analytics_strategies_store.sql:14	migrations
table	tennis_bot_activity	1	0	migrations/tennis_bots.sql:75	migrations
table	tennis_bot_control	1	0	migrations/tennis_bots.sql:47	migrations
table	tennis_bot_service_control	1	0	migrations/tennis_bot_service_control_2026-09-17.sql:27	migrations
table	tennis_live_follow	1	0	migrations/tennis_live.sql:28	migrations
table	tennis_live_ladder	1	0	migrations/tennis_live.sql:73	migrations
table	tennis_live_now	1	0	migrations/tennis_live.sql:56	migrations
table	tennis_live_order_queue	1	0	migrations/tennis_orders.sql:49	migrations
table	tennis_live_orders	1	0	migrations/tennis_orders.sql:74	migrations
table	tennis_live_positions	1	0	migrations/tennis_orders.sql:117	migrations
table	tennis_markets	1	0	migrations/tennis_markets.sql:32	migrations
table	tennis_refresh_requests	1	0	migrations/tennis_markets.sql:66	migrations
table	tennis_replay_eventi	1	0	migrations/replay_tennis_2026-10-07.sql:51	migrations
table	tennis_replay_mercati	1	0	migrations/replay_tennis_2026-10-07.sql:76	migrations
table	tennis_replay_punteggio	1	0	migrations/replay_tennis_2026-10-07.sql:114	migrations
table	tennis_replay_snapshots	1	0	migrations/replay_tennis_2026-10-07.sql:97	migrations
table	theta_confirm_requests	1	0	migrations/theta_confirm.sql:23	migrations
view	bet_features	1	0	migrations/analytics_features.sql:10	migrations
view	v_clv_summary	1	0	migrations/signal_history.sql:73	migrations
view	v_es_concordance_roi	1	0	migrations/engine_signals.sql:128	migrations
view	v_es_emission_by_engine_market	1	0	migrations/engine_signals.sql:100	migrations
view	v_es_reject_funnel	1	0	migrations/engine_signals.sql:114	migrations
view	v_roi_by_market	1	0	migrations/signal_history.sql:60	migrations
view	v_roi_by_track	1	0	migrations/signal_history.sql:47	migrations
