nome	copie_prod	file_prod	copie_tutte	copie_test	copie_strum_audit	righe_totali_copie_prod	corpi_distinti	gruppi_quasi_identici	rapporto_min	giudizio
__init__	182	93	1041	794	65	4151	180	180	1.00	DIVERSE (180 gruppi)
main	96	96	288	0	192	5727	96	96	1.00	DIVERSE (96 gruppi)
_num	20	20	22	1	1	131	18	18	1.00	DIVERSE (18 gruppi)
process_market_book	20	20	34	9	5	1826	20	19	0.91	DIVERSE (19 gruppi)
check_market_book	19	19	37	12	6	153	15	14	0.92	DIVERSE (14 gruppi)
_now_iso	17	17	20	3	0	34	1	1	1.00	IDENTICHE
process_closed_market	17	17	20	1	2	380	17	15	0.91	DIVERSE (15 gruppi)
_f	16	16	26	2	8	103	10	10	1.00	DIVERSE (10 gruppi)
_place	16	15	23	7	0	829	16	16	1.00	DIVERSE (16 gruppi)
__getattr__	14	11	32	15	3	59	14	14	1.00	DIVERSE (14 gruppi)
avvia	14	12	22	8	0	122	14	14	1.00	DIVERSE (14 gruppi)
stato	14	11	18	3	1	164	14	14	1.00	DIVERSE (14 gruppi)
_emit	13	13	15	1	1	86	9	9	1.00	DIVERSE (9 gruppi)
_int	12	12	13	0	1	74	8	8	1.00	DIVERSE (8 gruppi)
azzera	12	12	12	0	0	80	12	11	0.90	DIVERSE (11 gruppi)
_reg	11	7	11	0	0	49	8	8	1.00	DIVERSE (8 gruppi)
ferma	11	9	11	0	0	56	7	7	1.00	DIVERSE (7 gruppi)
elenco_controlli	10	10	10	0	0	52	8	8	1.00	DIVERSE (8 gruppi)
evaluate	10	9	25	15	0	335	10	10	1.00	DIVERSE (10 gruppi)
place	10	9	14	4	0	564	7	7	1.00	DIVERSE (7 gruppi)
invia	9	6	14	5	0	101	9	9	1.00	DIVERSE (9 gruppi)
ask_and_run_cli	8	8	8	0	0	152	8	8	1.00	DIVERSE (8 gruppi)
get_supabase	8	8	8	0	0	42	4	3	0.91	DIVERSE (3 gruppi)
statistiche	8	5	11	3	0	41	7	7	1.00	DIVERSE (7 gruppi)
verifica	8	8	10	0	2	525	8	8	1.00	DIVERSE (8 gruppi)
_controllo	7	7	8	1	0	89	6	6	1.00	DIVERSE (6 gruppi)
_ko_epoch_ms	7	7	7	0	0	150	4	4	1.00	DIVERSE (4 gruppi)
_process_once	7	7	7	0	0	471	7	7	1.00	DIVERSE (7 gruppi)
_validate	7	3	9	0	2	195	7	7	1.00	DIVERSE (7 gruppi)
acceso	7	7	8	1	0	33	6	6	1.00	DIVERSE (6 gruppi)
aggiorna	7	6	7	0	0	155	7	7	1.00	DIVERSE (7 gruppi)
log	7	7	96	85	4	44	7	7	1.00	DIVERSE (7 gruppi)
run	7	7	12	2	3	401	7	7	1.00	DIVERSE (7 gruppi)
settled_orders	7	7	7	0	0	25	2	2	1.00	DIVERSE (2 gruppi)
__str__	6	6	6	0	0	23	5	5	1.00	DIVERSE (5 gruppi)
_avvia_canale	6	6	6	0	0	134	6	6	1.00	DIVERSE (6 gruppi)
_cancel_if_live	6	6	6	0	0	70	5	5	1.00	DIVERSE (5 gruppi)
_ciclo	6	5	9	3	0	68	6	6	1.00	DIVERSE (6 gruppi)
_drive_flatten	6	6	6	0	0	658	6	6	1.00	DIVERSE (6 gruppi)
_has_live	6	6	6	0	0	49	5	5	1.00	DIVERSE (5 gruppi)
_manage	6	6	6	0	0	1014	6	6	1.00	DIVERSE (6 gruppi)
_p	6	5	14	7	1	44	6	6	1.00	DIVERSE (6 gruppi)
_parse_int	6	6	6	0	0	95	2	2	1.00	DIVERSE (2 gruppi)
_pubblica_proposte	6	6	6	0	0	43	5	5	1.00	DIVERSE (5 gruppi)
_sleep_backoff	6	6	6	0	0	21	3	3	1.00	DIVERSE (3 gruppi)
check	6	6	9	3	0	64	6	6	1.00	DIVERSE (6 gruppi)
mai_sollecitati	6	6	6	0	0	37	3	3	1.00	DIVERSE (3 gruppi)
osserva	6	6	7	0	1	179	6	6	1.00	DIVERSE (6 gruppi)
per_codice	6	6	6	0	0	30	1	1	1.00	IDENTICHE
pulita	6	6	6	0	0	15	2	2	1.00	DIVERSE (2 gruppi)
riga	6	4	10	4	0	27	5	5	1.00	DIVERSE (5 gruppi)
set_control	6	6	25	16	3	32	6	6	1.00	DIVERSE (6 gruppi)
__call__	5	5	28	23	0	61	5	5	1.00	DIVERSE (5 gruppi)
_b1	5	5	5	0	0	73	5	5	1.00	DIVERSE (5 gruppi)
_b2	5	5	5	0	0	63	5	5	1.00	DIVERSE (5 gruppi)
_b3	5	5	5	0	0	45	5	5	1.00	DIVERSE (5 gruppi)
_b4	5	5	5	0	0	55	5	5	1.00	DIVERSE (5 gruppi)
_begin_flatten	5	5	5	0	0	57	4	4	1.00	DIVERSE (4 gruppi)
_conta	5	4	11	4	2	16	4	4	1.00	DIVERSE (4 gruppi)
_delete	5	5	5	0	0	75	5	5	1.00	DIVERSE (5 gruppi)
_is_transient	5	5	5	0	0	50	2	2	1.00	DIVERSE (2 gruppi)
_k1	5	5	6	1	0	92	5	5	1.00	DIVERSE (5 gruppi)
_k2	5	5	5	0	0	80	5	5	1.00	DIVERSE (5 gruppi)
_k3	5	5	5	0	0	85	5	5	1.00	DIVERSE (5 gruppi)
_k4	5	5	5	0	0	87	5	5	1.00	DIVERSE (5 gruppi)
_main	5	5	5	0	0	101	5	5	1.00	DIVERSE (5 gruppi)
_matched	5	5	7	2	0	90	4	4	1.00	DIVERSE (4 gruppi)
_ora	5	5	7	1	1	19	5	5	1.00	DIVERSE (5 gruppi)
_ora_ms	5	5	5	0	0	20	4	4	1.00	DIVERSE (4 gruppi)
_orologio_s	5	5	6	1	0	46	3	3	1.00	DIVERSE (3 gruppi)
_prefisso_uscite	5	5	5	0	0	26	5	5	1.00	DIVERSE (5 gruppi)
_q	5	3	7	0	2	35	5	5	1.00	DIVERSE (5 gruppi)
_safe	5	5	6	1	0	16	4	4	1.00	DIVERSE (4 gruppi)
_ts	5	5	8	1	2	50	5	5	1.00	DIVERSE (5 gruppi)
_val	5	5	6	1	0	26	5	5	1.00	DIVERSE (5 gruppi)
_vivo	5	5	5	0	0	14	5	5	1.00	DIVERSE (5 gruppi)
disponibile	5	4	9	4	0	16	4	4	1.00	DIVERSE (4 gruppi)
esiti	5	4	9	4	0	10	4	4	1.00	DIVERSE (4 gruppi)
giro	5	5	17	3	9	113	5	5	1.00	DIVERSE (5 gruppi)
list_cleared_orders	5	5	28	23	0	82	5	5	1.00	DIVERSE (5 gruppi)
list_current_orders	5	5	43	37	1	54	5	5	1.00	DIVERSE (5 gruppi)
load	5	5	8	1	2	86	5	5	1.00	DIVERSE (5 gruppi)
on_data	5	5	5	0	0	27	5	5	1.00	DIVERSE (5 gruppi)
svuota	5	5	5	0	0	19	4	4	1.00	DIVERSE (4 gruppi)
update_trade	5	5	61	54	2	28	5	5	1.00	DIVERSE (5 gruppi)
verifica_consapevolezza	5	5	5	0	0	123	5	5	1.00	DIVERSE (5 gruppi)
_alert	4	4	4	0	0	23	4	4	1.00	DIVERSE (4 gruppi)
_b5	4	4	4	0	0	53	4	4	1.00	DIVERSE (4 gruppi)
_b6	4	4	4	0	0	39	4	4	1.00	DIVERSE (4 gruppi)
_build	4	2	4	0	0	91	4	4	1.00	DIVERSE (4 gruppi)
_cancel	4	4	9	5	0	16	2	2	1.00	DIVERSE (2 gruppi)
_cancel_submins	4	4	4	0	0	31	2	2	1.00	DIVERSE (2 gruppi)
_ciclo_persistente	4	4	4	0	0	48	4	4	1.00	DIVERSE (4 gruppi)
_connetti_ws	4	4	4	0	0	25	3	3	1.00	DIVERSE (3 gruppi)
_dispatch	4	4	5	1	0	134	4	4	1.00	DIVERSE (4 gruppi)
_drive_submins	4	4	4	0	0	306	4	4	1.00	DIVERSE (4 gruppi)
_gira	4	4	12	7	1	102	4	4	1.00	DIVERSE (4 gruppi)
_giro	4	4	20	16	0	83	4	4	1.00	DIVERSE (4 gruppi)
_intero	4	4	4	0	0	35	3	3	1.00	DIVERSE (3 gruppi)
_is_limit	4	4	4	0	0	8	2	2	1.00	DIVERSE (2 gruppi)
_j1	4	4	4	0	0	47	4	4	1.00	DIVERSE (4 gruppi)
_j2	4	4	4	0	0	61	4	4	1.00	DIVERSE (4 gruppi)
_j3	4	4	4	0	0	95	4	4	1.00	DIVERSE (4 gruppi)
_j4	4	4	4	0	0	64	4	4	1.00	DIVERSE (4 gruppi)
_j5	4	4	4	0	0	64	4	4	1.00	DIVERSE (4 gruppi)
_k5	4	4	4	0	0	111	4	4	1.00	DIVERSE (4 gruppi)
_k6	4	4	4	0	0	81	4	4	1.00	DIVERSE (4 gruppi)
_k7	4	4	4	0	0	107	4	4	1.00	DIVERSE (4 gruppi)
_net	4	4	5	1	0	8	3	3	1.00	DIVERSE (3 gruppi)
_net_position	4	4	4	0	0	39	2	2	1.00	DIVERSE (2 gruppi)
_parse_ts	4	4	4	0	0	39	4	4	1.00	DIVERSE (4 gruppi)
_pct	4	4	4	0	0	19	4	4	1.00	DIVERSE (4 gruppi)
_place_exact	4	4	4	0	0	384	4	4	1.00	DIVERSE (4 gruppi)
_r	4	3	7	3	0	15	4	4	1.00	DIVERSE (4 gruppi)
_result	4	4	5	1	0	75	4	4	1.00	DIVERSE (4 gruppi)
_sb	4	4	6	0	2	11	2	2	1.00	DIVERSE (2 gruppi)
_side_min	4	4	4	0	0	22	3	3	1.00	DIVERSE (3 gruppi)
_sink	4	4	5	0	1	24	4	4	1.00	DIVERSE (4 gruppi)
_size_direct_ok	4	4	4	0	0	27	3	3	1.00	DIVERSE (3 gruppi)
_slot	4	4	4	0	0	28	2	2	1.00	DIVERSE (2 gruppi)
_to_int	4	4	4	0	0	24	3	3	1.00	DIVERSE (3 gruppi)
_track	4	4	4	0	0	39	2	2	1.00	DIVERSE (2 gruppi)
_un_giro	4	4	12	5	3	233	4	4	1.00	DIVERSE (4 gruppi)
actionable	4	4	4	0	0	18	4	4	1.00	DIVERSE (4 gruppi)
aggancia	4	4	6	0	2	42	4	4	1.00	DIVERSE (4 gruppi)
aggregates	4	4	38	31	3	105	4	4	1.00	DIVERSE (4 gruppi)
attendi	4	4	6	1	1	79	4	4	1.00	DIVERSE (4 gruppi)
attiva	4	4	4	0	0	21	4	4	1.00	DIVERSE (4 gruppi)
attivo	4	4	4	0	0	47	4	4	1.00	DIVERSE (4 gruppi)
check_result	4	4	4	0	0	133	4	4	1.00	DIVERSE (4 gruppi)
close	4	4	8	3	1	36	4	4	1.00	DIVERSE (4 gruppi)
copre	4	3	4	0	0	31	3	3	1.00	DIVERSE (3 gruppi)
counts	4	4	5	1	0	13	2	2	1.00	DIVERSE (2 gruppi)
fail_stale_processing	4	4	13	6	3	60	4	4	1.00	DIVERSE (4 gruppi)
ferma_al_nuovo_avvio	4	4	4	0	0	212	4	4	1.00	DIVERSE (4 gruppi)
fit	4	3	4	0	0	203	4	4	1.00	DIVERSE (4 gruppi)
get_live_order_mirror	4	4	15	8	3	36	3	3	1.00	DIVERSE (3 gruppi)
get_score	4	4	7	3	0	37	4	4	1.00	DIVERSE (4 gruppi)
healthcheck	4	4	7	3	0	11	4	4	1.00	DIVERSE (4 gruppi)
insert_trade	4	4	44	37	3	23	4	4	1.00	DIVERSE (4 gruppi)
open_trades	4	4	29	22	3	32	4	4	1.00	DIVERSE (4 gruppi)
place_order_live	4	4	37	32	1	275	4	4	1.00	DIVERSE (4 gruppi)
place_submin_live	4	4	11	7	0	325	4	4	1.00	DIVERSE (4 gruppi)
predict	4	3	4	0	0	29	4	4	1.00	DIVERSE (4 gruppi)
read_control	4	4	21	15	2	15	4	4	1.00	DIVERSE (4 gruppi)
richiedi	4	3	5	1	0	116	4	4	1.00	DIVERSE (4 gruppi)
run_once	4	4	4	0	0	1160	4	4	1.00	DIVERSE (4 gruppi)
stop	4	3	9	5	0	14	4	4	1.00	DIVERSE (4 gruppi)
svuota_le_cache	4	4	4	0	0	176	4	4	1.00	DIVERSE (4 gruppi)
ticks_between	4	4	5	0	1	62	2	2	1.00	DIVERSE (2 gruppi)
trades_for_event	4	4	31	26	1	33	4	4	1.00	DIVERSE (4 gruppi)
url	4	4	4	0	0	8	4	4	1.00	DIVERSE (4 gruppi)
uscita_manuale_finita	4	4	4	0	0	34	4	4	1.00	DIVERSE (4 gruppi)
win	4	1	4	0	0	13	4	4	1.00	DIVERSE (4 gruppi)
__repr__	3	3	5	2	0	6	3	3	1.00	DIVERSE (3 gruppi)
_a1	3	3	3	0	0	14	3	3	1.00	DIVERSE (3 gruppi)
_aggiungi	3	3	3	0	0	30	3	3	1.00	DIVERSE (3 gruppi)
_applica	3	2	6	3	0	106	3	3	1.00	DIVERSE (3 gruppi)
_attendi	3	3	11	8	0	28	3	3	1.00	DIVERSE (3 gruppi)
_avvia_sveglia	3	3	3	0	0	91	3	3	1.00	DIVERSE (3 gruppi)
_avvia_uscita_manuale	3	3	3	0	0	124	3	3	1.00	DIVERSE (3 gruppi)
_b7	3	3	3	0	0	36	3	3	1.00	DIVERSE (3 gruppi)
_blocco_apertura_modo	3	3	3	0	0	53	3	3	1.00	DIVERSE (3 gruppi)
_c1	3	3	3	0	0	58	3	3	1.00	DIVERSE (3 gruppi)
_cadenza_battito	3	3	3	0	0	89	3	3	1.00	DIVERSE (3 gruppi)
_chiudi	3	3	6	3	0	36	3	3	1.00	DIVERSE (3 gruppi)
_costruisci	3	3	4	1	0	17	3	3	1.00	DIVERSE (3 gruppi)
_dc_tau	3	3	4	0	1	44	3	3	1.00	DIVERSE (3 gruppi)
_dormi_o_sveglia	3	3	3	0	0	26	3	3	1.00	DIVERSE (3 gruppi)
_e1	3	3	3	0	0	29	3	3	1.00	DIVERSE (3 gruppi)
_e2	3	3	3	0	0	126	3	3	1.00	DIVERSE (3 gruppi)
_enter_join	3	3	3	0	0	215	2	1	0.97	QUASI_IDENTICHE
_enter_maker	3	3	3	0	0	101	2	1	0.94	QUASI_IDENTICHE
_env_float	3	3	3	0	0	33	3	3	1.00	DIVERSE (3 gruppi)
_env_int	3	3	3	0	0	20	3	3	1.00	DIVERSE (3 gruppi)
_fetch_matches	3	3	4	1	0	71	3	3	1.00	DIVERSE (3 gruppi)
_file_for	3	3	3	0	0	30	3	3	1.00	DIVERSE (3 gruppi)
_find_betfair_bm	3	3	3	0	0	33	2	2	1.00	DIVERSE (2 gruppi)
_flatten	3	3	3	0	0	110	2	1	0.93	QUASI_IDENTICHE
_flow_sums	3	3	3	0	0	27	1	1	1.00	IDENTICHE
_get	3	3	3	0	0	15	3	3	1.00	DIVERSE (3 gruppi)
_handle_cancelling	3	3	3	0	0	51	2	1	0.91	QUASI_IDENTICHE
_hook	3	1	3	0	0	25	3	3	1.00	DIVERSE (3 gruppi)
_ids	3	3	4	1	0	9	2	2	1.00	DIVERSE (2 gruppi)
_iso	3	3	27	19	5	6	3	3	1.00	DIVERSE (3 gruppi)
_j6	3	3	3	0	0	97	3	3	1.00	DIVERSE (3 gruppi)
_lascia_uscire	3	3	3	0	0	82	3	3	1.00	DIVERSE (3 gruppi)
_lato	3	3	3	0	0	18	3	3	1.00	DIVERSE (3 gruppi)
_leggi	3	3	15	4	8	20	3	3	1.00	DIVERSE (3 gruppi)
_line_key	3	3	3	0	0	7	1	1	1.00	IDENTICHE
_log	3	3	4	1	0	36	3	3	1.00	DIVERSE (3 gruppi)
_long_drift	3	3	3	0	0	12	1	1	1.00	IDENTICHE
_long_drift_signed	3	3	3	0	0	57	1	1	1.00	IDENTICHE
_manage_maker	3	3	3	0	0	431	3	2	0.96	DIVERSE (2 gruppi)
_matched_position	3	3	3	0	0	85	2	1	0.91	QUASI_IDENTICHE
_n	3	3	4	1	0	15	3	3	1.00	DIVERSE (3 gruppi)
_norm	3	3	7	4	0	11	3	3	1.00	DIVERSE (3 gruppi)
_now	3	3	3	0	0	6	1	1	1.00	IDENTICHE
_numero	3	3	4	0	1	17	3	3	1.00	DIVERSE (3 gruppi)
_open_lock	3	3	3	0	0	142	2	2	1.00	DIVERSE (2 gruppi)
_ora_iso	3	3	4	0	1	9	3	3	1.00	DIVERSE (3 gruppi)
_ordini_in_sequenza	3	3	3	0	0	36	2	2	1.00	DIVERSE (2 gruppi)
_outcome	3	3	4	1	0	31	3	3	1.00	DIVERSE (3 gruppi)
_p1	3	3	3	0	0	36	3	3	1.00	DIVERSE (3 gruppi)
_p2	3	3	3	0	0	39	3	3	1.00	DIVERSE (3 gruppi)
_page	3	3	3	0	0	31	3	3	1.00	DIVERSE (3 gruppi)
_poisson_pmf	3	3	3	0	0	13	3	3	1.00	DIVERSE (3 gruppi)
_position_row	3	3	3	0	0	69	3	3	1.00	DIVERSE (3 gruppi)
_process_local_requests	3	3	3	0	0	244	3	3	1.00	DIVERSE (3 gruppi)
_pubblica	3	3	4	1	0	44	3	3	1.00	DIVERSE (3 gruppi)
_pubblica_stato	3	3	3	0	0	45	3	3	1.00	DIVERSE (3 gruppi)
_q_ordini	3	3	3	0	0	6	3	3	1.00	DIVERSE (3 gruppi)
_q_rifiuti	3	3	3	0	0	6	3	3	1.00	DIVERSE (3 gruppi)
_r2	3	3	4	0	1	37	3	3	1.00	DIVERSE (3 gruppi)
_read_matched_exposures	3	3	3	0	0	55	3	3	1.00	DIVERSE (3 gruppi)
_recent_move	3	3	3	0	0	33	1	1	1.00	IDENTICHE
_registra	3	3	6	3	0	33	3	3	1.00	DIVERSE (3 gruppi)
_reset	3	3	4	1	0	63	3	3	1.00	DIVERSE (3 gruppi)
_residuo_non_piazzabile	3	3	3	0	0	84	3	3	1.00	DIVERSE (3 gruppi)
_resolve_market	3	3	3	0	0	61	3	3	1.00	DIVERSE (3 gruppi)
_run_one_event	3	3	3	0	0	239	3	3	1.00	DIVERSE (3 gruppi)
_s1	3	3	3	0	0	38	3	3	1.00	DIVERSE (3 gruppi)
_s2	3	3	3	0	0	35	3	3	1.00	DIVERSE (3 gruppi)
_s3	3	3	3	0	0	41	3	3	1.00	DIVERSE (3 gruppi)
_s4	3	3	3	0	0	69	3	3	1.00	DIVERSE (3 gruppi)
_scrivi	3	3	12	3	6	101	3	3	1.00	DIVERSE (3 gruppi)
_sid	3	3	3	0	0	16	3	3	1.00	DIVERSE (3 gruppi)
_signal	3	3	4	1	0	100	2	2	1.00	DIVERSE (2 gruppi)
_size	3	3	3	0	0	11	2	2	1.00	DIVERSE (2 gruppi)
_sollecita	3	3	3	0	0	8	3	3	1.00	DIVERSE (3 gruppi)
_status_name	3	3	3	0	0	18	3	3	1.00	DIVERSE (3 gruppi)
_su_sveglia_dal_canale	3	3	3	0	0	33	2	2	1.00	DIVERSE (2 gruppi)
_tempi_on	3	3	3	0	0	8	1	1	1.00	IDENTICHE
_try_enter	3	3	3	0	0	503	3	1	0.92	QUASI_IDENTICHE
_update_flow	3	3	3	0	0	117	1	1	1.00	IDENTICHE
_upsert	3	3	4	1	0	51	3	3	1.00	DIVERSE (3 gruppi)
_v	3	3	3	0	0	16	3	3	1.00	DIVERSE (3 gruppi)
add_row	3	2	3	0	0	13	3	3	1.00	DIVERSE (3 gruppi)
adesso	3	3	3	0	0	7	3	3	1.00	DIVERSE (3 gruppi)
applica	3	3	11	5	3	53	3	3	1.00	DIVERSE (3 gruppi)
attendi_esito_bet	3	3	4	1	0	17	2	2	1.00	DIVERSE (2 gruppi)
attivita_di	3	3	4	1	0	6	2	2	1.00	DIVERSE (2 gruppi)
avvia_client_scan	3	3	3	0	0	132	3	3	1.00	DIVERSE (3 gruppi)
binom_cdf	3	3	3	0	0	12	2	2	1.00	DIVERSE (2 gruppi)
brier	3	3	3	0	0	14	3	3	1.00	DIVERSE (3 gruppi)
bucket	3	3	4	0	1	21	3	3	1.00	DIVERSE (3 gruppi)
build	3	2	4	0	1	16	3	3	1.00	DIVERSE (3 gruppi)
calibrate	3	3	3	0	0	51	3	3	1.00	DIVERSE (3 gruppi)
cancel	3	2	7	4	0	10	3	3	1.00	DIVERSE (3 gruppi)
cancel_order_live	3	3	15	12	0	177	3	3	1.00	DIVERSE (3 gruppi)
chiudi	3	3	13	3	7	29	3	3	1.00	DIVERSE (3 gruppi)
ciclo	3	2	5	2	0	108	3	3	1.00	DIVERSE (3 gruppi)
compute_green	3	3	3	0	0	69	1	1	1.00	IDENTICHE
confronta	3	3	4	0	1	118	3	3	1.00	DIVERSE (3 gruppi)
delete_trade	3	3	18	12	3	24	3	3	1.00	DIVERSE (3 gruppi)
difetti_di_progettazione	3	3	3	0	0	77	3	3	1.00	DIVERSE (3 gruppi)
emit	3	3	4	1	0	80	3	3	1.00	DIVERSE (3 gruppi)
empty	3	2	3	0	0	6	3	3	1.00	DIVERSE (3 gruppi)
enqueue_live_order	3	3	15	9	3	15	1	1	1.00	IDENTICHE
esegui	3	3	11	5	3	212	3	3	1.00	DIVERSE (3 gruppi)
esposizione	3	3	3	0	0	44	3	3	1.00	DIVERSE (3 gruppi)
execute_place	3	3	3	0	0	353	3	3	1.00	DIVERSE (3 gruppi)
extract	3	3	3	0	0	24	3	3	1.00	DIVERSE (3 gruppi)
fetch_fixtures_for_date	3	3	3	0	0	36	3	3	1.00	DIVERSE (3 gruppi)
fetch_scan_rows	3	3	12	8	1	30	3	3	1.00	DIVERSE (3 gruppi)
find_matches	3	3	3	0	0	11	2	2	1.00	DIVERSE (2 gruppi)
fixture_analysis	3	3	15	8	4	26	3	3	1.00	DIVERSE (3 gruppi)
get	3	3	31	7	21	31	3	3	1.00	DIVERSE (3 gruppi)
get_event	3	3	20	13	4	12	3	3	1.00	DIVERSE (3 gruppi)
get_live_order_request	3	3	14	8	3	20	2	2	1.00	DIVERSE (2 gruppi)
get_live_order_request_by_ref	3	3	12	6	3	22	2	2	1.00	DIVERSE (2 gruppi)
get_trade	3	3	36	30	3	16	3	3	1.00	DIVERSE (3 gruppi)
incassa	3	3	3	0	0	75	3	3	1.00	DIVERSE (3 gruppi)
keep_alive	3	3	10	5	2	20	3	3	1.00	DIVERSE (3 gruppi)
key	3	2	4	1	0	23	3	3	1.00	DIVERSE (3 gruppi)
kinds	3	3	19	16	0	6	3	3	1.00	DIVERSE (3 gruppi)
list_account_cleared_bets	3	3	6	3	0	51	3	3	1.00	DIVERSE (3 gruppi)
list_account_cleared_markets	3	3	6	3	0	60	3	3	1.00	DIVERSE (3 gruppi)
list_events	3	3	7	4	0	43	3	3	1.00	DIVERSE (3 gruppi)
live_follow_status	3	3	13	7	3	17	2	2	1.00	DIVERSE (2 gruppi)
margine	3	1	3	0	0	12	3	3	1.00	DIVERSE (3 gruppi)
micro_price	3	3	3	0	0	57	1	1	1.00	IDENTICHE
normalizza	3	3	3	0	0	24	3	3	1.00	DIVERSE (3 gruppi)
ok	3	3	3	0	0	6	3	3	1.00	DIVERSE (3 gruppi)
ora	3	3	10	7	0	8	3	3	1.00	DIVERSE (3 gruppi)
order_state_by_bet_id	3	3	15	11	1	109	3	3	1.00	DIVERSE (3 gruppi)
parse_scoreline	3	3	4	0	1	16	3	3	1.00	DIVERSE (3 gruppi)
partite_dal_feed	3	3	3	0	0	89	3	3	1.00	DIVERSE (3 gruppi)
pct	3	3	4	0	1	8	3	3	1.00	DIVERSE (3 gruppi)
pending_requests	3	3	10	5	2	11	3	3	1.00	DIVERSE (3 gruppi)
percorso	3	3	3	0	0	6	3	3	1.00	DIVERSE (3 gruppi)
pianifica	3	3	3	0	0	107	3	3	1.00	DIVERSE (3 gruppi)
pop_requests	3	3	4	1	0	16	3	3	1.00	DIVERSE (3 gruppi)
porta_esistente	3	3	3	0	0	14	2	2	1.00	DIVERSE (2 gruppi)
predict_proba	3	2	3	0	0	20	3	3	1.00	DIVERSE (3 gruppi)
publish	3	2	21	18	0	73	3	3	1.00	DIVERSE (3 gruppi)
read_book	3	3	30	26	1	53	3	3	1.00	DIVERSE (3 gruppi)
ref_annullo	3	3	3	0	0	25	3	3	1.00	DIVERSE (3 gruppi)
ref_ordine	3	3	3	0	0	21	3	3	1.00	DIVERSE (3 gruppi)
regola	3	3	3	0	0	6	2	2	1.00	DIVERSE (2 gruppi)
replace	3	2	6	3	0	13	3	3	1.00	DIVERSE (3 gruppi)
revoke_live_order_request	3	3	11	5	3	31	3	3	1.00	DIVERSE (3 gruppi)
riepilogo	3	3	4	1	0	57	3	3	1.00	DIVERSE (3 gruppi)
risolvi	3	2	3	0	0	33	3	3	1.00	DIVERSE (3 gruppi)
round_to_tick	3	3	3	0	0	15	3	3	1.00	DIVERSE (3 gruppi)
run_backfill	3	3	3	0	0	265	3	3	1.00	DIVERSE (3 gruppi)
run_for_date	3	3	3	0	0	499	3	3	1.00	DIVERSE (3 gruppi)
runner_heartbeat	3	3	13	7	3	18	2	2	1.00	DIVERSE (2 gruppi)
scanner_status	3	3	19	14	2	21	3	3	1.00	DIVERSE (3 gruppi)
set_request_status	3	3	9	4	2	40	3	3	1.00	DIVERSE (3 gruppi)
sgancia	3	3	3	0	0	19	3	3	1.00	DIVERSE (3 gruppi)
sim_flat	3	3	3	0	0	21	3	3	1.00	DIVERSE (3 gruppi)
sim_puro	3	3	3	0	0	35	3	3	1.00	DIVERSE (3 gruppi)
statistiche_sveglia	3	3	3	0	0	31	3	3	1.00	DIVERSE (3 gruppi)
stato_ordine	3	3	3	0	0	35	2	2	1.00	DIVERSE (2 gruppi)
stream_di_mercato	3	3	3	0	0	37	3	3	1.00	DIVERSE (3 gruppi)
upsert_events	3	3	5	1	1	28	3	3	1.00	DIVERSE (3 gruppi)
wilson	3	3	5	0	2	19	3	3	1.00	DIVERSE (3 gruppi)
wom_imbalance	3	3	3	0	0	33	1	1	1.00	IDENTICHE
write_message	3	3	3	0	0	193	3	3	1.00	DIVERSE (3 gruppi)
