nome	copie	file	righe_totali	copie_in_gruppi_>=2	copie_identiche_al_capogruppo	copie_quasi(>=0.90)	copie_diverse(singole)	righe_recuperabili	n_gruppi	prime_3_copie
main	96	96	5727	0	0	0	96	0	96	Ai Engine/ai_engine/seriea_model_export.py:715, Ai Engine/ai_engine/serving_batch.py:98, Ai Engine/backtest_ml.py:198
__init__	182	93	4151	4	2	0	178	6	180	Ai Engine/ai_engine/ensemble_trainer.py:101, Ai Engine/ai_engine/ensemble_trainer.py:918, Ai Engine/ai_engine/models/trainer.py:29
process_market_book	20	20	1826	2	0	1	18	211	19	Betfair/stream/backtest/banco_comune.py:2970, Betfair/stream/backtest/sim_strategy.py:235, Betfair/stream/engine/live_trading_strategy.py:188
run_once	4	4	1160	0	0	0	4	0	4	Betfair/mike/service.py:3998, Betfair/omega/omega_service.py:8149, Betfair/safe_strategy/bot_service.py:10115
_manage	6	6	1014	0	0	0	6	0	6	Betfair/stream/scalper/scalper_bot.py:1814, Betfair/stream/tennis_scalper/tennis_flb_bot.py:431, Betfair/stream/tennis_scalper/tennis_pro_bot.py:877
_place	16	15	829	0	0	0	16	0	16	Betfair/mike/engine.py:1876, Betfair/stream/backtest/chiusura_parziale.py:461, Betfair/stream/backtest/minimi_banco.py:147
_drive_flatten	6	6	658	0	0	0	6	0	6	Betfair/stream/scalper/scalper_bot.py:2247, Betfair/stream/scalper/sniper_bot.py:786, Betfair/stream/tennis_scalper/tennis_scalper_bot.py:2161
place	10	9	564	4	3	0	6	12	7	Betfair/safe_strategy/execution.py:1061, Betfair/stream/live_order_worker.py:2931, Betfair/stream/scalper/scalper_bot.py:3118
verifica	8	8	525	0	0	0	8	0	8	Betfair/mike/certificazione.py:1867, Betfair/omega/certificazione.py:1709, Betfair/safe_strategy/certificazione.py:1825
_try_enter	3	3	503	3	0	2	0	344	1	Betfair/stream/scalper/scalper_bot.py:1183, Betfair/stream/tennis_scalper/tennis_scalper_bot.py:1256, laboratorio/scalper_lab/scalper_bot_base.py:815
run_for_date	3	3	499	0	0	0	3	0	3	Ai Engine/ai_engine/serving_batch.py:43, Prediction/today_predictions_backfill.py:2399, tactical_engine/serving.py:192
_process_once	7	7	471	0	0	0	7	0	7	Betfair/order_worker.py:59, Betfair/refresh_worker.py:35, Betfair/stream/daily_stop_worker.py:413
_manage_maker	3	3	431	2	0	1	1	157	2	Betfair/stream/scalper/scalper_bot.py:1524, Betfair/stream/tennis_scalper/tennis_scalper_bot.py:1534, laboratorio/scalper_lab/scalper_bot_base.py:1097
run	7	7	401	0	0	0	7	0	7	AGGIORNA_CAMPO_db_json_analisi.py:208, Betfair/safe_strategy/service.py:3277, Betfair/stream/frammenti_mercato.py:202
_place_exact	4	4	384	0	0	0	4	0	4	Betfair/stream/scalper/scalper_bot.py:3028, Betfair/stream/scalper/sniper_bot.py:1170, Betfair/stream/tennis_scalper/tennis_scalper_bot.py:2636
process_closed_market	17	17	380	4	0	2	13	25	15	Betfair/stream/backtest/sim_strategy.py:241, laboratorio/scalper_lab/scalper_bot_base.py:774, Betfair/stream/engine/live_trading_strategy.py:211
execute_place	3	3	353	0	0	0	3	0	3	Betfair/mike/service.py:739, Betfair/stream/backtest/minimi_banco.py:180, Betfair/stream/tennis_live/paper_execution.py:50
evaluate	10	9	335	0	0	0	10	0	10	Betfair/safe_strategy/engine.py:2112, Betfair/safe_strategy/opportunity.py:529, Betfair/safe_strategy/tennis_opportunity.py:288
place_submin_live	4	4	325	0	0	0	4	0	4	Betfair/mike/service.py:163, Betfair/omega/omega_market.py:1043, Betfair/safe_strategy/bot_service.py:109
_drive_submins	4	4	306	0	0	0	4	0	4	Betfair/stream/scalper/scalper_bot.py:3136, Betfair/stream/scalper/sniper_bot.py:1240, Betfair/stream/tennis_scalper/tennis_scalper_bot.py:2757
place_order_live	4	4	275	0	0	0	4	0	4	Betfair/mike/service.py:152, Betfair/omega/omega_market.py:704, Betfair/safe_strategy/bot_service.py:105
run_backfill	3	3	265	0	0	0	3	0	3	Prediction/backfill_historical_analysis.py:68, football_data_scraper/backfill.py:364, migrations/backfill_engine_signals.py:232
_process_local_requests	3	3	244	0	0	0	3	0	3	Betfair/stream/live_order_worker.py:3457, Betfair/stream/tennis_live/esecutore_tennis.py:283, Betfair/stream/tennis_live/tennis_live_order_worker.py:1542
_run_one_event	3	3	239	0	0	0	3	0	3	Betfair/stream/backtest/run_backtest.py:367, Betfair/stream/scalper/run_scalper.py:38, Betfair/stream/scalper/run_theta.py:69
_un_giro	4	4	233	0	0	0	4	0	4	Betfair/mike/service.py:7471, Betfair/omega/omega_service.py:8841, Betfair/safe_strategy/bot_service.py:10945
_enter_join	3	3	215	3	1	1	0	143	1	Betfair/stream/scalper/scalper_bot.py:1378, Betfair/stream/tennis_scalper/tennis_scalper_bot.py:1462, laboratorio/scalper_lab/scalper_bot_base.py:1024
ferma_al_nuovo_avvio	4	4	212	0	0	0	4	0	4	Betfair/mike/service.py:3964, Betfair/omega/omega_service.py:7966, Betfair/safe_strategy/bot_service.py:10083
esegui	3	3	212	0	0	0	3	0	3	Betfair/stream/backtest/applica_bot.py:754, Betfair/stream/backtest/banco_comune.py:2459, season_backfill.py:161
fit	4	3	203	0	0	0	4	0	4	Ai Engine/ai_engine/ensemble_trainer.py:111, Ai Engine/ai_engine/ensemble_trainer.py:924, Ai Engine/ai_engine/models/trainer.py:34
_validate	7	3	195	0	0	0	7	0	7	Betfair/client.py:71, Betfair/stream/tennis_live/guardie_tennis.py:194, Betfair/stream/tennis_live/guardie_tennis.py:330
write_message	3	3	193	0	0	0	3	0	3	Betfair/stream/raw_listener.py:151, Betfair/stream/tennis_live/tennis_recorder.py:148, Betfair/stream/tennis_scalper/record_multi.py:70
osserva	6	6	179	0	0	0	6	0	6	Betfair/mike/certificazione.py:1947, Betfair/omega/certificazione.py:1779, Betfair/safe_strategy/certificazione_tennis.py:1154
cancel_order_live	3	3	177	0	0	0	3	0	3	Betfair/mike/service.py:179, Betfair/omega/omega_market.py:1327, Betfair/stream/backtest/banco_comune.py:833
svuota_le_cache	4	4	176	0	0	0	4	0	4	Betfair/mike/service.py:436, Betfair/omega/omega_proposte.py:179, Betfair/omega/omega_service.py:260
stato	14	11	164	0	0	0	14	0	14	Betfair/safe_strategy/canale_scan.py:234, Betfair/safe_strategy/canale_scan.py:364, Betfair/safe_strategy/porta_ordini.py:601
aggiorna	7	6	155	0	0	0	7	0	7	Betfair/safe_strategy/canale_scan.py:137, Betfair/safe_strategy/selezione.py:442, Betfair/stream/backtest/porta_banco.py:526
check_market_book	19	19	153	7	2	3	12	43	14	Betfair/stream/backtest/banco_comune.py:2967, Betfair/stream/backtest/sim_strategy.py:228, Betfair/stream/backtest/trasporto_rapido.py:165
ask_and_run_cli	8	8	152	0	0	0	8	0	8	fixtures_backfill.py:178, injuries_backfill.py:333, league_orchestrator.py:210
_ko_epoch_ms	7	7	150	5	3	0	2	73	4	Betfair/stream/scalper/media_under_bot.py:1020, Betfair/stream/scalper/scalper_bot.py:788, Betfair/stream/tennis_scalper/tennis_scalper_bot.py:802
_open_lock	3	3	142	2	1	0	1	50	2	Betfair/stream/scalper/scalper_bot.py:2114, Betfair/stream/tennis_scalper/tennis_scalper_bot.py:2046, laboratorio/scalper_lab/scalper_bot_base.py:1511
_avvia_canale	6	6	134	0	0	0	6	0	6	Betfair/mike/service.py:6831, Betfair/omega/omega_service.py:8590, Betfair/safe_strategy/bot_service.py:10572
_dispatch	4	4	134	0	0	0	4	0	4	Betfair/mike/engine.py:3417, Betfair/stream/live_order_worker.py:3679, Betfair/stream/tennis_live/esecutore_tennis.py:219
check_result	4	4	133	0	0	0	4	0	4	calibration_analysis.py:96, generate_dynamic_cal.py:63, master_backtest.py:397
avvia_client_scan	3	3	132	0	0	0	3	0	3	Betfair/mike/service.py:7047, Betfair/omega/omega_service.py:715, Betfair/safe_strategy/bot_service.py:9519
_num	20	20	131	4	2	0	16	10	18	Betfair/mike/feed.py:68, Betfair/safe_strategy/execution.py:2644, Betfair/mike/service.py:4452
_e2	3	3	126	0	0	0	3	0	3	Betfair/mike/certificazione.py:455, Betfair/omega/certificazione.py:750, Betfair/safe_strategy/certificazione.py:623
_avvia_uscita_manuale	3	3	124	0	0	0	3	0	3	Betfair/stream/tennis_scalper/tennis_pro_bot.py:1239, Betfair/stream/tennis_scalper/tennis_scalper_bot.py:1175, Betfair/stream/tennis_scalper/tennis_swing_bot.py:709
verifica_consapevolezza	5	5	123	0	0	0	5	0	5	Betfair/mike/certificazione.py:1581, Betfair/omega/certificazione.py:2128, Betfair/safe_strategy/certificazione.py:1879
avvia	14	12	122	0	0	0	14	0	14	Betfair/mike/porta_ordini.py:164, Betfair/omega/porta_ordini.py:184, Betfair/safe_strategy/canale_scan.py:354
confronta	3	3	118	0	0	0	3	0	3	Betfair/stream/backtest/trasporto.py:564, Betfair/stream/orologio.py:115, Betfair/stream/scalper/genera_atlante.py:1091
_update_flow	3	3	117	3	2	0	0	78	1	Betfair/stream/scalper/scalper_bot.py:1688, Betfair/stream/tennis_scalper/tennis_scalper_bot.py:1692, laboratorio/scalper_lab/scalper_bot_base.py:1209
richiedi	4	3	116	0	0	0	4	0	4	Betfair/stream/arresto_ordinato.py:62, Betfair/stream/auto_follow.py:234, Betfair/stream/auto_follow.py:741
giro	5	5	113	0	0	0	5	0	5	Betfair/mike/certificazione.py:1772, Betfair/stream/auto_follow.py:822, Betfair/stream/backtest/uscite_manuali.py:392
_k5	4	4	111	0	0	0	4	0	4	Betfair/omega/certificazione.py:2022, Betfair/safe_strategy/certificazione_k.py:394, Betfair/stream/scalper/certificazione.py:734
_flatten	3	3	110	3	0	2	0	66	1	Betfair/stream/scalper/scalper_bot.py:2661, Betfair/stream/tennis_scalper/tennis_scalper_bot.py:2322, laboratorio/scalper_lab/scalper_bot_base.py:1655
order_state_by_bet_id	3	3	109	0	0	0	3	0	3	Betfair/mike/service.py:215, Betfair/omega/omega_market.py:1462, Betfair/stream/backtest/banco_comune.py:1032
ciclo	3	2	108	0	0	0	3	0	3	Betfair/stream/esiti_ordini_canale.py:621, Betfair/stream/esiti_ordini_canale.py:476, Betfair/stream/scalper/atlante_a_domanda.py:424
_k7	4	4	107	0	0	0	4	0	4	Betfair/omega/certificazione.py:2074, Betfair/safe_strategy/certificazione_k.py:457, Betfair/stream/scalper/certificazione.py:783
pianifica	3	3	107	0	0	0	3	0	3	Betfair/stream/frammenti_mercato.py:237, Betfair/stream/tennis_live/iscrizione_a_caldo.py:169, season_backfill.py:100
_applica	3	2	106	0	0	0	3	0	3	Betfair/stream/auto_follow.py:863, Betfair/stream/tennis_live/tennis_runner.py:2574, Betfair/stream/tennis_live/tennis_runner.py:2827
aggregates	4	4	105	0	0	0	4	0	4	Betfair/mike/db.py:393, Betfair/omega/omega_db.py:777, Betfair/safe_strategy/bot_db.py:315
_f	16	16	103	9	6	0	7	40	10	Betfair/mike/regolato_conto.py:77, Betfair/stream/backtest/uscite_manuali.py:165, Betfair/omega/omega_proposte.py:227
_gira	4	4	102	0	0	0	4	0	4	Betfair/safe_strategy/canale_scan.py:371, Betfair/safe_strategy/porta_ordini.py:609, Betfair/stream/esiti_ordini_canale.py:281
invia	9	6	101	0	0	0	9	0	9	Betfair/mike/porta_ordini.py:145, Betfair/omega/porta_ordini.py:162, Betfair/safe_strategy/porta_ordini.py:525
_main	5	5	101	0	0	0	5	0	5	Betfair/stream/runner.py:3149, Betfair/stream/tennis_live/tennis_bot_service.py:1127, Betfair/stream/tennis_live/tennis_runner.py:3465
_enter_maker	3	3	101	3	1	1	0	67	1	Betfair/stream/scalper/scalper_bot.py:1343, Betfair/stream/tennis_scalper/tennis_scalper_bot.py:1428, laboratorio/scalper_lab/scalper_bot_base.py:989
_scrivi	3	3	101	0	0	0	3	0	3	Betfair/omega/omega_proposte.py:689, Betfair/stream/scalper/validazione_hazard/banco.py:649, Betfair/stream/tempi_ordine.py:425
_signal	3	3	100	2	1	0	1	31	2	Betfair/stream/scalper/scalper_bot.py:1775, Betfair/stream/tennis_scalper/tennis_scalper_bot.py:1779, laboratorio/scalper_lab/scalper_bot_base.py:1296
_j6	3	3	97	0	0	0	3	0	3	Betfair/mike/certificazione.py:1044, Betfair/omega/certificazione.py:1161, Betfair/safe_strategy/certificazione.py:1795
_parse_int	6	6	95	5	4	0	1	64	2	injuries_backfill.py:22, standings_backfill.py:22, top_assists_backfill.py:22
_j3	4	4	95	0	0	0	4	0	4	Betfair/mike/certificazione.py:928, Betfair/omega/certificazione.py:1050, Betfair/safe_strategy/certificazione.py:1747
_k1	5	5	92	0	0	0	5	0	5	Betfair/mike/certificazione.py:1509, Betfair/omega/certificazione.py:1944, Betfair/safe_strategy/certificazione_k.py:269
_build	4	2	91	0	0	0	4	0	4	Ai Engine/ai_engine/ensemble_trainer.py:244, Ai Engine/ai_engine/ensemble_trainer.py:270, Ai Engine/ai_engine/ensemble_trainer.py:300
_avvia_sveglia	3	3	91	0	0	0	3	0	3	Betfair/mike/service.py:6925, Betfair/omega/omega_service.py:8671, Betfair/stream/tennis_live/tennis_bot_service.py:309
_matched	5	5	90	2	1	0	3	18	4	Betfair/stream/scalper/sniper_bot.py:747, Betfair/stream/tennis_scalper/tennis_flb_bot.py:165, laboratorio/tennis_lab/tennis_lab.py:103
_controllo	7	7	89	2	1	0	5	8	6	Betfair/mike/certificazione.py:67, Betfair/safe_strategy/certificazione_tennis.py:136, Betfair/omega/certificazione.py:187
_cadenza_battito	3	3	89	0	0	0	3	0	3	Betfair/mike/service.py:4435, Betfair/omega/omega_service.py:7782, Betfair/safe_strategy/bot_service.py:10054
partite_dal_feed	3	3	89	0	0	0	3	0	3	Betfair/stream/auto_follow.py:516, Betfair/stream/scalper/auto_mode.py:212, Betfair/stream/tennis_live/auto_mode.py:141
_k4	5	5	87	0	0	0	5	0	5	Betfair/mike/certificazione.py:1567, Betfair/omega/certificazione.py:2007, Betfair/safe_strategy/certificazione_k.py:367
_emit	13	13	86	7	4	0	6	30	9	Betfair/stream/backtest/uscite_manuali.py:277, Betfair/stream/scalper/media_under_bot.py:1006, Betfair/stream/scalper/scalper_bot.py:737
load	5	5	86	0	0	0	5	0	5	Betfair/safe_strategy/calibration.py:311, _league_eval.py:38, _stack_eval.py:37
_k3	5	5	85	0	0	0	5	0	5	Betfair/mike/certificazione.py:1551, Betfair/omega/certificazione.py:1992, Betfair/safe_strategy/certificazione_k.py:327
_matched_position	3	3	85	3	0	2	0	54	1	Betfair/stream/scalper/scalper_bot.py:2711, Betfair/stream/tennis_scalper/tennis_scalper_bot.py:2385, laboratorio/scalper_lab/scalper_bot_base.py:1718
_residuo_non_piazzabile	3	3	84	0	0	0	3	0	3	Betfair/stream/tennis_scalper/tennis_flb_bot.py:409, Betfair/stream/tennis_scalper/tennis_pro_bot.py:1199, Betfair/stream/tennis_scalper/tennis_swing_bot.py:341
_giro	4	4	83	0	0	0	4	0	4	Betfair/stream/backtest/banco_comune.py:2993, Betfair/stream/motore_ordini.py:326, Betfair/stream/saldo_evento.py:145
list_cleared_orders	5	5	82	0	0	0	5	0	5	Betfair/client.py:395, Betfair/mike/service.py:208, Betfair/omega/omega_market.py:1633
_lascia_uscire	3	3	82	0	0	0	3	0	3	Betfair/stream/scalper/scalper_bot.py:2186, Betfair/stream/scalper/sniper_bot.py:649, Betfair/stream/tennis_scalper/tennis_scalper_bot.py:2112
_k6	4	4	81	0	0	0	4	0	4	Betfair/omega/certificazione.py:2046, Betfair/safe_strategy/certificazione_k.py:423, Betfair/stream/scalper/certificazione.py:758
azzera	12	12	80	2	0	1	10	11	11	Betfair/mike/porta_ordini.py:209, Betfair/omega/porta_ordini.py:227, Betfair/safe_strategy/canale_scan.py:219
_k2	5	5	80	0	0	0	5	0	5	Betfair/mike/certificazione.py:1533, Betfair/omega/certificazione.py:1972, Betfair/safe_strategy/certificazione_k.py:304
emit	3	3	80	0	0	0	3	0	3	Betfair/safe_strategy/anomaly.py:235, Betfair/stream/backtest/trasporto_rapido.py:1299, tmp_today_predictions.py:98
attendi	4	4	79	0	0	0	4	0	4	Betfair/safe_strategy/porta_ordini.py:495, Betfair/stream/backtest/trasporto_rapido.py:342, Betfair/stream/saldo_evento.py:180
difetti_di_progettazione	3	3	77	0	0	0	3	0	3	Betfair/mike/certificazione.py:1999, Betfair/omega/certificazione.py:1821, Betfair/safe_strategy/certificazione_tennis.py:1172
_delete	5	5	75	0	0	0	5	0	5	injuries_backfill.py:207, standings_backfill.py:237, top_assists_backfill.py:233
_result	4	4	75	0	0	0	4	0	4	Betfair/mike/service.py:3569, Betfair/stream/live_order_worker.py:860, Betfair/stream/risk_engine_worker.py:219
incassa	3	3	75	0	0	0	3	0	3	Betfair/safe_strategy/canale_scan.py:430, Betfair/safe_strategy/porta_ordini.py:671, Betfair/stream/esiti_ordini_canale.py:313
_int	12	12	74	7	4	0	5	24	8	Betfair/safe_strategy/anomaly.py:90, Betfair/safe_strategy/combos.py:98, Betfair/safe_strategy/exits.py:343
_b1	5	5	73	0	0	0	5	0	5	Betfair/mike/certificazione.py:155, Betfair/omega/certificazione.py:414, Betfair/safe_strategy/certificazione.py:277
publish	3	2	73	0	0	0	3	0	3	Betfair/safe_strategy/service.py:2839, Betfair/stream/local_channel.py:757, Betfair/stream/local_channel.py:620
_fetch_matches	3	3	71	0	0	0	3	0	3	build_analytics_signals.py:348, enrich_analytics_snapshots.py:209, merge_engine_signals.py:115
_cancel_if_live	6	6	70	2	1	0	4	13	5	Betfair/stream/scalper/scalper_bot.py:3262, laboratorio/scalper_lab/scalper_bot_base.py:2032, Betfair/stream/scalper/sniper_bot.py:1353
_position_row	3	3	69	0	0	0	3	0	3	Betfair/stream/engine/live_trading_strategy.py:376, Betfair/stream/scalper/scalper_session.py:1107, Betfair/stream/tennis_live/tennis_live_order_worker.py:1341
_s4	3	3	69	0	0	0	3	0	3	Betfair/mike/certificazione.py:1423, Betfair/safe_strategy/certificazione_tennis.py:913, Betfair/stream/scalper/certificazione.py:884
compute_green	3	3	69	3	2	0	0	46	1	Betfair/stream/scalper/scalper_bot.py:297, Betfair/stream/tennis_scalper/tennis_scalper_bot.py:164, laboratorio/scalper_lab/scalper_bot_base.py:132
_ciclo	6	5	68	0	0	0	6	0	6	Betfair/stream/auto_follow.py:811, Betfair/stream/motore_ordini.py:841, Betfair/stream/scalper/hazard_atlas_sync.py:197
check	6	6	64	0	0	0	6	0	6	Betfair/safe_strategy/certificazione.py:139, Betfair/safe_strategy/risk.py:185, Betfair/stream/scalper/theta_bot.py:273
_j4	4	4	64	0	0	0	4	0	4	Betfair/mike/certificazione.py:942, Betfair/omega/certificazione.py:1119, Betfair/safe_strategy/certificazione.py:1762
_j5	4	4	64	0	0	0	4	0	4	Betfair/mike/certificazione.py:971, Betfair/omega/certificazione.py:1134, Betfair/safe_strategy/certificazione.py:1781
_b2	5	5	63	0	0	0	5	0	5	Betfair/mike/certificazione.py:186, Betfair/omega/certificazione.py:428, Betfair/safe_strategy/certificazione.py:286
_reset	3	3	63	0	0	0	3	0	3	Betfair/stream/scalper/scalper_bot.py:3277, Betfair/stream/tennis_scalper/tennis_scalper_bot.py:2939, laboratorio/scalper_lab/scalper_bot_base.py:2047
ticks_between	4	4	62	3	2	0	1	34	2	Betfair/stream/scalper/scalper_bot.py:278, Betfair/stream/tennis_scalper/tennis_scalper_bot.py:145, laboratorio/scalper_lab/scalper_bot_base.py:113
__call__	5	5	61	0	0	0	5	0	5	Betfair/stream/backtest/porta_banco.py:396, Betfair/stream/scalper/scalper_service.py:629, Betfair/stream/tennis_live/iscrizione_a_caldo.py:241
_j2	4	4	61	0	0	0	4	0	4	Betfair/mike/certificazione.py:911, Betfair/omega/certificazione.py:996, Betfair/safe_strategy/certificazione.py:1730
_resolve_market	3	3	61	0	0	0	3	0	3	Betfair/stream/live_order_worker.py:686, Betfair/stream/tennis_live/tennis_live_order_worker.py:310, Betfair/stream/tennis_live/tennis_runner.py:744
fail_stale_processing	4	4	60	0	0	0	4	0	4	Betfair/mike/db.py:519, Betfair/omega/omega_db.py:314, Betfair/safe_strategy/bot_db.py:858
list_account_cleared_markets	3	3	60	0	0	0	3	0	3	Betfair/mike/service.py:264, Betfair/safe_strategy/bot_service.py:133, Betfair/stream/backtest/banco_comune.py:1145
__getattr__	14	11	59	0	0	0	14	0	14	Betfair/safe_strategy/bot_service.py:102, Betfair/stream/backtest/banco_comune.py:390, Betfair/stream/backtest/chiusura_parziale.py:253
_c1	3	3	58	0	0	0	3	0	3	Betfair/mike/certificazione.py:248, Betfair/omega/certificazione.py:498, Betfair/safe_strategy/certificazione_tennis.py:978
_begin_flatten	5	5	57	2	1	0	3	10	4	Betfair/stream/scalper/scalper_bot.py:2228, laboratorio/scalper_lab/scalper_bot_base.py:1551, Betfair/stream/scalper/sniper_bot.py:770
_long_drift_signed	3	3	57	3	2	0	0	38	1	Betfair/stream/scalper/scalper_bot.py:1743, Betfair/stream/tennis_scalper/tennis_scalper_bot.py:1747, laboratorio/scalper_lab/scalper_bot_base.py:1264
micro_price	3	3	57	3	2	0	0	38	1	Betfair/stream/scalper/scalper_bot.py:244, Betfair/stream/tennis_scalper/tennis_scalper_bot.py:111, laboratorio/scalper_lab/scalper_bot_base.py:79
riepilogo	3	3	57	0	0	0	3	0	3	Betfair/stream/backtest/chiusura_parziale.py:701, Betfair/stream/backtest/proposte_modello.py:1360, Betfair/stream/backtest/uscite_manuali.py:563
ferma	11	9	56	6	4	0	5	11	7	Betfair/safe_strategy/canale_scan.py:361, Betfair/stream/esiti_ordini_canale.py:272, Betfair/stream/sveglia_canale.py:310
_b4	5	5	55	0	0	0	5	0	5	Betfair/mike/certificazione.py:213, Betfair/omega/certificazione.py:460, Betfair/safe_strategy/certificazione.py:308
_read_matched_exposures	3	3	55	0	0	0	3	0	3	Betfair/stream/live_order_worker.py:1684, Betfair/stream/tennis_live/esecutore_tennis.py:198, Betfair/stream/tennis_live/tennis_live_order_worker.py:855
list_current_orders	5	5	54	0	0	0	5	0	5	Betfair/client.py:361, Betfair/mike/service.py:200, Betfair/omega/omega_market.py:1565
_b5	4	4	53	0	0	0	4	0	4	Betfair/mike/certificazione.py:233, Betfair/safe_strategy/certificazione.py:330, Betfair/stream/scalper/certificazione.py:612
_blocco_apertura_modo	3	3	53	0	0	0	3	0	3	Betfair/stream/live_order_worker.py:184, Betfair/stream/tennis_live/esecutore_tennis.py:169, Betfair/stream/tennis_live/tennis_live_order_worker.py:96
applica	3	3	53	0	0	0	3	0	3	Betfair/stream/auto_follow.py:361, Betfair/stream/backtest/porta_banco.py:274, Betfair/stream/frammenti_mercato.py:532
read_book	3	3	53	0	0	0	3	0	3	Betfair/mike/service.py:146, Betfair/omega/omega_market.py:571, Betfair/stream/backtest/banco_comune.py:1452
elenco_controlli	10	10	52	4	2	0	6	6	8	Betfair/mike/certificazione.py:1894, Betfair/omega/certificazione.py:1734, Betfair/safe_strategy/certificazione.py:1902
_handle_cancelling	3	3	51	3	0	2	0	32	1	Betfair/stream/scalper/scalper_bot.py:2094, Betfair/stream/tennis_scalper/tennis_scalper_bot.py:2029, laboratorio/scalper_lab/scalper_bot_base.py:1494
_upsert	3	3	51	0	0	0	3	0	3	build_analytics_signals.py:394, fix_storico_prob.py:54, merge_engine_signals.py:208
calibrate	3	3	51	0	0	0	3	0	3	Betfair/safe_strategy/opportunity.py:383, Betfair/stream/engine/live_engine_pro.py:116, Betfair/stream/tennis_scalper/research_data.py:120
list_account_cleared_bets	3	3	51	0	0	0	3	0	3	Betfair/mike/service.py:246, Betfair/safe_strategy/bot_service.py:130, Betfair/stream/backtest/banco_comune.py:1090
_is_transient	5	5	50	4	3	0	1	27	2	build_analytics_signals.py:54, build_direzione.py:49, enrich_analytics_snapshots.py:111
_ts	5	5	50	0	0	0	5	0	5	Betfair/omega/omega_proposte.py:993, Betfair/stream/backtest/proposte_modello.py:250, Betfair/stream/scalper/atlante_a_domanda.py:95
_reg	11	7	49	5	3	0	6	10	8	Betfair/mike/certificazione.py:80, Betfair/omega/certificazione.py:195, Betfair/safe_strategy/certificazione_tennis.py:139
_has_live	6	6	49	2	1	0	4	9	5	Betfair/stream/scalper/scalper_bot.py:3251, laboratorio/scalper_lab/scalper_bot_base.py:2021, Betfair/stream/scalper/sniper_bot.py:1344
_ciclo_persistente	4	4	48	0	0	0	4	0	4	Betfair/mike/service.py:7289, Betfair/omega/omega_service.py:8773, Betfair/safe_strategy/bot_service.py:10877
_j1	4	4	47	0	0	0	4	0	4	Betfair/mike/certificazione.py:897, Betfair/omega/certificazione.py:978, Betfair/safe_strategy/certificazione.py:1714
attivo	4	4	47	0	0	0	4	0	4	Betfair/stream/backtest/trasporto.py:135, Betfair/stream/backtest/uscite_manuali.py:251, Betfair/stream/sveglia_canale.py:313
_orologio_s	5	5	46	3	2	0	2	20	3	Betfair/stream/scalper/scalper_bot.py:746, Betfair/stream/tennis_scalper/tennis_flb_bot.py:319, Betfair/stream/tennis_scalper/tennis_scalper_bot.py:2863
_b3	5	5	45	0	0	0	5	0	5	Betfair/mike/certificazione.py:199, Betfair/omega/certificazione.py:479, Betfair/safe_strategy/certificazione.py:295
_pubblica_stato	3	3	45	0	0	0	3	0	3	Betfair/mike/service.py:7279, Betfair/omega/omega_service.py:8753, Betfair/safe_strategy/bot_service.py:10607
log	7	7	44	0	0	0	7	0	7	Betfair/mike/db.py:71, Betfair/omega/omega_db.py:61, Betfair/safe_strategy/bot_db.py:77
_p	6	5	44	0	0	0	6	0	6	Betfair/omega/omega_empirical.py:133, Betfair/omega/omega_empirical.py:231, Betfair/omega/omega_service.py:1570
_dc_tau	3	3	44	0	0	0	3	0	3	Betfair/omega/omega_advisor.py:93, Betfair/omega/omega_model.py:275, Prediction/today_predictions_backfill.py:1193
_pubblica	3	3	44	0	0	0	3	0	3	Betfair/stream/runner.py:2362, Betfair/stream/scalper/media_under_bot.py:2290, Betfair/stream/scalper/scalper_service.py:335
esposizione	3	3	44	0	0	0	3	0	3	Betfair/omega/omega_v3.py:278, Betfair/stream/backtest/chiusura_parziale.py:201, Betfair/stream/scalper/certificazione.py:369
_pubblica_proposte	6	6	43	2	1	0	4	6	5	Betfair/stream/scalper/scalper_bot.py:2211, Betfair/stream/tennis_scalper/tennis_scalper_bot.py:2133, Betfair/stream/scalper/sniper_bot.py:688
list_events	3	3	43	0	0	0	3	0	3	Betfair/client.py:259, Betfair/mike/db.py:99, Betfair/stream/backtest/banco_comune.py:280
get_supabase	8	8	42	6	4	1	2	26	3	daily_yesterday_backfill.py:31, injuries_backfill.py:47, league_orchestrator.py:41
aggancia	4	4	42	0	0	0	4	0	4	Betfair/stream/auto_follow.py:593, Betfair/stream/backtest/varianti_bot.py:406, Betfair/stream/motore_ordini.py:824
statistiche	8	5	41	2	1	0	6	3	7	Betfair/stream/canale_bot.py:412, Betfair/stream/esiti_ordini_canale.py:585, Betfair/stream/local_channel.py:764
_s3	3	3	41	0	0	0	3	0	3	Betfair/mike/certificazione.py:1400, Betfair/safe_strategy/certificazione_tennis.py:1047, Betfair/stream/scalper/certificazione.py:848
set_request_status	3	3	40	0	0	0	3	0	3	Betfair/mike/db.py:499, Betfair/safe_strategy/bot_db.py:836, Betfair/stream/backtest/banco_comune.py:335
_b6	4	4	39	0	0	0	4	0	4	Betfair/mike/certificazione.py:358, Betfair/safe_strategy/certificazione.py:356, Betfair/stream/scalper/certificazione.py:628
_net_position	4	4	39	3	2	0	1	14	2	Betfair/stream/engine/live_trading_strategy.py:407, Betfair/stream/scalper/scalper_bot.py:2239, Betfair/stream/tennis_scalper/tennis_scalper_bot.py:2153
_parse_ts	4	4	39	0	0	0	4	0	4	Betfair/betfair_report_manager.py:1209, Betfair/safe_strategy/engine.py:1945, Betfair/stream/scores/scan_feed.py:178
_track	4	4	39	3	2	0	1	20	2	Betfair/stream/scalper/scalper_bot.py:2967, Betfair/stream/tennis_scalper/tennis_scalper_bot.py:2596, laboratorio/scalper_lab/scalper_bot_base.py:1856
_p2	3	3	39	0	0	0	3	0	3	Betfair/safe_strategy/certificazione.py:894, Betfair/stream/scalper/certificazione.py:1244, Betfair/stream/tennis_live/certificazione_bot.py:1084
_s1	3	3	38	0	0	0	3	0	3	Betfair/mike/certificazione.py:1326, Betfair/safe_strategy/certificazione_tennis.py:1020, Betfair/stream/scalper/certificazione.py:806
mai_sollecitati	6	6	37	5	3	0	1	16	3	Betfair/mike/certificazione.py:1905, Betfair/omega/certificazione.py:1746, Betfair/safe_strategy/certificazione_tennis.py:1114
get_score	4	4	37	0	0	0	4	0	4	Betfair/stream/scores/api_football.py:77, Betfair/stream/scores/base.py:51, Betfair/stream/scores/betfair_inplay.py:162
_r2	3	3	37	0	0	0	3	0	3	Betfair/mike/certificazione.py:1154, Betfair/safe_strategy/bot_service.py:1376, Betfair/stream/backtest/trasporto_rapido.py:597
stream_di_mercato	3	3	37	0	0	0	3	0	3	Betfair/stream/auto_follow.py:349, Betfair/stream/sottoscrizione_a_caldo.py:47, Betfair/stream/stream_muto.py:113
close	4	4	36	0	0	0	4	0	4	Betfair/stream/backtest/porta_banco.py:200, Betfair/stream/raw_listener.py:269, Betfair/stream/tennis_live/tennis_recorder.py:298
get_live_order_mirror	4	4	36	2	1	0	2	7	3	Betfair/mike/db.py:690, Betfair/omega/omega_db.py:683, Betfair/safe_strategy/bot_db.py:1038
_b7	3	3	36	0	0	0	3	0	3	Betfair/mike/certificazione.py:428, Betfair/safe_strategy/certificazione.py:380, Betfair/stream/tennis_live/certificazione_bot.py:639
_chiudi	3	3	36	0	0	0	3	0	3	Betfair/stream/frammenti_mercato.py:507, Betfair/stream/motore_ordini.py:217, Betfair/stream/scalper/atlante_a_domanda.py:409
_log	3	3	36	0	0	0	3	0	3	Betfair/safe_strategy/bot_service.py:10492, Betfair/safe_strategy/execution.py:2676, retrain_all_leagues.py:167
_ordini_in_sequenza	3	3	36	2	1	0	1	12	2	Betfair/stream/scalper/scalper_bot.py:3006, Betfair/stream/tennis_scalper/tennis_scalper_bot.py:2614, Betfair/stream/scalper/sniper_bot.py:1039
_p1	3	3	36	0	0	0	3	0	3	Betfair/safe_strategy/certificazione.py:875, Betfair/stream/scalper/certificazione.py:1227, Betfair/stream/tennis_live/certificazione_bot.py:1069
fetch_fixtures_for_date	3	3	36	0	0	0	3	0	3	Ai Engine/ai_engine/db_adapter.py:310, Prediction/today_predictions_backfill.py:503, daily_yesterday_backfill.py:49
_q	5	3	35	0	0	0	5	0	5	Betfair/safe_strategy/bot_db.py:274, Betfair/safe_strategy/bot_db.py:354, Betfair/safe_strategy/proposte_opportunita.py:724
_intero	4	4	35	2	1	0	2	11	3	Betfair/stream/motore_ordini.py:371, Betfair/stream/scalper/auto_mode.py:103, Betfair/stream/tennis_live/auto_mode.py:76
_s2	3	3	35	0	0	0	3	0	3	Betfair/mike/certificazione.py:1357, Betfair/safe_strategy/certificazione_tennis.py:1038, Betfair/stream/scalper/certificazione.py:826
sim_puro	3	3	35	0	0	0	3	0	3	report_mm.py:47, tmp_analysis.py:50, tmp_analysis2.py:84
stato_ordine	3	3	35	2	1	0	1	16	2	Betfair/stream/scalper/certificazione.py:215, Betfair/stream/tennis_live/certificazione_bot.py:200, Betfair/stream/tennis_scalper/condotta_ordini.py:651
_now_iso	17	17	34	17	16	0	0	32	1	Betfair/mike/db.py:52, Betfair/omega/omega_db.py:432, Betfair/order_worker.py:32
uscita_manuale_finita	4	4	34	0	0	0	4	0	4	Betfair/stream/tennis_scalper/tennis_flb_bot.py:688, Betfair/stream/tennis_scalper/tennis_pro_bot.py:1278, Betfair/stream/tennis_scalper/tennis_scalper_bot.py:1197
acceso	7	7	33	2	1	0	5	8	6	Betfair/omega/porta_ordini.py:68, Betfair/safe_strategy/porta_ordini.py:134, Betfair/stream/canale_bot.py:159
trades_for_event	4	4	33	0	0	0	4	0	4	Betfair/mike/db.py:210, Betfair/omega/omega_db.py:720, Betfair/safe_strategy/bot_db.py:204
_env_float	3	3	33	0	0	0	3	0	3	Betfair/stream/auto_follow.py:105, Betfair/stream/scores/scan_feed.py:52, Betfair/stream/watchdog.py:180
_find_betfair_bm	3	3	33	2	1	0	1	13	2	market_intelligence/calibration.py:52, market_intelligence/signals.py:51, market_intelligence/edge_scorer.py:108
_recent_move	3	3	33	3	2	0	0	22	1	Betfair/stream/scalper/scalper_bot.py:1763, Betfair/stream/tennis_scalper/tennis_scalper_bot.py:1767, laboratorio/scalper_lab/scalper_bot_base.py:1284
_registra	3	3	33	0	0	0	3	0	3	Betfair/stream/backtest/porta_banco.py:714, Betfair/stream/backtest/proposte_modello.py:974, Betfair/stream/live_order_worker.py:3420
_su_sveglia_dal_canale	3	3	33	2	1	0	1	13	2	Betfair/mike/service.py:6911, Betfair/omega/omega_service.py:8656, Betfair/stream/tennis_live/tennis_bot_service.py:299
risolvi	3	2	33	0	0	0	3	0	3	Betfair/stream/backtest/trasporto_rapido.py:398, Betfair/stream/backtest/trasporto_rapido.py:461, Betfair/stream/tennis_scalper/superficie.py:298
wom_imbalance	3	3	33	3	2	0	0	22	1	Betfair/stream/scalper/scalper_bot.py:265, Betfair/stream/tennis_scalper/tennis_scalper_bot.py:132, laboratorio/scalper_lab/scalper_bot_base.py:100
set_control	6	6	32	0	0	0	6	0	6	Betfair/mike/db.py:64, Betfair/omega/omega_db.py:55, Betfair/safe_strategy/bot_db.py:70
open_trades	4	4	32	0	0	0	4	0	4	Betfair/mike/db.py:196, Betfair/omega/omega_db.py:246, Betfair/safe_strategy/bot_db.py:164
_cancel_submins	4	4	31	3	2	0	1	16	2	Betfair/stream/scalper/scalper_bot.py:3019, Betfair/stream/tennis_scalper/tennis_scalper_bot.py:2627, laboratorio/scalper_lab/scalper_bot_base.py:1873
copre	4	3	31	2	1	0	2	2	3	Betfair/omega/omega_v3.py:162, Betfair/stream/scores/scan_feed.py:385, api_quota.py:312
_outcome	3	3	31	0	0	0	3	0	3	Prediction/predictions_results_backfill.py:145, market_intelligence/backtest.py:65, tactical_engine/run_worldcup.py:24
_page	3	3	31	0	0	0	3	0	3	Prediction/predictions_results_backfill.py:241, build_analytics_signals.py:331, merge_engine_signals.py:100
get	3	3	31	0	0	0	3	0	3	Betfair/stream/backtest/porta_banco.py:307, Betfair/stream/scalper/genera_atlante.py:590, Betfair/stream/scalper/validazione_hazard/produzione.py:59
revoke_live_order_request	3	3	31	0	0	0	3	0	3	Betfair/mike/db.py:682, Betfair/omega/omega_db.py:665, Betfair/safe_strategy/bot_db.py:1027
statistiche_sveglia	3	3	31	0	0	0	3	0	3	Betfair/mike/service.py:6973, Betfair/omega/omega_service.py:8707, Betfair/stream/tennis_live/tennis_bot_service.py:331
per_codice	6	6	30	6	5	0	0	25	1	Betfair/mike/certificazione.py:2080, Betfair/omega/certificazione.py:1866, Betfair/safe_strategy/certificazione.py:1975
_aggiungi	3	3	30	0	0	0	3	0	3	Betfair/safe_strategy/certificazione.py:1329, Betfair/stream/tennis_live/tennis_runner.py:2711, cloud_retrain_shard.py:113
_file_for	3	3	30	0	0	0	3	0	3	Betfair/stream/recorder.py:160, Betfair/stream/tennis_live/tennis_recorder.py:137, Betfair/stream/tennis_scalper/record_multi.py:59
fetch_scan_rows	3	3	30	0	0	0	3	0	3	Betfair/mike/db.py:553, Betfair/safe_strategy/bot_db.py:951, Betfair/stream/backtest/banco_comune.py:326
predict	4	3	29	0	0	0	4	0	4	Ai Engine/ai_engine/ensemble_trainer.py:127, Ai Engine/ai_engine/ensemble_trainer.py:967, Ai Engine/ai_engine/models/voting.py:19
_e1	3	3	29	0	0	0	3	0	3	Betfair/mike/certificazione.py:443, Betfair/omega/certificazione.py:732, Betfair/safe_strategy/certificazione.py:606
chiudi	3	3	29	0	0	0	3	0	3	Betfair/stream/auto_follow.py:438, Betfair/stream/backtest/varianti_bot.py:420, Betfair/stream/motore_ordini.py:226
update_trade	5	5	28	0	0	0	5	0	5	Betfair/mike/db.py:183, Betfair/omega/omega_db.py:83, Betfair/safe_strategy/bot_db.py:99
_slot	4	4	28	3	2	0	1	14	2	Betfair/stream/scalper/scalper_bot.py:760, Betfair/stream/tennis_scalper/tennis_scalper_bot.py:653, laboratorio/scalper_lab/scalper_bot_base.py:509
_attendi	3	3	28	0	0	0	3	0	3	Betfair/safe_strategy/service.py:3302, Betfair/stream/scalper/atlante_a_domanda.py:414, Betfair/stream/scalper/scalper_service.py:812
upsert_events	3	3	28	0	0	0	3	0	3	Betfair/mike/db.py:144, Betfair/omega/omega_db.py:300, Betfair/stream/backtest/banco_comune.py:293
riga	6	4	27	2	1	0	4	5	5	Betfair/safe_strategy/canale_scan.py:188, Betfair/stream/backtest/banco_comune.py:2792, Betfair/stream/backtest/trasporto_rapido.py:133
on_data	5	5	27	0	0	0	5	0	5	Betfair/safe_strategy/stream.py:152, Betfair/stream/frammenti_mercato.py:143, Betfair/stream/raw_listener.py:307
_size_direct_ok	4	4	27	2	1	0	2	5	3	Betfair/stream/scalper/scalper_bot.py:2960, Betfair/stream/scalper/sniper_bot.py:1066, Betfair/stream/tennis_scalper/tennis_scalper_bot.py:2584
_flow_sums	3	3	27	3	2	0	0	18	1	Betfair/stream/scalper/scalper_bot.py:1728, Betfair/stream/tennis_scalper/tennis_scalper_bot.py:1732, laboratorio/scalper_lab/scalper_bot_base.py:1249
_prefisso_uscite	5	5	26	0	0	0	5	0	5	Betfair/stream/scalper/scalper_bot.py:2175, Betfair/stream/scalper/sniper_bot.py:640, Betfair/stream/tennis_scalper/tennis_pro_bot.py:269
_val	5	5	26	0	0	0	5	0	5	Betfair/stream/engine/live_trading_strategy.py:65, Betfair/stream/live_order_worker.py:819, Betfair/stream/tempi_ordine.py:266
_dormi_o_sveglia	3	3	26	0	0	0	3	0	3	Betfair/mike/service.py:6988, Betfair/omega/omega_service.py:8724, Betfair/stream/tennis_live/tennis_bot_service.py:336
fixture_analysis	3	3	26	0	0	0	3	0	3	Betfair/mike/db.py:625, Betfair/omega/omega_db.py:756, Betfair/safe_strategy/bot_db.py:937
settled_orders	7	7	25	6	5	0	1	12	2	Betfair/stream/backtest/sim_strategy.py:148, Betfair/stream/scalper/scalper_bot.py:756, Betfair/stream/scalper/sniper_bot.py:221
_connetti_ws	4	4	25	2	1	0	2	6	3	Betfair/safe_strategy/porta_ordini.py:532, Betfair/stream/esiti_ordini_canale.py:226, Betfair/stream/tennis_live/canale_bot_tennis.py:104
_hook	3	1	25	0	0	0	3	0	3	Betfair/stream/motore_ordini.py:1426, Betfair/stream/motore_ordini.py:1490, Betfair/stream/motore_ordini.py:2308
ref_annullo	3	3	25	0	0	0	3	0	3	Betfair/mike/porta_ordini.py:56, Betfair/omega/porta_ordini.py:80, Betfair/safe_strategy/porta_ordini.py:204
_sink	4	4	24	0	0	0	4	0	4	Betfair/stream/tennis_live/tennis_runner.py:848, Betfair/stream/tennis_scalper/backtest_pro.py:98, Betfair/stream/tennis_scalper/run_tennis_pro.py:99
_to_int	4	4	24	2	1	0	2	7	3	Betfair/stream/scores/api_football.py:25, Betfair/stream/scores/betfair_inplay.py:27, Betfair/stream/tennis_scalper/tennis_score.py:29
delete_trade	3	3	24	0	0	0	3	0	3	Betfair/omega/omega_db.py:91, Betfair/safe_strategy/bot_db.py:107, Betfair/stream/esiti_ordini_canale.py:372
extract	3	3	24	0	0	0	3	0	3	report_mm.py:40, tmp_analysis.py:37, tmp_analysis2.py:35
normalizza	3	3	24	0	0	0	3	0	3	Betfair/safe_strategy/veto_campionati.py:115, Betfair/stream/modo_ordini.py:80, Betfair/stream/tennis_scalper/superficie.py:281
__str__	6	6	23	2	1	0	4	3	5	Betfair/mike/certificazione.py:54, Betfair/omega/certificazione.py:53, Betfair/safe_strategy/certificazione.py:115
_alert	4	4	23	0	0	0	4	0	4	Betfair/stream/daily_stop_worker.py:66, Betfair/stream/motore_ordini.py:2430, Betfair/stream/reconcile_worker.py:99
insert_trade	4	4	23	0	0	0	4	0	4	Betfair/mike/db.py:175, Betfair/omega/omega_db.py:75, Betfair/safe_strategy/bot_db.py:91
key	3	2	23	0	0	0	3	0	3	Betfair/omega/omega_model.py:1150, Betfair/omega/omega_model.py:1175, Betfair/stream/tennis_scalper/tennis_score.py:63
_side_min	4	4	22	2	1	0	2	5	3	Betfair/stream/scalper/scalper_bot.py:2950, Betfair/stream/scalper/sniper_bot.py:1060, Betfair/stream/tennis_scalper/tennis_scalper_bot.py:2578
get_live_order_request_by_ref	3	3	22	2	1	0	1	7	2	Betfair/mike/db.py:668, Betfair/omega/omega_db.py:643, Betfair/safe_strategy/bot_db.py:1009
_sleep_backoff	6	6	21	4	3	0	2	9	3	Prediction/predictions_results_backfill.py:102, build_analytics_signals.py:65, build_direzione.py:60
attiva	4	4	21	0	0	0	4	0	4	Betfair/stream/backtest/proposte_modello.py:410, Betfair/stream/backtest/varianti_bot.py:195, Betfair/stream/esiti_ordini_canale.py:605
bucket	3	3	21	0	0	0	3	0	3	_certify_direction.py:28, _league_eval.py:25, valida_motore_poisson.py:79
ref_ordine	3	3	21	0	0	0	3	0	3	Betfair/mike/porta_ordini.py:50, Betfair/omega/porta_ordini.py:73, Betfair/safe_strategy/porta_ordini.py:190
scanner_status	3	3	21	0	0	0	3	0	3	Betfair/mike/db.py:567, Betfair/safe_strategy/bot_db.py:969, Betfair/stream/backtest/banco_comune.py:329
sim_flat	3	3	21	0	0	0	3	0	3	report_mm.py:83, tmp_analysis.py:88, tmp_analysis2.py:106
_ora_ms	5	5	20	2	1	0	3	2	4	Betfair/safe_strategy/execution.py:64, Betfair/safe_strategy/porta_ordini.py:123, Betfair/stream/flusso_prezzi.py:135
_env_int	3	3	20	0	0	0	3	0	3	Betfair/safe_strategy/stream.py:85, Betfair/stream/frammenti_mercato.py:107, seasons_catchup.py:78
_leggi	3	3	20	0	0	0	3	0	3	Betfair/mike/service.py:3325, Betfair/omega/omega_service.py:4951, Betfair/safe_strategy/selezione.py:492
get_live_order_request	3	3	20	2	1	0	1	7	2	Betfair/mike/db.py:675, Betfair/omega/omega_db.py:655, Betfair/safe_strategy/bot_db.py:1018
keep_alive	3	3	20	0	0	0	3	0	3	Betfair/omega/omega_market.py:140, Betfair/stream/auth.py:83, Betfair/stream/client_paper_affiancato.py:49
predict_proba	3	2	20	0	0	0	3	0	3	Ai Engine/ai_engine/ensemble_trainer.py:124, Ai Engine/ai_engine/ensemble_trainer.py:951, Ai Engine/ai_engine/models/voting.py:15
_ora	5	5	19	0	0	0	5	0	5	Betfair/safe_strategy/service.py:617, Betfair/stream/ladder_canale.py:107, Betfair/stream/modo_ordini.py:144
svuota	5	5	19	2	1	0	3	2	4	Betfair/mike/service.py:412, Betfair/omega/omega_service.py:185, Betfair/stream/backtest/porta_banco.py:103
_pct	4	4	19	0	0	0	4	0	4	Betfair/safe_strategy/anomaly.py:133, Betfair/safe_strategy/combos.py:117, Betfair/safe_strategy/opportunity.py:1076
sgancia	3	3	19	0	0	0	3	0	3	Betfair/stream/auto_follow.py:614, Betfair/stream/motore_ordini.py:830, Betfair/stream/tennis_live/esecutore_tennis.py:417
wilson	3	3	19	0	0	0	3	0	3	_certify_direction.py:46, _certify_direction_report.py:211, certify_backtest_strategy.py:59
actionable	4	4	18	0	0	0	4	0	4	Betfair/stream/trading/dutching.py:53, Betfair/stream/trading/greenup.py:85, Betfair/stream/trading/hedging.py:56
_lato	3	3	18	0	0	0	3	0	3	Betfair/stream/backtest/trasporto_rapido.py:266, Betfair/stream/backtest/uscite_manuali.py:172, Betfair/stream/scalper/media_under_bot.py:498
_status_name	3	3	18	0	0	0	3	0	3	Betfair/stream/live_order_worker.py:826, Betfair/stream/tennis_live/tennis_live_order_worker.py:236, Betfair/stream/trading/submin.py:484
runner_heartbeat	3	3	18	2	1	0	1	6	2	Betfair/mike/db.py:656, Betfair/omega/omega_db.py:624, Betfair/safe_strategy/bot_db.py:995
_costruisci	3	3	17	0	0	0	3	0	3	Betfair/stream/runner.py:719, Betfair/stream/tennis_live/tennis_runner.py:1472, db_client.py:364
_numero	3	3	17	0	0	0	3	0	3	Betfair/safe_strategy/canale_scan.py:279, Betfair/safe_strategy/proposte_opportunita.py:478, Betfair/stream/scalper/media_under_bot.py:289
attendi_esito_bet	3	3	17	2	1	0	1	2	2	Betfair/mike/porta_ordini.py:157, Betfair/omega/porta_ordini.py:176, Betfair/safe_strategy/porta_ordini.py:722
live_follow_status	3	3	17	2	1	0	1	6	2	Betfair/mike/db.py:650, Betfair/omega/omega_db.py:615, Betfair/safe_strategy/bot_db.py:987
_conta	5	4	16	2	1	0	3	2	4	Betfair/stream/esiti_ordini_canale.py:163, Betfair/stream/esiti_ordini_canale.py:383, Betfair/stream/scalper/validazione_hazard/stati.py:34
_safe	5	5	16	2	1	0	3	2	4	Betfair/safe_strategy/db.py:465, Betfair/stream/watchdog.py:210, market_intelligence/audit.py:201
disponibile	5	4	16	2	1	0	3	5	4	Betfair/mike/porta_ordini.py:139, Betfair/omega/porta_ordini.py:156, Betfair/safe_strategy/porta_ordini.py:522
_cancel	4	4	16	3	2	0	1	6	2	Betfair/stream/tennis_scalper/tennis_flb_bot.py:270, Betfair/stream/tennis_scalper/tennis_pro_bot.py:550, Betfair/stream/tennis_scalper/tennis_swing_bot.py:337
_sid	3	3	16	0	0	0	3	0	3	Betfair/stream/scalper/sniper_bot.py:1052, laboratorio/scalper_lab/grid_strategy.py:357, laboratorio/scalper_lab/theta_strategy.py:354
_v	3	3	16	0	0	0	3	0	3	Betfair/omega/omega_service.py:7866, Betfair/safe_strategy/bot_service.py:6677, Betfair/stream/riserva_prezzi.py:79
build	3	2	16	0	0	0	3	0	3	Betfair/omega/omega_db.py:146, Betfair/omega/omega_db.py:205, build_direzione.py:187
get_trade	3	3	16	0	0	0	3	0	3	Betfair/mike/db.py:191, Betfair/omega/omega_db.py:250, Betfair/safe_strategy/bot_db.py:120
parse_scoreline	3	3	16	0	0	0	3	0	3	Betfair/omega/omega_engine.py:95, Betfair/omega/omega_v3.py:126, Betfair/safe_strategy/engine.py:164
pop_requests	3	3	16	0	0	0	3	0	3	Betfair/stream/backtest/porta_banco.py:235, Betfair/stream/local_channel.py:673, Betfair/stream/tennis_live/esecutore_tennis.py:306
pulita	6	6	15	5	4	0	1	8	2	Betfair/mike/certificazione.py:2077, Betfair/omega/certificazione.py:1863, Betfair/safe_strategy/certificazione.py:1972
_r	4	3	15	0	0	0	4	0	4	Betfair/stream/scalper/atlante_v4.py:518, Betfair/stream/scalper/atlante_v4.py:308, Betfair/stream/scalper/genera_atlante.py:305
read_control	4	4	15	0	0	0	4	0	4	Betfair/mike/db.py:59, Betfair/omega/omega_db.py:49, Betfair/safe_strategy/bot_db.py:62
_get	3	3	15	0	0	0	3	0	3	Betfair/stream/scalper/hazard_atlas_sync.py:44, valida_motore_poisson.py:46, ventaglio_segnali.py:58
_n	3	3	15	0	0	0	3	0	3	Betfair/omega/omega_engine.py:1217, Betfair/omega/omega_service.py:7943, Betfair/safe_strategy/proposte_opportunita.py:366
enqueue_live_order	3	3	15	3	2	0	0	11	1	Betfair/mike/db.py:662, Betfair/omega/omega_db.py:634, Betfair/safe_strategy/bot_db.py:1003
round_to_tick	3	3	15	0	0	0	3	0	3	Betfair/omega/omega_engine.py:70, Betfair/order_exec.py:115, Betfair/stream/live_order_build.py:146
_vivo	5	5	14	0	0	0	5	0	5	Betfair/safe_strategy/certificazione_k.py:222, Betfair/stream/backtest/banco_comune.py:984, Betfair/stream/frammenti_mercato.py:577
stop	4	3	14	0	0	0	4	0	4	Betfair/safe_strategy/service.py:3272, Betfair/safe_strategy/stream.py:218, Betfair/safe_strategy/stream.py:565
_a1	3	3	14	0	0	0	3	0	3	Betfair/mike/certificazione.py:126, Betfair/omega/certificazione.py:283, Betfair/safe_strategy/certificazione_tennis.py:1056
brier	3	3	14	0	0	0	3	0	3	Betfair/safe_strategy/calibration.py:134, _league_eval.py:32, _stack_eval.py:28
porta_esistente	3	3	14	2	1	0	1	5	2	Betfair/mike/porta_ordini.py:196, Betfair/omega/porta_ordini.py:220, Betfair/safe_strategy/porta_ordini.py:770
counts	4	4	13	3	2	0	1	6	2	Betfair/omega/omega_empirical.py:101, Betfair/stream/recorder.py:176, Betfair/stream/tennis_live/tennis_recorder.py:294
win	4	1	13	0	0	0	4	0	4	Betfair/safe_strategy/combos.py:123, Betfair/safe_strategy/combos.py:129, Betfair/safe_strategy/combos.py:135
_poisson_pmf	3	3	13	0	0	0	3	0	3	Betfair/omega/omega_advisor.py:86, Betfair/omega/omega_v3.py:310, Betfair/stream/engine/live_engine.py:20
add_row	3	2	13	0	0	0	3	0	3	Betfair/money_management.py:1613, Betfair/money_management.py:2705, aggiorna_mm_sheets.py:322
replace	3	2	13	0	0	0	3	0	3	Betfair/stream/live_order_worker.py:2949, Betfair/stream/trading/submin.py:162, Betfair/stream/trading/submin.py:247
_long_drift	3	3	12	3	2	0	0	8	1	Betfair/stream/scalper/scalper_bot.py:1738, Betfair/stream/tennis_scalper/tennis_scalper_bot.py:1742, laboratorio/scalper_lab/scalper_bot_base.py:1259
binom_cdf	3	3	12	2	1	0	1	4	2	report_mm.py:17, tmp_analysis.py:10, tmp_analysis2.py:9
get_event	3	3	12	0	0	0	3	0	3	Betfair/mike/db.py:116, Betfair/omega/omega_db.py:485, Betfair/safe_strategy/bot_db.py:917
margine	3	1	12	0	0	0	3	0	3	api_quota.py:65, api_quota.py:297, api_quota.py:338
_sb	4	4	11	3	2	0	1	4	2	Betfair/mike/db.py:48, Betfair/omega/omega_db.py:42, Betfair/safe_strategy/bot_db.py:51
healthcheck	4	4	11	0	0	0	4	0	4	Betfair/stream/scores/api_football.py:88, Betfair/stream/scores/base.py:55, Betfair/stream/scores/betfair_inplay.py:195
_norm	3	3	11	0	0	0	3	0	3	Betfair/stream/tennis_scalper/tennis_pro_bot.py:78, Betfair/stream/tennis_scalper/tennis_serve_data.py:27, Betfair/stream/trading/risk_engine.py:126
_size	3	3	11	2	1	0	1	3	2	Betfair/safe_strategy/anomaly.py:85, Betfair/safe_strategy/combos.py:93, Betfair/stream/backtest/minimi_banco.py:125
find_matches	3	3	11	2	1	0	1	4	2	Betfair/stream/tennis_scalper/flb_backtest.py:73, laboratorio/tennis_lab/lab_grid.py:181, laboratorio/tennis_lab/lab_grid_score.py:214
pending_requests	3	3	11	0	0	0	3	0	3	Betfair/mike/db.py:462, Betfair/safe_strategy/bot_db.py:604, Betfair/stream/backtest/banco_comune.py:332
esiti	5	4	10	2	1	0	3	2	4	Betfair/mike/porta_ordini.py:154, Betfair/omega/porta_ordini.py:173, Betfair/safe_strategy/porta_ordini.py:528
cancel	3	2	10	0	0	0	3	0	3	Betfair/stream/live_order_worker.py:2946, Betfair/stream/trading/submin.py:157, Betfair/stream/trading/submin.py:242
_ids	3	3	9	2	1	0	1	2	2	Betfair/stream/backtest/uscite_manuali.py:243, Betfair/stream/scalper/certificazione.py:287, Betfair/stream/tennis_live/certificazione_bot.py:461
_ora_iso	3	3	9	0	0	0	3	0	3	Betfair/safe_strategy/service.py:625, Betfair/stream/auto_follow.py:452, Betfair/stream/motore_ordini.py:176
_is_limit	4	4	8	3	2	0	1	4	2	Betfair/odds_refresh.py:52, Betfair/order_exec.py:57, betfair_tennis_odds.py:44
_net	4	4	8	2	1	0	2	2	3	Betfair/mike/engine.py:962, Betfair/stream/tennis_scalper/tennis_flb_bot.py:185, laboratorio/tennis_lab/tennis_lab.py:123
url	4	4	8	0	0	0	4	0	4	Betfair/safe_strategy/porta_ordini.py:578, Betfair/stream/esiti_ordini_canale.py:261, Betfair/stream/sveglia_canale.py:290
_sollecita	3	3	8	0	0	0	3	0	3	Betfair/stream/backtest/chiusura_parziale.py:820, Betfair/stream/backtest/proposte_modello.py:994, Betfair/stream/backtest/uscite_manuali.py:230
_tempi_on	3	3	8	3	2	0	0	5	1	Betfair/stream/engine/live_trading_strategy.py:40, Betfair/stream/live_order_worker.py:57, Betfair/stream/tennis_live/tennis_live_order_worker.py:38
ora	3	3	8	0	0	0	3	0	3	Betfair/stream/backtest/banco_comune.py:2604, Betfair/stream/backtest/trasporto_rapido.py:212, Betfair/stream/tempi_ordine.py:93
pct	3	3	8	0	0	0	3	0	3	tactical_engine/report.py:11, valida_motore_poisson.py:134, valida_ventaglio.py:131
_line_key	3	3	7	3	2	0	0	5	1	Betfair/safe_strategy/anomaly.py:97, Betfair/safe_strategy/combos.py:105, Betfair/safe_strategy/opportunity.py:310
adesso	3	3	7	0	0	0	3	0	3	Betfair/stream/backtest/banco_comune.py:2618, Betfair/stream/backtest/proposte_modello.py:402, season_aggregates.py:280
__repr__	3	3	6	0	0	0	3	0	3	Betfair/stream/backtest/banco_comune.py:426, Betfair/stream/backtest/porta_banco.py:127, Betfair/stream/scalper/certificazione.py:1015
_iso	3	3	6	0	0	0	3	0	3	Betfair/mike/service.py:309, Betfair/stream/backtest/proposte_modello.py:265, Betfair/stream/scalper/atlante_a_domanda.py:91
_now	3	3	6	3	2	0	0	4	1	Betfair/mike/service.py:305, Betfair/omega/omega_service.py:41, Betfair/safe_strategy/bot_service.py:312
_q_ordini	3	3	6	0	0	0	3	0	3	Betfair/safe_strategy/certificazione_k.py:244, Betfair/stream/scalper/certificazione.py:407, Betfair/stream/tennis_live/certificazione_bot.py:477
_q_rifiuti	3	3	6	0	0	0	3	0	3	Betfair/safe_strategy/certificazione_k.py:240, Betfair/stream/scalper/certificazione.py:435, Betfair/stream/tennis_live/certificazione_bot.py:481
attivita_di	3	3	6	2	1	0	1	2	2	Betfair/safe_strategy/certificazione_tennis.py:128, Betfair/stream/scalper/certificazione.py:178, Betfair/stream/tennis_live/certificazione_bot.py:166
empty	3	2	6	0	0	0	3	0	3	Betfair/omega/omega_empirical.py:98, Betfair/omega/omega_empirical.py:199, Betfair/safe_strategy/calibration.py:331
kinds	3	3	6	0	0	0	3	0	3	Betfair/safe_strategy/certificazione_tennis.py:125, Betfair/stream/backtest/banco_comune.py:322, Betfair/stream/tennis_live/certificazione_bot.py:163
ok	3	3	6	0	0	0	3	0	3	Betfair/safe_strategy/execution.py:292, Betfair/stream/backtest/proposte_modello.py:832, Betfair/stream/backtest/trasporto_rapido.py:130
percorso	3	3	6	0	0	0	3	0	3	Betfair/stream/arresto_ordinato.py:46, Betfair/stream/motore_ordini.py:195, Betfair/stream/valuta.py:146
regola	3	3	6	2	1	0	1	2	2	Betfair/stream/backtest/chiusura_parziale.py:121, Betfair/stream/backtest/proposte_modello.py:218, Betfair/stream/backtest/uscite_manuali.py:156
