da	a	coppie_file
Betfair/stream/tennis_live	Betfair/stream/*.py	56
Betfair/safe_strategy	Betfair/stream/*.py	35
Betfair/stream/scalper	Betfair/stream/*.py	22
Betfair/stream/*.py	Betfair/stream/trading	21
Betfair/stream/backtest	Betfair/stream/*.py	20
Betfair/safe_strategy	Betfair/omega	17
Betfair/mike	Betfair/stream/*.py	16
Betfair/stream/tennis_live	Betfair/stream/tennis_scalper	16
Betfair/stream/backtest	Betfair/safe_strategy	15
Betfair/stream/tennis_scalper	Betfair/stream/*.py	15
<radice>	Ai Engine	15
Betfair/omega	Betfair/stream/*.py	14
Betfair/stream/*.py	<radice>	13
Betfair/omega	Betfair/safe_strategy	12
<radice>	Betfair/*.py	11
Betfair/mike	Betfair/safe_strategy	10
Betfair/stream/backtest	Betfair/omega	10
Betfair/stream/scalper	Betfair/stream/trading	10
Betfair/*.py	<radice>	9
Betfair/mike	Betfair/stream/trading	9
Betfair/safe_strategy	Betfair/stream/trading	9
Betfair/stream/backtest	Betfair/stream/tennis_live	9
Betfair/stream/tennis_scalper	Betfair/stream/trading	9
Betfair/stream/tennis_live	Betfair/stream/trading	8
Betfair/mike	Betfair/omega	7
Betfair/stream/*.py	Betfair/stream/scores	7
Prediction	<radice>	7
market_intelligence	<radice>	7
Betfair/omega	Betfair/stream/trading	6
Betfair/safe_strategy	Betfair/stream/tennis_scalper	6
Betfair/safe_strategy	Betfair/stream/scalper	6
tactical_engine	<radice>	6
Betfair/stream/backtest	Betfair/stream/trading	5
Betfair/stream/engine	Betfair/stream/*.py	5
Betfair/stream/tennis_replay	Betfair/stream/*.py	5
laboratorio	Betfair/stream/tennis_scalper	5
Ai Engine	<radice>	4
Betfair/omega	Betfair/stream/scores	4
Betfair/safe_strategy	<radice>	4
Betfair/stream/backtest	Betfair/stream/engine	4
Betfair/stream/*.py	Betfair/*.py	4
<radice>	Prediction	3
Betfair/mike	Betfair/stream/scalper	3
Betfair/omega	Betfair/*.py	3
Betfair/omega	Betfair/stream/engine	3
Betfair/omega	value_engine	3
Betfair/stream/engine	value_engine	3
Betfair/stream/*.py	Betfair/stream/engine	3
Betfair/stream/trading	Betfair/stream/*.py	3
football_data_scraper	<radice>	3
laboratorio	Betfair/stream/scalper	3
sql	<radice>	3
Betfair/*.py	Ai Engine	2
Betfair/mike	<radice>	2
Betfair/mike	Betfair/stream/scores	2
Betfair/safe_strategy	Betfair/*.py	2
Betfair/safe_strategy	Betfair/stream/engine	2
Betfair/stream/backtest	Betfair/mike	2
Betfair/stream/*.py	Betfair/safe_strategy	2
Betfair/stream/scalper	Betfair/stream/tennis_live	2
Betfair/stream/scalper	Betfair/stream/backtest	2
Betfair/stream/scalper	<radice>	2
Betfair/stream/scalper	Betfair/safe_strategy	2
Betfair/stream/scalper	Betfair/stream/engine	2
Betfair/stream/scores	<radice>	2
Betfair/stream/scores	Betfair/safe_strategy	2
Betfair/stream/tennis_live	Betfair/stream/tennis_replay	2
Betfair/stream/tennis_live	Betfair/stream/scores	2
Betfair/stream/tennis_replay	<radice>	2
<radice>	Betfair/stream/*.py	2
laboratorio	Betfair/stream/*.py	2
Ai Engine	market_intelligence	1
Betfair/*.py	migrations	1
Betfair/mike	Betfair/stream/engine	1
Betfair/omega	Betfair/stream/scalper	1
Betfair/omega	<radice>	1
Betfair/*.py	Betfair/stream/*.py	1
Betfair/*.py	Betfair/stream/trading	1
Betfair/safe_strategy	value_engine	1
Betfair/safe_strategy	Betfair/stream/scores	1
Betfair/stream/backtest	Betfair/stream/tennis_replay	1
Betfair/stream/engine	tactical_engine	1
Betfair/stream/scores	Betfair/stream/*.py	1
Betfair/stream/tennis_live	<radice>	1
Betfair/stream/tennis_replay	Betfair/stream/tennis_live	1
Betfair/stream/tennis_replay	Betfair/stream/tennis_scalper	1
Betfair/stream/trading	<radice>	1
Prediction	Ai Engine	1
Prediction	tactical_engine	1
laboratorio	Betfair/stream/trading	1
migrations	Betfair/*.py	1
migrations	<radice>	1
value_engine	<radice>	1
